$MeshFormat
2.2 0 8
$EndMeshFormat
$PhysicalNames
6
1 2 "Boundary"
1 3 "Periodic_x_a"
1 4 "Periodic_x_b"
1 5 "Periodic_y_a"
1 6 "Periodic_y_b"
2 1 "Bulk"
$EndPhysicalNames
$Nodes
5217
1 50 50 0
2 50 -50 0
3 -50 -50 0
4 -50 50 0
5 -15 45 0
6 -25 45 0
7 -25 35 0
8 -15 35 0
9 45 35 0
10 45 45 0
11 35 45 0
12 35 35 0
13 15 15 0
14 25 15 0
15 25 25 0
16 15 25 0
17 35 25 0
18 35 15 0
19 45 15 0
20 45 25 0
21 -35 5 0
22 -45 5 0
23 -45 -5 0
24 -35 -5 0
25 -15 -5 0
26 -15 5 0
27 -25 5 0
28 -25 -5 0
29 -5 -5 0
30 5 -5 0
31 5 5 0
32 -5 5 0
33 15 5 0
34 15 -5 0
35 25 -5 0
36 25 5 0
37 -35 -15 0
38 -45 -15 0
39 -45 -25 0
40 -35 -25 0
41 5 -25 0
42 5 -15 0
43 -5 -15 0
44 -5 -25 0
45 15 -25 0
46 25 -25 0
47 25 -15 0
48 15 -15 0
49 35 -15 0
50 35 -25 0
51 45 -25 0
52 45 -15 0
53 -15 -35 0
54 -25 -35 0
55 -25 -45 0
56 -15 -45 0
57 5 -45 0
58 5 -35 0
59 -5 -35 0
60 -5 -45 0
61 50 48.50746268656969 0
62 50 47.01492537313938 0
63 50 45.52238805970907 0
64 50 44.02985074627877 0
65 50 42.53731343284846 0
66 50 41.04477611941815 0
67 50 39.55223880598784 0
68 50 38.05970149255793 0
69 50 36.56716417913385 0
70 50 35.07462686571415 0
71 50 33.58208955229445 0
72 50 32.08955223887475 0
73 50 30.59701492545134 0
74 50 29.10447761202633 0
75 50 27.61194029860133 0
76 50 26.11940298517632 0
77 50 24.62686567175131 0
78 50 23.1343283583263 0
79 50 21.64179104490129 0
80 50 20.14925373147627 0
81 50 18.6567164180511 0
82 50 17.16417910462201 0
83 50 15.67164179119171 0
84 50 14.1791044777614 0
85 50 12.68656716433109 0
86 50 11.19402985090079 0
87 50 9.701492537470486 0
88 50 8.208955224040182 0
89 50 6.716417910609877 0
90 50 5.223880597179573 0
91 50 3.731343283749268 0
92 50 2.238805970318964 0
93 50 0.7462686568886525 0
94 50 -0.7462686565416519 0
95 50 -2.238805969971956 0
96 50 -3.731343283402254 0
97 50 -5.223880596832565 0
98 50 -6.716417910262876 0
99 50 -8.208955223693174 0
100 50 -9.701492537123478 0
101 50 -11.19402985055379 0
102 50 -12.68656716398409 0
103 50 -14.17910447741801 0
104 50 -15.67164179085891 0
105 50 -17.16417910429982 0
106 50 -18.65671641774075 0
107 50 -20.14925373118166 0
108 50 -21.64179104462258 0
109 50 -23.1343283580635 0
110 50 -24.6268656715044 0
111 50 -26.11940298494531 0
112 50 -27.61194029838624 0
113 50 -29.10447761182715 0
114 50 -30.59701492526806 0
115 50 -32.08955223870898 0
116 50 -33.58208955214988 0
117 50 -35.0746268655908 0
118 50 -36.56716417903172 0
119 50 -38.05970149247263 0
120 50 -39.55223880591355 0
121 50 -41.04477611935445 0
122 50 -42.53731343279537 0
123 50 -44.02985074623629 0
124 50 -45.5223880596772 0
125 50 -47.01492537311813 0
126 50 -48.50746268655907 0
127 48.50746268655907 -50 0
128 47.01492537311813 -50 0
129 45.5223880596772 -50 0
130 44.02985074623628 -50 0
131 42.53731343279537 -50 0
132 41.04477611935445 -50 0
133 39.55223880591355 -50 0
134 38.05970149247263 -50 0
135 36.56716417903172 -50 0
136 35.0746268655908 -50 0
137 33.58208955214988 -50 0
138 32.08955223870898 -50 0
139 30.59701492526806 -50 0
140 29.10447761182715 -50 0
141 27.61194029838624 -50 0
142 26.11940298494532 -50 0
143 24.6268656715044 -50 0
144 23.1343283580635 -50 0
145 21.64179104462258 -50 0
146 20.14925373118166 -50 0
147 18.65671641774075 -50 0
148 17.16417910429983 -50 0
149 15.67164179085891 -50 0
150 14.179104477418 -50 0
151 12.68656716398409 -50 0
152 11.19402985055379 -50 0
153 9.701492537123478 -50 0
154 8.208955223693174 -50 0
155 6.716417910262876 -50 0
156 5.223880596832565 -50 0
157 3.731343283402254 -50 0
158 2.238805969971956 -50 0
159 0.7462686565416519 -50 0
160 -0.7462686568886454 -50 0
161 -2.238805970318957 -50 0
162 -3.731343283749268 -50 0
163 -5.223880597179573 -50 0
164 -6.716417910609884 -50 0
165 -8.208955224040182 -50 0
166 -9.701492537470479 -50 0
167 -11.19402985090079 -50 0
168 -12.68656716433109 -50 0
169 -14.1791044777614 -50 0
170 -15.67164179119172 -50 0
171 -17.16417910462202 -50 0
172 -18.6567164180511 -50 0
173 -20.14925373147626 -50 0
174 -21.6417910449013 -50 0
175 -23.1343283583263 -50 0
176 -24.6268656717513 -50 0
177 -26.11940298517632 -50 0
178 -27.61194029860133 -50 0
179 -29.10447761202633 -50 0
180 -30.59701492545133 -50 0
181 -32.08955223887475 -50 0
182 -33.58208955229445 -50 0
183 -35.07462686571415 -50 0
184 -36.56716417913385 -50 0
185 -38.05970149255793 -50 0
186 -39.55223880598784 -50 0
187 -41.04477611941815 -50 0
188 -42.53731343284845 -50 0
189 -44.02985074627877 -50 0
190 -45.52238805970907 -50 0
191 -47.01492537313938 -50 0
192 -48.5074626865697 -50 0
193 -50 -48.50746268655907 0
194 -50 -47.01492537311813 0
195 -50 -45.5223880596772 0
196 -50 -44.02985074623628 0
197 -50 -42.53731343279537 0
198 -50 -41.04477611935445 0
199 -50 -39.55223880591355 0
200 -50 -38.05970149247263 0
201 -50 -36.56716417903172 0
202 -50 -35.0746268655908 0
203 -50 -33.58208955214988 0
204 -50 -32.08955223870898 0
205 -50 -30.59701492526806 0
206 -50 -29.10447761182715 0
207 -50 -27.61194029838624 0
208 -50 -26.11940298494532 0
209 -50 -24.6268656715044 0
210 -50 -23.1343283580635 0
211 -50 -21.64179104462258 0
212 -50 -20.14925373118166 0
213 -50 -18.65671641774075 0
214 -50 -17.16417910429983 0
215 -50 -15.67164179085891 0
216 -50 -14.179104477418 0
217 -50 -12.68656716398409 0
218 -50 -11.19402985055379 0
219 -50 -9.701492537123478 0
220 -50 -8.208955223693174 0
221 -50 -6.716417910262876 0
222 -50 -5.223880596832565 0
223 -50 -3.731343283402254 0
224 -50 -2.238805969971956 0
225 -50 -0.7462686565416519 0
226 -50 0.7462686568886454 0
227 -50 2.238805970318957 0
228 -50 3.731343283749268 0
229 -50 5.223880597179573 0
230 -50 6.716417910609884 0
231 -50 8.208955224040182 0
232 -50 9.701492537470479 0
233 -50 11.19402985090079 0
234 -50 12.68656716433109 0
235 -50 14.1791044777614 0
236 -50 15.67164179119172 0
237 -50 17.16417910462202 0
238 -50 18.6567164180511 0
239 -50 20.14925373147626 0
240 -50 21.6417910449013 0
241 -50 23.1343283583263 0
242 -50 24.6268656717513 0
243 -50 26.11940298517632 0
244 -50 27.61194029860133 0
245 -50 29.10447761202633 0
246 -50 30.59701492545133 0
247 -50 32.08955223887475 0
248 -50 33.58208955229445 0
249 -50 35.07462686571415 0
250 -50 36.56716417913385 0
251 -50 38.05970149255793 0
252 -50 39.55223880598784 0
253 -50 41.04477611941815 0
254 -50 42.53731343284845 0
255 -50 44.02985074627877 0
256 -50 45.52238805970907 0
257 -50 47.01492537313938 0
258 -50 48.5074626865697 0
259 -48.50746268656969 50 0
260 -47.01492537313938 50 0
261 -45.52238805970907 50 0
262 -44.02985074627877 50 0
263 -42.53731343284846 50 0
264 -41.04477611941815 50 0
265 -39.55223880598784 50 0
266 -38.05970149255793 50 0
267 -36.56716417913385 50 0
268 -35.07462686571415 50 0
269 -33.58208955229445 50 0
270 -32.08955223887475 50 0
271 -30.59701492545134 50 0
272 -29.10447761202633 50 0
273 -27.61194029860133 50 0
274 -26.11940298517632 50 0
275 -24.62686567175131 50 0
276 -23.1343283583263 50 0
277 -21.64179104490129 50 0
278 -20.14925373147627 50 0
279 -18.6567164180511 50 0
280 -17.16417910462201 50 0
281 -15.67164179119171 50 0
282 -14.1791044777614 50 0
283 -12.68656716433109 50 0
284 -11.19402985090079 50 0
285 -9.701492537470486 50 0
286 -8.208955224040182 50 0
287 -6.716417910609877 50 0
288 -5.223880597179573 50 0
289 -3.731343283749268 50 0
290 -2.238805970318964 50 0
291 -0.7462686568886525 50 0
292 0.7462686565416519 50 0
293 2.238805969971956 50 0
294 3.731343283402254 50 0
295 5.223880596832565 50 0
296 6.716417910262876 50 0
297 8.208955223693174 50 0
298 9.701492537123478 50 0
299 11.19402985055379 50 0
300 12.68656716398409 50 0
301 14.17910447741801 50 0
302 15.67164179085891 50 0
303 17.16417910429982 50 0
304 18.65671641774075 50 0
305 20.14925373118166 50 0
306 21.64179104462258 50 0
307 23.1343283580635 50 0
308 24.6268656715044 50 0
309 26.11940298494531 50 0
310 27.61194029838624 50 0
311 29.10447761182715 50 0
312 30.59701492526806 50 0
313 32.08955223870898 50 0
314 33.58208955214988 50 0
315 35.0746268655908 50 0
316 36.56716417903172 50 0
317 38.05970149247263 50 0
318 39.55223880591355 50 0
319 41.04477611935445 50 0
320 42.53731343279537 50 0
321 44.02985074623629 50 0
322 45.5223880596772 50 0
323 47.01492537311813 50 0
324 48.50746268655907 50 0
325 -16.42857142857143 45 0
326 -17.85714285714286 45 0
327 -19.2857142857143 45 0
328 -20.71428571428573 45 0
329 -22.14285714285715 45 0
330 -23.57142857142858 45 0
331 -25 43.57142857142857 0
332 -25 42.14285714285715 0
333 -25 40.71428571428572 0
334 -25 39.28571428571428 0
335 -25 37.85714285714285 0
336 -25 36.42857142857143 0
337 -23.57142857142857 35 0
338 -22.14285714285714 35 0
339 -20.7142857142857 35 0
340 -19.28571428571427 35 0
341 -17.85714285714285 35 0
342 -16.42857142857142 35 0
343 -15 36.42857142857143 0
344 -15 37.85714285714285 0
345 -15 39.28571428571428 0
346 -15 40.71428571428572 0
347 -15 42.14285714285715 0
348 -15 43.57142857142857 0
349 45 36.42857142857143 0
350 45 37.85714285714285 0
351 45 39.28571428571428 0
352 45 40.71428571428572 0
353 45 42.14285714285715 0
354 45 43.57142857142857 0
355 43.57142857142857 45 0
356 42.14285714285715 45 0
357 40.71428571428572 45 0
358 39.28571428571428 45 0
359 37.85714285714285 45 0
360 36.42857142857143 45 0
361 35 43.57142857142857 0
362 35 42.14285714285715 0
363 35 40.71428571428572 0
364 35 39.28571428571428 0
365 35 37.85714285714285 0
366 35 36.42857142857143 0
367 36.42857142857143 35 0
368 37.85714285714285 35 0
369 39.28571428571428 35 0
370 40.71428571428572 35 0
371 42.14285714285715 35 0
372 43.57142857142857 35 0
373 16.42857142857143 15 0
374 17.85714285714286 15 0
375 19.2857142857143 15 0
376 20.71428571428573 15 0
377 22.14285714285715 15 0
378 23.57142857142858 15 0
379 25 16.42857142857143 0
380 25 17.85714285714286 0
381 25 19.2857142857143 0
382 25 20.71428571428573 0
383 25 22.14285714285715 0
384 25 23.57142857142858 0
385 23.57142857142857 25 0
386 22.14285714285714 25 0
387 20.7142857142857 25 0
388 19.28571428571427 25 0
389 17.85714285714285 25 0
390 16.42857142857142 25 0
391 15 23.57142857142857 0
392 15 22.14285714285714 0
393 15 20.7142857142857 0
394 15 19.28571428571427 0
395 15 17.85714285714285 0
396 15 16.42857142857142 0
397 35 23.57142857142857 0
398 35 22.14285714285714 0
399 35 20.7142857142857 0
400 35 19.28571428571427 0
401 35 17.85714285714285 0
402 35 16.42857142857142 0
403 36.42857142857143 15 0
404 37.85714285714285 15 0
405 39.28571428571428 15 0
406 40.71428571428572 15 0
407 42.14285714285715 15 0
408 43.57142857142857 15 0
409 45 16.42857142857143 0
410 45 17.85714285714286 0
411 45 19.2857142857143 0
412 45 20.71428571428573 0
413 45 22.14285714285715 0
414 45 23.57142857142858 0
415 43.57142857142857 25 0
416 42.14285714285715 25 0
417 40.71428571428572 25 0
418 39.28571428571428 25 0
419 37.85714285714285 25 0
420 36.42857142857143 25 0
421 -36.42857142857143 5 0
422 -37.85714285714285 5 0
423 -39.28571428571428 5 0
424 -40.71428571428572 5 0
425 -42.14285714285715 5 0
426 -43.57142857142857 5 0
427 -45 3.571428571427603 0
428 -45 2.142857142860755 0
429 -45 0.7142857142927426 0
430 -45 -0.714285714280452 0
431 -45 -2.142857142853636 0
432 -45 -3.571428571426818 0
433 -43.57142857142857 -5 0
434 -42.14285714285715 -5 0
435 -40.71428571428572 -5 0
436 -39.28571428571428 -5 0
437 -37.85714285714285 -5 0
438 -36.42857142857143 -5 0
439 -35 -3.571428571427603 0
440 -35 -2.142857142860755 0
441 -35 -0.7142857142927426 0
442 -35 0.714285714280452 0
443 -35 2.142857142853636 0
444 -35 3.571428571426818 0
445 -15 -3.571428571427603 0
446 -15 -2.142857142860755 0
447 -15 -0.7142857142927426 0
448 -15 0.714285714280452 0
449 -15 2.142857142853636 0
450 -15 3.571428571426818 0
451 -16.42857142857143 5 0
452 -17.85714285714286 5 0
453 -19.2857142857143 5 0
454 -20.71428571428573 5 0
455 -22.14285714285715 5 0
456 -23.57142857142858 5 0
457 -25 3.571428571427603 0
458 -25 2.142857142860755 0
459 -25 0.7142857142927426 0
460 -25 -0.714285714280452 0
461 -25 -2.142857142853636 0
462 -25 -3.571428571426818 0
463 -23.57142857142857 -5 0
464 -22.14285714285714 -5 0
465 -20.7142857142857 -5 0
466 -19.28571428571427 -5 0
467 -17.85714285714285 -5 0
468 -16.42857142857142 -5 0
469 -3.571428571427603 -5 0
470 -2.142857142860755 -5 0
471 -0.7142857142927426 -5 0
472 0.714285714280452 -5 0
473 2.142857142853636 -5 0
474 3.571428571426818 -5 0
475 5 -3.571428571427603 0
476 5 -2.142857142860755 0
477 5 -0.7142857142927426 0
478 5 0.714285714280452 0
479 5 2.142857142853636 0
480 5 3.571428571426818 0
481 3.571428571427603 5 0
482 2.142857142860755 5 0
483 0.7142857142927426 5 0
484 -0.714285714280452 5 0
485 -2.142857142853636 5 0
486 -3.571428571426818 5 0
487 -5 3.571428571427603 0
488 -5 2.142857142860755 0
489 -5 0.7142857142927426 0
490 -5 -0.714285714280452 0
491 -5 -2.142857142853636 0
492 -5 -3.571428571426818 0
493 15 3.571428571427603 0
494 15 2.142857142860755 0
495 15 0.7142857142927426 0
496 15 -0.714285714280452 0
497 15 -2.142857142853636 0
498 15 -3.571428571426818 0
499 16.42857142857143 -5 0
500 17.85714285714286 -5 0
501 19.2857142857143 -5 0
502 20.71428571428573 -5 0
503 22.14285714285715 -5 0
504 23.57142857142858 -5 0
505 25 -3.571428571427603 0
506 25 -2.142857142860755 0
507 25 -0.7142857142927426 0
508 25 0.714285714280452 0
509 25 2.142857142853636 0
510 25 3.571428571426818 0
511 23.57142857142857 5 0
512 22.14285714285714 5 0
513 20.7142857142857 5 0
514 19.28571428571427 5 0
515 17.85714285714285 5 0
516 16.42857142857142 5 0
517 -36.42857142857143 -15 0
518 -37.85714285714285 -15 0
519 -39.28571428571428 -15 0
520 -40.71428571428572 -15 0
521 -42.14285714285715 -15 0
522 -43.57142857142857 -15 0
523 -45 -16.42857142857143 0
524 -45 -17.85714285714286 0
525 -45 -19.2857142857143 0
526 -45 -20.71428571428573 0
527 -45 -22.14285714285715 0
528 -45 -23.57142857142858 0
529 -43.57142857142857 -25 0
530 -42.14285714285715 -25 0
531 -40.71428571428572 -25 0
532 -39.28571428571428 -25 0
533 -37.85714285714285 -25 0
534 -36.42857142857143 -25 0
535 -35 -23.57142857142857 0
536 -35 -22.14285714285714 0
537 -35 -20.7142857142857 0
538 -35 -19.28571428571427 0
539 -35 -17.85714285714285 0
540 -35 -16.42857142857142 0
541 5 -23.57142857142857 0
542 5 -22.14285714285714 0
543 5 -20.7142857142857 0
544 5 -19.28571428571427 0
545 5 -17.85714285714285 0
546 5 -16.42857142857142 0
547 3.571428571427603 -15 0
548 2.142857142860755 -15 0
549 0.7142857142927426 -15 0
550 -0.714285714280452 -15 0
551 -2.142857142853636 -15 0
552 -3.571428571426818 -15 0
553 -5 -16.42857142857143 0
554 -5 -17.85714285714286 0
555 -5 -19.2857142857143 0
556 -5 -20.71428571428573 0
557 -5 -22.14285714285715 0
558 -5 -23.57142857142858 0
559 -3.571428571427603 -25 0
560 -2.142857142860755 -25 0
561 -0.7142857142927426 -25 0
562 0.714285714280452 -25 0
563 2.142857142853636 -25 0
564 3.571428571426818 -25 0
565 16.42857142857143 -25 0
566 17.85714285714286 -25 0
567 19.2857142857143 -25 0
568 20.71428571428573 -25 0
569 22.14285714285715 -25 0
570 23.57142857142858 -25 0
571 25 -23.57142857142857 0
572 25 -22.14285714285714 0
573 25 -20.7142857142857 0
574 25 -19.28571428571427 0
575 25 -17.85714285714285 0
576 25 -16.42857142857142 0
577 23.57142857142857 -15 0
578 22.14285714285714 -15 0
579 20.7142857142857 -15 0
580 19.28571428571427 -15 0
581 17.85714285714285 -15 0
582 16.42857142857142 -15 0
583 15 -16.42857142857143 0
584 15 -17.85714285714286 0
585 15 -19.2857142857143 0
586 15 -20.71428571428573 0
587 15 -22.14285714285715 0
588 15 -23.57142857142858 0
589 35 -16.42857142857143 0
590 35 -17.85714285714286 0
591 35 -19.2857142857143 0
592 35 -20.71428571428573 0
593 35 -22.14285714285715 0
594 35 -23.57142857142858 0
595 36.42857142857143 -25 0
596 37.85714285714285 -25 0
597 39.28571428571428 -25 0
598 40.71428571428572 -25 0
599 42.14285714285715 -25 0
600 43.57142857142857 -25 0
601 45 -23.57142857142857 0
602 45 -22.14285714285714 0
603 45 -20.7142857142857 0
604 45 -19.28571428571427 0
605 45 -17.85714285714285 0
606 45 -16.42857142857142 0
607 43.57142857142857 -15 0
608 42.14285714285715 -15 0
609 40.71428571428572 -15 0
610 39.28571428571428 -15 0
611 37.85714285714285 -15 0
612 36.42857142857143 -15 0
613 -16.42857142857143 -35 0
614 -17.85714285714286 -35 0
615 -19.2857142857143 -35 0
616 -20.71428571428573 -35 0
617 -22.14285714285715 -35 0
618 -23.57142857142858 -35 0
619 -25 -36.42857142857143 0
620 -25 -37.85714285714285 0
621 -25 -39.28571428571428 0
622 -25 -40.71428571428572 0
623 -25 -42.14285714285715 0
624 -25 -43.57142857142857 0
625 -23.57142857142857 -45 0
626 -22.14285714285714 -45 0
627 -20.7142857142857 -45 0
628 -19.28571428571427 -45 0
629 -17.85714285714285 -45 0
630 -16.42857142857142 -45 0
631 -15 -43.57142857142857 0
632 -15 -42.14285714285715 0
633 -15 -40.71428571428572 0
634 -15 -39.28571428571428 0
635 -15 -37.85714285714285 0
636 -15 -36.42857142857143 0
637 5 -43.57142857142857 0
638 5 -42.14285714285715 0
639 5 -40.71428571428572 0
640 5 -39.28571428571428 0
641 5 -37.85714285714285 0
642 5 -36.42857142857143 0
643 3.571428571427603 -35 0
644 2.142857142860755 -35 0
645 0.7142857142927426 -35 0
646 -0.714285714280452 -35 0
647 -2.142857142853636 -35 0
648 -3.571428571426818 -35 0
649 -5 -36.42857142857143 0
650 -5 -37.85714285714285 0
651 -5 -39.28571428571428 0
652 -5 -40.71428571428572 0
653 -5 -42.14285714285715 0
654 -5 -43.57142857142857 0
655 -3.571428571427603 -45 0
656 -2.142857142860755 -45 0
657 -0.7142857142927426 -45 0
658 0.714285714280452 -45 0
659 2.142857142853636 -45 0
660 3.571428571426818 -45 0
661 13.69354891535405 22.71883213943271 0
662 -4.285714285713334 6.237181729405499 -0
663 1.471826978569946 48.71984685156758 0
664 -48.74259752739554 20.89422822669354 -0
665 -24.28449403439068 6.237210902791499 -0
666 -15.71428571428571 33.76282085173652 -0
667 -14.2857142857143 33.76282085173651 -0
668 -33.76282085173651 -20 0
669 -22.69169065806733 33.60532985591647 -0
670 -17.14285714285715 6.237179148263485 -0
671 -6.364300180535137 -20.08386296027897 0
672 -15 32.52564170347304 -0
673 -13.61630417298755 32.49973276283292 -0
674 -19.99999999999998 -6.237179148263488 0
675 -20.00000000000004 -33.76282085173654 0
676 -48.790143893525 26.88989508711513 -0
677 -14.29319355264078 31.2841443984362 -0
678 -12.91074427011608 31.25751576500052 -0
679 7.417520576346362 48.7938385330152 0
680 1.428571428576747 6.237054614346987 0
681 -35.66612569522184 6.356811912628221 -0
682 -13.58160868474518 30.04540591578234 -0
683 -12.15348739723878 30.04514602671729 -0
684 29.9286583868727 -48.83028581711589 0
685 26.23204994479183 -0.004925171425333885 0
686 -26.23710339389463 35.71408800541617 -0
687 -26.30210927622801 34.28358083083596 -0
688 35.71414449881236 -26.23763510301082 0
689 24.3073008926358 -26.22548980881988 0
690 21.54770211551675 26.2794541572245 0
691 18.45703702909289 -26.27895574390148 0
692 15.69425886831965 26.22634119577222 0
693 14.28047587867172 26.23616746822229 0
694 -12.86061125175921 28.89318592192481 -0
695 -11.43069922722363 28.82601049994204 -0
696 -10.71580712997416 29.98709920837091 -0
697 -9.999515065403966 28.80501663890821 -0
698 -9.283920449433049 29.97509873155546 -0
699 -8.567922491682168 28.79941913504016 -0
700 -7.85210170522575 30.0384784940126 -0
701 -10.71480702843785 27.57657324194891 -0
702 -37.33716125476504 -26.29940239453973 0
703 -7.135713362550911 28.80910578026229 -0
704 -6.419570274199673 30.05120388557264 -0
705 14.9760671578955 27.4641919761666 0
706 -27.48792472586708 34.99965206437288 -0
707 -27.49101996014004 33.56671206265776 -0
708 48.71766290125512 -2.970028486909155 0
709 48.73072724075062 2.999400115259424 0
710 20.93072761793643 -48.76482016542987 0
711 37.36155865348748 -48.80168126151066 0
712 22.38805970134304 48.70742477046399 0
713 -37.25125117128569 -48.49701442865207 0
714 37.28961343607181 13.73648867665173 0
715 37.29350364336523 -13.73320640478963 0
716 13.56155595497795 27.47558482758147 0
717 13.68560839578607 17.34886383188025 0
718 6.242051276540888 -37.29441725695742 0
719 33.73890293693974 37.38413307167125 0
720 48.71732314655033 -37.29543741951611 0
721 -28.72171652941509 34.28420959215516 -0
722 -28.72389706020452 32.84798905505013 -0
723 14.27949380806547 28.71780830433581 0
724 12.84589328340688 28.71991272750993 0
725 -5.702811598538222 28.81289069457666 -0
726 -4.986321901278878 30.05493086536968 -0
727 -26.22952299003187 -37.15995663286982 0
728 -48.707424770464 -37.31343283575217 0
729 -48.73826936068215 38.80598441687922 -0
730 13.5667569830857 29.96504359246423 0
731 -29.96652521228757 33.56690651980503 -0
732 -29.96352009372378 32.1279272316898 -0
733 -4.269591322941012 28.81403308097968 -0
734 -4.987242401571118 27.57340772698919 -0
735 -3.552451089453344 30.05594567575454 -0
736 -28.72028999339823 31.40915288397042 -0
737 -29.96639867654875 30.68783905378246 -0
738 -28.7186367965776 29.96867959176276 -0
739 -29.96116908070737 29.24689260918042 -0
740 -28.7172781226419 28.52718435840494 -0
741 -29.95865965567612 27.80615505039982 -0
742 -28.71576626841389 27.08711011158774 -0
743 -29.95672835339492 26.36621722199569 -0
744 -28.7143674148044 25.64792810439111 -0
745 -29.95993003668293 24.92702591162274 -0
746 -28.71405868148646 24.20913189044339 -0
747 -13.76299014442799 39.97725938312428 -0
748 16.41791044757937 48.707424770464 0
749 -3.55326801502211 27.5733731509849 -0
750 -4.269582180155148 26.33329485867806 -0
751 -31.21067857277583 32.83254819270213 -0
752 -29.95966464650559 23.48824170952961 -0
753 -38.79909796978059 48.69145237354067 -0
754 -48.70742477047318 14.92537313447656 -0
755 -2.837749808198086 26.33308389319355 -0
756 -3.553810512564621 25.09333254190158 -0
757 -4.2616765611157 31.29422010388603 -0
758 -2.832163060001263 31.29863123221483 -0
759 -28.71338710000183 22.77078399139294 -0
760 -31.20666530623448 24.20642457180998 -0
761 -31.20573457244921 22.76648185203187 -0
762 -3.543165807108806 32.5393421851845 -0
763 -2.123218613508656 32.55119348396697 -0
764 -2.122308297239083 25.09308050167151 -0
765 -2.838219082039276 23.85366762375022 -0
766 -48.71989954659306 32.83012192846298 -0
767 15.12775573855419 -48.76364739870068 0
768 -1.414381733295516 23.85767744951713 -0
769 -2.123995797950381 22.61497643138121 -0
770 -27.46887934486654 23.490530085579 -0
771 -27.44020734514484 22.10172000126156 -0
772 -32.45451607289923 23.48561204966889 -0
773 -32.45329476695292 22.04218839975466 -0
774 -3.553799214006883 22.61425838683461 -0
775 -31.20503028354172 34.29408023746657 -0
776 -32.46447942384282 33.55221457722956 -0
777 -26.22001318969573 22.78073939288605 -0
778 -26.19032064492232 21.39437880864364 -0
779 -2.834068761156932 33.79242028909103 -0
780 -1.404428806314507 33.80175353068242 -0
781 -0.7129724927031671 22.61193847513282 -0
782 -1.411096524249244 21.37476986127366 -0
783 -24.97480257772615 22.06637901760739 -0
784 -24.97342817533438 20.6319217692526 -0
785 -26.34168896012476 19.87891549628615 -0
786 -23.73609249542337 21.34226734526703 -0
787 -23.727765758246 19.92122798009395 -0
788 -22.49426218297969 20.62570369756756 -0
789 41.51201534469384 -26.20442904935087 0
790 -33.70436794636491 22.7636595859626 -0
791 -33.70317708433293 21.31767497304195 -0
792 -32.46483839651145 35.01646928375968 -0
793 -33.72534345719293 34.28474711555701 -0
794 0.006775578750658521 21.36717399577616 0
795 -4.442974341205344 48.71076921067306 -0
796 27.02917950767075 48.75099256302358 0
797 -48.8138236274099 -41.72124527472867 0
798 48.73563825893713 -41.81241755969933 0
799 25.37313432822486 -48.70742477046399 0
800 12.01937641920835 48.75344420005996 0
801 -6.231713661093643 -15.70481921281943 0
802 -24.28571428571429 -6.237179148263489 0
803 -33.7628208517365 -24.28571428571429 0
804 -15.71428571428571 -33.7628208517365 0
805 -6.237179148263479 -24.28571428571429 0
806 -15.71428571428572 -6.237179148263488 0
807 -33.76282085173652 -15.71428571428574 0
808 -24.28571428571428 -33.76282085173654 0
809 41.47930146013315 -13.79772291085814 0
810 41.47841176597858 13.80912981050148 0
811 -41.47957585840123 -26.22587681406893 0
812 -26.22506921309746 -41.44652774694482 0
813 26.23725911262799 4.285734003246827 0
814 26.23747657955392 -4.285562483930031 0
815 -39.95845117700406 6.359698043890171 -0
816 -0.7161853104740349 25.07852609597515 -0
817 12.12853073252588 29.96572420466563 0
818 12.84762309618866 31.21348613149599 0
819 14.28957994763571 31.21257020450381 0
820 13.56862124368745 32.46365579791736 0
821 15.01477565090381 32.46240379666587 0
822 14.29275989753884 33.71451431754507 0
823 15.73993572568839 33.71321335290186 0
824 12.84469608871225 33.7162230365167 0
825 -0.695506558345334 20.13455634379286 -0
826 -22.48522343643265 19.20664071796404 -0
827 -21.2529076354543 19.91007102815948 -0
828 0.7290775513169058 20.1375350235846 0
829 6.175706448810865 -41.52131494630311 0
830 -2.117713887288724 35.04791049576852 -0
831 -0.6877429199121263 35.05825525995218 -0
832 -33.71707790827844 35.75186048523611 -0
833 -34.98480062661001 35.01361618093256 -0
834 13.57308371602503 34.96872946026338 0
835 12.11997282735558 34.97175472593656 0
836 -34.95694575658307 22.04051916684565 -0
837 -34.95471387017423 20.59367659738241 -0
838 1.414556556250417 21.35140437440299 0
839 33.81553663204113 41.48577035460535 0
840 -21.22737681313528 18.51994012688669 -0
841 -20.00923908908106 19.19948892793293 -0
842 -33.76262884776762 -25.71395315365633 0
843 -32.52560970281154 -24.99994457322846 0
844 -26.23717914826348 42.85714285714287 -0
845 0.0228187202533311 18.8969430529456 0
846 -1.407964204049302 18.89690709325512 -0
847 1.453119620930086 18.89671450190361 0
848 -0.0240676383942901 33.77075146365104 -0
849 -34.95761889912094 23.48829857687703 -0
850 -34.97563262629714 36.48426768445072 -0
851 -36.24200157034349 35.74921759330118 -0
852 -1.39547926489467 36.30143568742244 -0
853 -0.002459479477352589 36.30817356156993 -0
854 -36.2483124861553 34.27322237365451 -0
855 -14.93676463820553 30.0877923601004 -0
856 -36.21357710798705 22.76358225446725 -0
857 11.40954628935157 28.71959587668874 0
858 -22.37846840140931 17.58557730689245 -0
859 -19.9817416014842 17.81055163681007 -0
860 -18.76742703904119 18.48607772745638 -0
861 12.85029563137862 36.22845403729703 0
862 11.39832799499138 36.22767078265327 0
863 -41.80456019480903 -48.73860464244462 0
864 41.80374080951159 -48.79118839935117 0
865 -33.70149249797942 19.87145607893265 -0
866 -34.95203170809177 19.1474227892873 -0
867 -33.69963118701084 18.42696647465546 -0
868 -34.94896687091394 17.70271726037456 -0
869 -33.69701236618599 16.98402603788402 -0
870 -36.20158619338267 18.4222019037056 -0
871 -48.76281194750181 -32.85364811622205 0
872 -32.8298375537123 -48.7081150850886 0
873 48.73847803851815 -32.83578729986979 0
874 -23.73749460063968 22.77539714600275 -0
875 -36.24151970959554 37.21103089751346 -0
876 -0.6925987609252667 17.65844483860281 -0
877 -2.122739602478911 17.65858910394959 -0
878 -25.71428571428571 -33.69902342496719 0
879 -24.99999999999998 -32.51500879901149 0
880 -48.70742477047318 43.28358208956361 -0
881 -2.843670588616268 36.30122426015274 -0
882 -32.82217007417862 48.69423831294476 -0
883 -18.76456748699747 17.05465172523627 -0
884 -17.5307854330985 17.76464049025569 -0
885 48.71530664018928 -7.404563779858767 0
886 48.71770973082694 7.424651348915139 0
887 -36.19915556385568 16.9762751457087 -0
888 -37.45396400424499 17.69712953717445 -0
889 -2.115162548820602 37.55436653671229 -0
890 -37.50602759433596 36.47661683499719 -0
891 -37.50822950610618 37.94399445433154 -0
892 -25.71418618372055 6.237244388655574 -0
893 -6.300976575032715 -25.71428571428571 0
894 -7.466349060060091 -25.03228913524984 0
895 -7.502609669088548 -26.40112480179719 0
896 -8.654818696919143 -25.71509279903163 0
897 -33.7628208517365 -14.28571428571428 0
898 -32.52564170347303 -15.00000000000002 0
899 -32.52564170347303 -13.57142857142859 0
900 -31.28846255520957 -14.28571428571432 0
901 -14.28571428571426 -6.237179148263492 0
902 -14.99999999999998 -7.474358296526998 0
903 -13.57142857142852 -7.474358296527002 0
904 -14.28571428571424 -8.711537444790505 0
905 -5.714326814998703 6.3039879034403 -0
906 10.67644115057708 34.96553676885662 0
907 26.23752218183599 -5.714753457401481 0
908 27.47543882524462 -4.999986480627038 0
909 27.47553414396703 -6.429678991647231 0
910 28.714116484522 -5.714530689259734 0
911 26.2375319823828 5.714895917930154 0
912 27.47533477900746 4.999777551221401 0
913 27.47546312665816 6.429785225181371 0
914 28.71412416723737 5.71408217399284 0
915 25.72000023362374 -26.23635173079969 0
916 25.02590518188654 -27.46344881249235 0
917 26.43873817900779 -27.47603288001622 0
918 25.65283372331206 -28.75746918656483 0
919 27.13844820489424 -28.72506422628972 0
920 26.35137066911663 -30.01275631822916 0
921 27.85000170264187 -29.97496608936694 0
922 27.13338544384362 -31.22481672979854 0
923 28.58570970775165 -31.22024931142307 0
924 27.86802559256863 -32.4691975642526 0
925 26.42234482399349 -32.46815361867471 0
926 29.31610194697145 -32.46851496329635 0
927 27.14917250314368 -33.71944477139367 0
928 25.69890671612385 -33.71957907385779 0
929 26.42528040762511 -34.976476383871 0
930 24.97156035832847 -34.9754398182471 0
931 25.69775160652881 -36.23504773564713 0
932 24.2428843354517 -36.23336556114445 0
933 27.15379080433738 -36.23581528873039 0
934 23.51739540868993 -34.97207409225221 0
935 22.81954673955406 -36.25013291090684 0
936 23.51897427242898 -37.49737839788293 0
937 22.06205339721772 -37.49534299782447 0
938 21.31117253668433 -35.9999426216543 0
939 20.59599296542892 -37.44776648316673 0
940 19.87252392455003 -36.22363935585982 0
941 19.14109634726607 -37.47365498610957 0
942 18.41592622636954 -36.21997973579961 0
943 17.68673560322429 -37.47598731511911 0
944 16.96271372241376 -36.21829531963981 0
945 -17.53030995824358 16.33208410416016 -0
946 -16.29231245290113 17.0477288343153 -0
947 -34.95736919046347 37.95762077017466 -0
948 -36.21445263909129 24.21638983441872 -0
949 -37.47351767153966 23.48861520819921 -0
950 -37.47431203136271 24.94493631720257 -0
951 -16.29177113085828 15.61555075271353 -0
952 -15.0531762909577 16.33174032143204 -0
953 -15.05218379504245 14.90096149533407 -0
954 -13.81365511566035 15.61727488611436 -0
955 -13.81465365020674 17.04849645869492 -0
956 -13.81249461353783 14.18675334577327 -0
957 -12.57425856013069 14.90289243126529 -0
958 12.1211004647881 37.49022783024002 0
959 13.58127075798709 37.4883757581005 0
960 10.6770244240901 37.48302051802324 0
961 -4.999979970792088 7.485570894714237 -0
962 -18.70003774505814 15.61529266588486 -0
963 -24.99852560958035 7.474969435276616 -0
964 -26.42892825962871 7.474766820815721 -0
965 16.23502530150695 -37.47223887539823 0
966 15.51328582424421 -36.21520954315271 0
967 -3.569669897961212 37.55558149878309 -0
968 -17.53274523606362 19.19533849864017 -0
969 -37.45115634798422 16.24853289405521 -0
970 -8.961066262692473 48.70806079632394 -0
971 -25.71428571428571 -6.300976575032729 0
972 -25.00000000000001 -7.484991200988514 0
973 -14.28571428571429 -33.76282085173651 0
974 -14.99999999999998 -32.52564170347303 0
975 -6.300065660504427 -14.2841365354699 0
976 -7.475854172501952 -14.99587929661635 0
977 -38.73689284835078 24.21537647137212 -0
978 -38.72785152360912 25.65777623026501 -0
979 18.40312777104124 -38.72984976527668 0
980 -32.52541236539909 -26.42817420337524 0
981 -31.28841899875365 -25.71421027229112 0
982 -1.407795902416626 16.42010002014247 -0
983 -2.837789394250866 16.42026867672147 -0
984 -12.57309319574884 13.47261595678492 -0
985 28.71427313416009 -7.144981845843777 0
986 29.95158171177746 -6.429434768501672 0
987 29.95313980211448 -4.997877381094943 0
988 31.19348397137754 -5.72496014593973 0
989 31.19378991917139 -4.280719190211595 0
990 32.43731164643951 -5.006937467909528 0
991 32.43624020312502 -3.563389595471659 0
992 33.67921738413315 -4.279924553286113 0
993 33.68021543480305 -2.84189281680886 0
994 34.92722747058581 -3.574458675656776 0
995 34.92740421628598 -2.122518660798059 0
996 36.17928031484803 -2.857973126494012 0
997 36.17647228407345 -1.3991282735013 0
998 37.4289616970745 -2.123797639527288 0
999 37.42810586697681 -0.6725176540189486 0
1000 37.43243085827407 -3.598514928948242 0
1001 28.71406526047331 7.144785555503221 0
1002 29.95352329959345 6.429673262264783 0
1003 -38.70842864702735 16.97099239397438 -0
1004 -12.68550748819106 33.6314303192579 -0
1005 -25.71350579986679 8.713397618753444 -0
1006 -27.14510091746918 8.712640233579295 -0
1007 -44.27724223286842 6.173893315795191 -0
1008 38.68355019496744 -1.398632995288886 0
1009 38.68337885852533 0.05146992304845854 0
1010 22.78432588639114 -38.75875379287713 0
1011 -2.839975475746317 38.81334545895191 -0
1012 -4.29810421370639 38.81312052946247 -0
1013 37.42693812791471 0.7754790210014554 0
1014 38.68242126037353 1.50202224259225 0
1015 -38.77739751036304 37.20827542749195 -0
1016 -38.77716354207184 38.68153347000953 -0
1017 -38.70638633899525 15.51843136252338 -0
1018 12.84846902697297 38.7521954327519 0
1019 14.31028248070002 38.75206822094223 0
1020 -26.42842338888106 9.952582700286325 -0
1021 -27.86128358351543 9.951614384839468 -0
1022 37.42523211088137 2.226450303432435 0
1023 38.680774810477 2.952817528575608 0
1024 37.42508474804726 3.676319497912754 0
1025 38.6799930238583 4.404249320037726 0
1026 37.4255829589545 5.127399784476763 0
1027 -43.2765290272671 48.71233455967305 -0
1028 14.78681413179592 -37.46773501409971 0
1029 -24.28182717222865 8.7138976207473 -0
1030 16.23970537325367 -34.96294829601652 0
1031 14.79424212798038 -34.96041156371925 0
1032 10.35579033034657 -48.61700286008914 0
1033 39.9419291955291 -0.6738732744117649 0
1034 -37.49449426137903 14.87626174158521 -0
1035 -11.33505053501992 14.1886436225689 -0
1036 -13.57142857142855 -32.52564170347306 0
1037 -14.28571428571424 -31.28846255520956 0
1038 -26.4285714285714 -7.486763351732038 0
1039 -25.71428571428572 -8.712536939778065 0
1040 -26.42871875850348 -32.51315158729192 0
1041 -25.7142921061507 -31.28745936987693 0
1042 -7.485088694562856 -13.57047882915724 0
1043 -8.654795909319692 -14.28486921143835 0
1044 -6.270745250087265 2.858748856509536 -0
1045 2.658424375842416 -13.64285588402632 0
1046 13.76282193032129 2.857142857144544 0
1047 -33.76305596804231 -2.857260623190703 0
1048 -26.25662872911841 2.803362384682943 -0
1049 -13.77697041972587 -2.801892460711815 0
1050 -2.730090538886813 -6.301001622534899 0
1051 6.246823456091342 -2.858083549729636 0
1052 -2.84503592603226 -26.24610136645711 0
1053 2.857142857144178 -33.76282085174049 0
1054 15.71428571428571 6.237179148263479 0
1055 14.28571428571424 6.300976575032718 0
1056 33.7627735595164 15.71431141447574 0
1057 44.28497409687139 26.23862021675836 0
1058 6.237179148263491 -15.71428571428572 0
1059 6.300976575032721 -14.28571428571426 0
1060 37.13411358956792 33.7353201019183 0
1061 -42.85284989196623 -6.261104174293511 0
1062 -13.77544415516809 -42.79665463050804 0
1063 -37.16900679503366 -6.31272024645437 0
1064 -13.78184458225679 -37.17530940384858 0
1065 26.23717914826347 24.28571428571428 0
1066 26.23717914826347 25.71428571428572 0
1067 15.71428571428572 -13.76282085173652 0
1068 14.28571428571429 -13.69885399035988 0
1069 13.76265420883674 -24.28565012143831 0
1070 13.76282085173652 -25.71428571428572 0
1071 26.34762264823994 -15.66177196737239 0
1072 22.8145396077636 13.77949177560441 0
1073 22.82976729247767 -6.220952224584978 0
1074 33.78050804045451 -22.82700258230863 0
1075 33.76681433136984 19.9930041451824 0
1076 6.24447042622764 -19.99751361103155 0
1077 -40.00178340057199 24.94105920885979 -0
1078 -39.97724625371241 26.34819614492157 -0
1079 -6.428672743863203 7.487426679891923 -0
1080 -27.14451330208028 11.19219278621795 -0
1081 33.68688230673767 -5.760167374773116 0
1082 29.95097456636121 -7.860430184556667 0
1083 33.69899175623638 14.2855791529264 0
1084 -27.47151538888854 27.80626436713358 -0
1085 13.58131227256449 40.01905877091737 0
1086 15.04636663190243 40.0181812548031 0
1087 -39.96556957991991 16.24329238400947 -0
1088 -39.96362907515042 14.78783603535868 -0
1089 24.27979640630554 -28.71974861191581 0
1090 29.95340551588286 4.997337175416818 0
1091 -4.978640609577536 37.57957699785229 -0
1092 -5.714300854133363 8.712828789151182 -0
1093 -4.285461086305801 8.713801481030712 -0
1094 39.93521399301515 3.680309704540747 0
1095 39.93409287854775 5.132189787062938 0
1096 -3.530524868348719 40.05194654270607 -0
1097 -2.102162956535776 40.07104797285773 -0
1098 -5.025887844962276 40.31812039175441 -0
1099 20.05041807504605 6.359910863676747 0
1100 26.23635450213142 -20.00296488188618 0
1101 19.99997492375449 -13.76285215951157 0
1102 41.41357746846567 33.72445858332802 0
1103 -6.236377948563993 -39.99475340363706 0
1104 -39.98721922925309 -13.73099557121064 0
1105 -40.05188270371976 37.94730438749467 -0
1106 -40.04909069800738 36.4714347660632 -0
1107 -40.05113071934217 39.41982641206904 -0
1108 -38.77359682210884 40.15472018791591 -0
1109 16.46096727514471 32.4608717960118 0
1110 17.18587217844316 33.71046330604979 0
1111 15.51961389827212 -33.71024224358712 0
1112 14.07622323589691 -33.70780145442767 0
1113 -37.45415088566151 26.35091173712652 -0
1114 -40.04954280539047 40.89405190634005 -0
1115 -28.57723022437923 11.1918898203291 -0
1116 -13.75881150521937 44.28396656489046 -0
1117 17.90653699693365 32.47977965685459 0
1118 18.63059681652059 33.71196705120877 0
1119 19.35043094601867 32.48237229064878 0
1120 20.07368254187296 33.71043939830288 0
1121 20.746981185393 32.48737966768003 0
1122 21.48457503328537 33.72295705709165 0
1123 20.79217708643994 34.95753756860651 0
1124 22.21042947318147 34.96870454954925 0
1125 21.51478851730079 36.2065258351124 0
1126 22.89995496458088 36.1699252262349 0
1127 23.51058590590171 34.97204225237837 0
1128 22.23289756115073 37.45004801182763 0
1129 23.82624916015328 37.30897746298656 0
1130 22.9905487988974 38.68375792027368 0
1131 24.42031603447271 38.705481263096 0
1132 23.70026665646904 39.96022708977885 0
1133 25.15146726501736 39.96182499300397 0
1134 26.07658175317992 38.63087865856149 0
1135 -40.00153627396445 23.4814643973308 -0
1136 -41.27036914212693 24.2111097721605 -0
1137 -41.26935194753155 22.74531680205356 -0
1138 22.24945942635266 39.96229849248291 0
1139 -13.76279681661985 4.285701224226957 -0
1140 -13.69901098822932 5.714362275037016 -0
1141 13.76282085173576 -4.285714285713409 0
1142 13.69885226359696 -5.714285714285059 0
1143 -33.7627268958717 4.285675773880371 -0
1144 4.290259589499023 -26.25198800256139 0
1145 5.715195872867476 -26.30641198548349 0
1146 -4.285714285713157 -33.76282085173597 0
1147 -5.714285714285021 -33.6990234249667 0
1148 -1.564140960453902 -13.71283597303634 0
1149 -26.27067455730906 -1.427159861828182 0
1150 1.473710133877659 -6.211118304603167 0
1151 6.245094727858592 1.457545083713606 0
1152 -6.244928134189015 -1.431249967310069 0
1153 38.56649911915116 26.23623902044477 0
1154 24.28569812403156 -13.76279844306267 0
1155 -44.28494076320218 -13.76144193040792 0
1156 -6.23864236225174 -44.28490336230275 0
1157 17.14191863953548 13.75317699011738 0
1158 26.24636689026877 17.14289171865586 0
1159 13.75318400508895 -17.14191486647978 0
1160 17.14191820767283 -6.246650795481192 0
1161 33.71413745815936 -17.14750879735285 0
1162 -27.86079687554547 12.43276444849107 -0
1163 24.42565609788201 41.22196072501311 0
1164 25.88195849127425 41.22070223507757 0
1165 -15.05086344853423 13.47035258775425 -0
1166 14.31449319059413 41.28874130511046 0
1167 12.84404680748105 41.28872474926878 0
1168 15.78091051927461 41.28655031421778 0
1169 32.43043721088126 -2.13365914557655 0
1170 30.02962800158988 -31.21785701383154 0
1171 30.78396954629693 -32.45715552197004 0
1172 41.19196863314124 4.407276368958938 0
1173 41.19055455429302 5.861613691204703 0
1174 -38.76956303722625 41.6299081683954 -0
1175 27.47556990196745 7.859860067154868 0
1176 28.71375889396092 8.575005829788003 0
1177 27.47435978923706 25 0
1178 27.47453093728648 26.42867636003078 0
1179 26.23672497542706 27.14318118334789 0
1180 27.47463325625058 27.85780983341061 0
1181 27.86037818013885 -27.47298757503425 0
1182 -2.794750602901568 41.31333462870347 -0
1183 -1.369657799021262 41.33659371562496 -0
1184 -27.14285714285703 -6.313676988695256 0
1185 -27.85714285714254 -7.489175445799619 0
1186 -6.313246060079024 -12.85672160839033 0
1187 -7.488824514835348 -12.1426286443534 0
1188 -33.76282085173646 -12.85714285714285 0
1189 -41.32618554778028 37.21048265920008 -0
1190 -41.32687950238824 35.7390343393276 -0
1191 -29.29420289582262 9.950715485560849 -0
1192 -30.01037540648347 11.19164247290053 -0
1193 -12.85714285714281 -31.28846255520958 0
1194 -13.57142857142849 -30.05128340694607 0
1195 -14.99999999999994 -30.05128340694606 0
1196 -14.28571428571419 -28.81410425868257 0
1197 -15.71428571428564 -28.81410425868257 0
1198 -14.9999999999999 -27.57692511041909 0
1199 -16.42857142857133 -27.57692511041907 0
1200 -15.71428571428559 -26.3397459621556 0
1201 -17.14285714285702 -26.33974596215558 0
1202 -16.42857142857127 -25.10256681389209 0
1203 -17.85714285714274 -25.10256681389208 0
1204 -17.14285714285697 -23.86538766562859 0
1205 -18.57142857142843 -23.86538766562858 0
1206 -17.85714285714266 -22.6282085173651 0
1207 -19.28571428571409 -22.62820851736507 0
1208 -18.57142857142835 -21.3910293691016 0
1209 -19.99999999999977 -21.39102936910157 0
1210 -19.28571428571404 -20.15385022083809 0
1211 -20.71428571428547 -20.15385022083808 0
1212 -19.99999999999974 -18.9166710725746 0
1213 -20.71428494871661 -22.62820905672312 0
1214 -17.14285714285691 -21.39102936910162 0
1215 -21.42857142857117 -18.91667107257458 0
1216 -20.71428571428545 -17.6794919243111 0
1217 -19.28571428571401 -17.67949192431112 0
1218 -20.00491212404532 -16.4394767599076 0
1219 -21.43006320579591 -16.41475251485728 0
1220 -18.57224725876922 -16.44184010669097 0
1221 -19.29158154499068 -15.20174616406134 0
1222 -18.57142857142849 -26.33974596215563 0
1223 -17.85825718157882 -15.19944482143509 0
1224 -18.57259216871381 -13.91011291006015 0
1225 -31.2883980565652 -27.14281130205595 0
1226 -32.52668320596388 -27.85616361660329 0
1227 -30.06236715983572 -26.40932239880812 0
1228 -30.05312343968503 -24.99677925470704 0
1229 -28.82735998678015 -25.69131193277587 0
1230 -28.816620218822 -24.28134853124718 0
1231 -27.60462300530882 -24.95202214368345 0
1232 -27.58196075292395 -23.56270463629799 0
1233 -17.14317931148639 -16.44128586343004 0
1234 -16.42881084408209 -15.19896889045391 0
1235 -15.71437931164218 -16.44111416772304 0
1236 -24.28571428571428 -8.71347617803198 0
1237 -25.00000000000001 -9.949206297758792 0
1238 -8.648497023866041 -15.67033607422564 0
1239 -8.636883779248251 -24.14433186658615 0
1240 -24.28571535102509 -31.28652320691054 0
1241 -31.28846255520955 -15.71428571428576 0
1242 -30.05128340694606 -15.00000000000004 0
1243 -30.05128340694608 -16.42857142857147 0
1244 -28.81410425868258 -15.71428571428577 0
1245 -3.552720092253981 17.658744108136 -0
1246 -4.30727448140173 16.3975902092854 -0
1247 -4.971749527869681 17.64490911441752 -0
1248 -11.33396973451791 12.75851987705847 -0
1249 10.68989616991715 29.96523072720387 0
1250 9.970414163556008 28.71861993116603 0
1251 9.250376069853123 29.9644442899757 0
1252 8.530830301449082 28.71758621607849 0
1253 7.810467824335009 29.9635477083635 0
1254 7.092283868749595 28.7162841309315 0
1255 7.812453463608189 27.47069157568758 0
1256 6.375144741054211 27.46978555834589 0
1257 7.09378575438857 26.22633155483605 0
1258 5.654723552926726 28.71357425066841 0
1259 -8.698025169852128 31.31423032450426 -0
1260 -41.22387103034885 15.51426199034565 -0
1261 -41.22035563285405 14.05826844268922 -0
1262 -48.70742477047318 10.44776119418563 -0
1263 -10.47473657653365 -48.70717830387344 0
1264 -2.122910507162739 15.18184917558857 -0
1265 -0.6769999698564045 15.14636713696992 -0
1266 -10.09602086415373 13.47452643970352 -0
1267 -26.42790749138839 12.43258849714817 -0
1268 12.52501466042303 -24.9999765603642 0
1269 12.52469862345743 -26.42986074947813 0
1270 13.76506899533822 -27.14530639074606 0
1271 12.53804410347601 -27.8614656964992 0
1272 28.71393630540341 -8.57547845496938 0
1273 29.9524856863613 -9.291097319444557 0
1274 12.51498027211588 -4.999999999999586 0
1275 12.49425002604557 -6.395743279254799 0
1276 -4.999999999999197 -32.515008799011 0
1277 15.00000000000001 -12.51498055991027 0
1278 13.57142857142858 -12.51320370264982 0
1279 7.484991200988551 -15 0
1280 7.486763351732088 -13.57142857142861 0
1281 14.99999983103401 7.484991298541134 0
1282 13.57142854326745 7.486763367990909 0
1283 -12.51490677851382 5.000017064662356 -0
1284 5.007817737389735 -27.49262991950581 0
1285 32.514774952865 14.99995834222734 0
1286 28.71313138518404 27.1431215253704 0
1287 28.71294094356559 28.57213480296597 0
1288 26.23631058888646 28.57322237029643 0
1289 -40.06615504140574 42.33909877136879 -0
1290 -41.33222952189153 41.6282426851043 -0
1291 -42.54091390179262 23.47716501734139 -0
1292 -42.53939340584969 22.00713265647811 -0
1293 -32.25054828480192 17.62595927190306 -0
1294 -6.428571428570462 -32.51323664826735 0
1295 -7.142857142856261 -33.68632301130408 0
1296 -28.81410425868258 -17.14285714285718 0
1297 34.28327390571884 -26.23767280921864 0
1298 34.99971572939742 -27.47827477919369 0
1299 -31.20905790681719 28.48497823776071 -0
1300 -32.52564170347303 -12.14285714285717 0
1301 36.17065274275731 2.952937327494741 0
1302 -12.51309622201879 6.428779907020473 -0
1303 42.44855617959935 5.13901361420805 0
1304 42.44656323609169 6.59051222102531 0
1305 42.45060904128296 3.696901870130061 0
1306 41.18835562994016 7.314777906521184 0
1307 42.44266899893591 8.042903803529628 0
1308 -14.99999999999985 -25.10256681389211 0
1309 -15.00005550214431 -15.15773016707284 0
1310 5.658550710980139 26.2250931471714 0
1311 6.377137735500004 24.98283975247044 0
1312 -2.058885091609453 42.57985384037443 -0
1313 -0.6361477916093263 42.60639135507874 -0
1314 0.0863315423087585 41.34105509186579 0
1315 0.8228365553904216 42.61164263236585 0
1316 1.55522114813864 41.34710582660911 0
1317 2.290093509253409 42.61334119116887 0
1318 3.023978521163131 41.34791072412135 0
1319 3.75895436607634 42.61361540305689 0
1320 4.493218933680245 41.34921867144698 0
1321 5.189598300450446 42.63675243314663 0
1322 -15.71428571428569 -8.711537444790508 0
1323 -48.63950074315911 -8.861721346910436 0
1324 -42.60366190278317 36.47515957377214 -0
1325 -42.60444540245527 35.00156412022011 -0
1326 -41.32592610940969 34.26375916359353 -0
1327 -42.60358195224522 33.52694992553354 -0
1328 -41.32613145878324 32.79034861797632 -0
1329 -42.60264133568629 32.05280872626896 -0
1330 6.43033889725915 -27.48908693890091 0
1331 -31.28816038611856 -28.57171633570517 0
1332 -32.5282071074405 -29.28595414196997 0
1333 48.69726914061179 29.72035632660232 0
1334 -4.999827074156917 9.993795125944544 -0
1335 -3.570808302913181 10.00093521025238 -0
1336 -14.28573913563089 -16.43421243120838 0
1337 -23.57142857142857 -9.94912133271167 0
1338 -24.2857142857143 -11.1859345465185 0
1339 25.15439986736002 42.48303776459282 0
1340 26.61160880692719 42.47967997733651 0
1341 -10.09704905674159 14.90462630422514 -0
1342 -12.8571428571428 -8.71153744479051 0
1343 -12.2550604222925 -7.460767897597176 0
1344 7.811497857376606 24.98372997578061 0
1345 7.095062465073988 23.74188048963997 0
1346 11.28846255520944 -5.714285714285056 0
1347 11.34536207123389 -7.118637897864972 0
1348 11.28668564998319 -4.28571428571454 0
1349 14.28571427716195 8.712536944715914 0
1350 12.85714285102375 8.71377589208865 0
1351 12.14285336813245 7.476793550439302 0
1352 11.42855932122074 8.71232302126853 0
1353 15.71428636056732 8.713476585326324 0
1354 12.14285409343176 9.949258611008283 0
1355 10.71421796894459 9.94896747880075 0
1356 33.75373421251599 24.27095374542441 0
1357 33.69745529697904 25.71193401549373 0
1358 5.715966743707476 -28.71783572172797 0
1359 4.291816578035763 -28.74182373248711 0
1360 7.144505653520885 -28.71521212734964 0
1361 -27.14401748003745 13.67357519432355 -0
1362 32.51301228102372 13.57101378406364 0
1363 31.28692149106931 14.28554046902901 0
1364 31.28603012654668 15.71440836223619 0
1365 11.42854087688109 11.18612514197291 0
1366 9.999836109877426 11.18608020434655 0
1367 9.285492271515849 9.94874814434038 0
1368 8.571053713184279 11.18604576263686 0
1369 9.285455819560795 12.42344203639371 0
1370 7.856553113194797 12.42343135806327 0
1371 8.5690656394576 13.65983561452292 0
1372 7.14166773269493 13.66076580142295 0
1373 7.845954597336413 14.92448060646614 0
1374 6.427535051144874 12.42333998692718 0
1375 5.712833370200691 13.6608793724538 0
1376 4.998440936049646 12.42321662747608 0
1377 3.757890169310727 40.06831405852605 0
1378 13.58139681733627 42.56170274063105 0
1379 12.10941167139695 42.5620406494063 0
1380 -39.96064905248101 13.33388916720556 -0
1381 -41.2166197864163 12.60284382214951 -0
1382 -42.47791764890571 13.32711951523615 -0
1383 19.11571804407972 -34.97588988461217 0
1384 27.3374013246618 41.21849395936152 0
1385 28.06669282852305 42.47556426921746 0
1386 29.8507462685476 48.707424770464 0
1387 48.67854120342854 10.44265409198406 0
1388 48.68026987760627 -10.4416559136062 0
1389 -48.69941846378035 -29.72568007175099 0
1390 -29.97983102905071 -48.75089034590782 0
1391 48.68943582825931 -29.81655508546931 0
1392 -29.84362558799596 48.70813160142458 -0
1393 -35.81137091029455 48.68814736221066 -0
1394 13.3511406840574 -34.95464901437678 0
1395 12.63460260638741 -33.71260539687739 0
1396 48.72780926375348 0.02626478431987863 0
1397 -7.852673875577736 27.57137683684175 -0
1398 -48.70784187494459 17.90715538729912 -0
1399 -48.72106152334249 29.8496733036279 -0
1400 19.40067765169093 48.70764440467089 0
1401 34.36373585771956 -48.78233573088582 0
1402 17.95436277685022 -48.76510581786383 0
1403 -48.74932672548469 -44.71299037511592 0
1404 48.60096894385403 -44.95568934082101 0
1405 -4.989377462680545 25.09382882543169 -0
1406 -21.25568967345422 21.33946166285716 -0
1407 -44.75064551062231 -48.82206730121823 0
1408 44.77397570014401 -48.76793881805666 0
1409 -2.142961740546917 27.5708286406803 -0
1410 -33.76288663975106 1.428399791550214 -0
1411 -1.428571231149649 -33.76282170270395 0
1412 -6.237179148264623 -4.285714285713353 0
1413 -6.237179148264524 -5.714285714285776 0
1414 4.285714285713534 -6.237179148264412 0
1415 6.198821663247582 4.279381287193021 0
1416 -13.74540298796243 -0.0005960332415080316 0
1417 13.76282104087803 -3.276026629787469e-07 0
1418 -6.145312037017757e-12 -26.23717914826276 0
1419 -26.42857142857146 -9.948964793002558 0
1420 13.72144004695496 20.00637488919253 0
1421 -17.14285714285706 -28.81410425868254 0
1422 -39.99521039572515 -6.269700800347296 0
1423 -13.71713954974817 -39.99024091033414 0
1424 20.00000729002875 -6.271384175710812 0
1425 20.00088255142857 13.75328352084506 0
1426 13.76282085173652 -20.00000000000001 0
1427 26.28806817240542 20.00035014701486 0
1428 33.73101091054291 -20.00204183422291 0
1429 44.28520964623531 33.75865129827863 0
1430 26.17418505739813 -22.85245456040091 0
1431 -19.99657107244521 6.23744523868019 -0
1432 6.270131404074442 -22.85831190823723 0
1433 41.42372399008636 26.23705122538501 0
1434 22.72570285864362 6.294847815389105 0
1435 -20.00396937911484 33.7234211633432 -0
1436 -28.81536285912329 -22.85496124220993 0
1437 -27.6692600297003 -22.13288086377569 0
1438 7.856692774432855 9.948640988131256 0
1439 4.339577395662401 6.347618039164645 0
1440 15.5068595694123 -38.72592679448583 0
1441 14.05776965916979 -38.72073984380065 0
1442 14.77778472486198 -39.98014519871781 0
1443 13.32905888664106 -39.97391620654297 0
1444 14.04758576655933 -41.23566634794956 0
1445 12.59750281192781 -41.22986065185209 0
1446 13.31700088771597 -42.49390167085195 0
1447 14.7689190109045 -42.4957264444593 0
1448 11.85903055213076 -42.49129571081415 0
1449 12.61669542618561 -38.70575912954361 0
1450 27.47534793848405 9.289600313162724 0
1451 -1.421451236065729 31.29832448261805 -0
1452 44.28389860694766 -13.75862611570212 0
1453 -44.28184684281823 -26.24183366152713 0
1454 -26.24125794749245 -44.28386607725589 0
1455 44.28395277181156 -26.24128062248376 0
1456 -27.84620872235233 7.559912855049415 -0
1457 18.46029441850402 26.2833566361457 0
1458 26.42548290895107 -37.49669092023551 0
1459 27.88479430491009 -37.49752145948737 0
1460 27.15297808662519 -38.76181557946038 0
1461 28.61655383779814 -38.76270352435771 0
1462 27.88473404656534 -40.02986508503351 0
1463 29.34862232789613 -40.03092563302682 0
1464 30.08097657602473 -38.76155627736161 0
1465 30.81401347815669 -40.03030378172467 0
1466 31.54749170699362 -38.7515757743667 0
1467 32.28132451228277 -40.0280434984966 0
1468 33.01485983534928 -38.74861294238353 0
1469 33.74898793989485 -40.0269435164285 0
1470 34.48738986895501 -38.75024890396595 0
1471 35.21809552507627 -40.02705245625935 0
1472 35.96034418909902 -38.74464893589775 0
1473 36.6881281605725 -40.0272147545034 0
1474 37.42729898409193 -38.74700687066847 0
1475 38.16025750290198 -40.02847854595291 0
1476 38.8962233175541 -38.75148527522901 0
1477 38.16369375309593 -37.47077812524959 0
1478 39.6308539634733 -37.47398687916126 0
1479 38.89533176009309 -36.2002484327535 0
1480 39.63530516596396 -40.02773380458274 0
1481 40.36338242437964 -36.19971624240626 0
1482 39.62704584027492 -34.92883575674912 0
1483 41.09391314260758 -34.9284794259154 0
1484 38.15975677242569 -34.93058115439767 0
1485 38.89138180707019 -33.66307827880151 0
1486 31.54692502305386 -41.29775775668448 0
1487 38.8968679563246 -41.30810184455129 0
1488 40.37613168525811 -41.30642973774284 0
1489 41.83278534938573 -36.19792324211212 0
1490 37.43021899864432 -33.66382946252605 0
1491 39.63654498288995 -42.58819383264763 0
1492 41.11679249979777 -42.58822833753344 0
1493 41.85681124262751 -41.30428355294026 0
1494 38.11492316310797 -32.3974980701874 0
1495 42.56466762370168 -34.92402223133653 0
1496 42.59856285388391 -42.58782186837734 0
1497 39.61519976089491 -32.39653208484209 0
1498 33.76601558278082 -37.46139305570466 0
1499 28.61632553082881 -41.30168487574647 0
1500 27.147717583613 -41.30034439214722 0
1501 27.88184166623589 -42.57504844290288 0
1502 26.41025549555771 -42.57466501145242 0
1503 38.15638621972973 -42.58869954274765 0
1504 -26.19782510675245 38.59477114445414 -0
1505 17.91336919422407 34.95851829325647 0
1506 -3.578903628716473 42.65804120806264 -0
1507 -42.54215635047944 24.94598436818536 -0
1508 -32.43057765298542 36.50125446913462 -0
1509 -33.72634225016823 32.79780166526283 -0
1510 39.94105014016498 -2.127281723116865 0
1511 41.20270489582475 -1.401551841431059 0
1512 41.20206966930967 -2.859951096934286 0
1513 -30.72715991303791 9.949926224878272 -0
1514 -31.44458743352303 11.19176529135367 -0
1515 23.69522570535844 42.48600397778984 0
1516 34.47700156237821 -41.30340037276497 0
1517 20.80065689408422 37.45362824141878 0
1518 -28.57142857142806 -6.252398313214608 0
1519 -6.252268003284488 -11.42846313736247 0
1520 -33.76282085173643 -11.42857142857147 0
1521 -27.4735083600685 30.69053486855914 -0
1522 44.28430568834796 13.7601549579539 0
1523 42.46749587685368 -2.131065777823576 0
1524 42.4656703014502 -3.592562887022008 0
1525 41.20019606712862 -4.320616680609984 0
1526 42.46257437761261 -5.053654677464394 0
1527 41.19765075179014 -5.78057904669723 0
1528 42.45790480632596 -6.511985814537098 0
1529 41.19644139098037 -7.236802875164891 0
1530 -12.57180927323169 12.04251006848789 -0
1531 31.188551252699 5.713603238727598 0
1532 31.18737722095823 4.280047182876234 0
1533 31.18663739434229 7.145401751468722 0
1534 -27.5769251104191 -16.42857142857149 0
1535 38.64268679312004 -26.20936149068654 0
1536 -39.95625383112375 11.88298603911091 -0
1537 33.75985172098939 44.28418040916281 0
1538 11.91062504820015 -34.94976004406373 0
1539 11.19497038378449 -33.70554569520203 0
1540 -25.0000012428626 -30.05079298467413 0
1541 -23.57142895612412 -30.05087844518425 0
1542 -11.28294916154821 11.34636741309655 -0
1543 42.45317118944374 -7.96674385633147 0
1544 -31.29732890945025 -29.98612311430518 0
1545 -32.53892166054231 -30.7003135714423 0
1546 -33.77536561886322 -29.99401431101943 0
1547 -33.77558404722992 -31.43094781010146 0
1548 -32.61470010828589 -32.13545327810242 0
1549 -33.78405212960453 -32.87795311459288 0
1550 -35.02228137166223 -32.15308555998691 0
1551 -35.01937926364187 -33.6043083177144 0
1552 -36.27114712888807 -32.87550028842207 0
1553 -36.27178618996186 -34.32015390938869 0
1554 -35.00370282151475 -35.05656091938579 0
1555 -36.27212812607736 -35.76902086991113 0
1556 -37.52994861909808 -35.04460116337616 0
1557 -37.53001538567607 -36.49828953759154 0
1558 -36.25581120798061 -37.23250115105368 0
1559 -37.52847441983516 -37.95741830587453 0
1560 -36.25707581167246 -38.68879181302536 0
1561 -37.52887459963735 -39.41804196091678 0
1562 -38.79175536920034 -35.77086973454558 0
1563 -36.26081652208362 -40.1469673381147 0
1564 -34.98904704123458 -39.41839089448818 0
1565 -37.52808048242722 -40.8829684341005 0
1566 -38.79976159584444 -40.15025251627804 0
1567 -34.99121349265268 -40.87573909218406 0
1568 -33.72649770856944 -40.14364542487281 0
1569 -38.79813279141834 -41.61874905390373 0
1570 -40.07344933391057 -40.88440943474922 0
1571 -33.72464773427654 -41.60222041135198 0
1572 -40.06984473390131 -42.35829825147916 0
1573 -41.34926930993349 -41.62215286010601 0
1574 -41.34932081765083 -40.14620251388251 0
1575 -38.79099256356051 -34.31480810510919 0
1576 -40.05439038366204 -35.04160277307176 0
1577 -40.05428395585153 -33.58276993904008 0
1578 -41.31809863989112 -34.31147778565299 0
1579 -41.31687045481189 -32.85207614003255 0
1580 -40.04286586803888 -32.13187689649364 0
1581 -37.52565152925294 -42.34919497475683 0
1582 -32.60822211004992 -33.60073642475099 0
1583 -32.4638714317147 -40.86839697184628 0
1584 -32.45878493252189 -42.32762699947802 0
1585 -32.46610847249808 -39.41177996728001 0
1586 -33.72242962796017 -43.0635262212502 0
1587 6.313676988695211 -12.85714285714293 0
1588 7.489175445799696 -12.14285714285742 0
1589 -6.235059867198771 -37.1405366304575 0
1590 -12.85714837323689 -33.76255222154674 0
1591 36.66707060859135 -32.39987702695459 0
1592 -13.68644340407842 7.143181457565763 -0
1593 26.23244545909004 -7.3642455930251 0
1594 33.68680749707619 12.8564847678885 0
1595 -13.79342754941839 37.16548995560313 -0
1596 -29.28571428571332 -7.47936434889731 0
1597 -7.479284142081675 -10.71422958266763 0
1598 6.165566642658342 -44.28220547163728 0
1599 28.71406390878635 -10.00585952543774 0
1600 29.95244494473926 -10.72132683676733 0
1601 31.19131448441726 -10.0066842980437 0
1602 -42.58455766177477 -33.58040604585579 0
1603 -42.585195846613 -35.04407831604482 0
1604 -42.68954710281228 -32.14763400925687 0
1605 -26.40251869587106 -24.26399924871239 0
1606 -8.711537444790464 -27.14285714285711 0
1607 -48.70744987035661 46.26857556110092 -0
1608 5.847302501011691 41.31171907113948 0
1609 4.48728537301943 43.89117201832733 0
1610 -42.62819284640065 -40.88312342507305 0
1611 -42.62814752695204 -42.36180425152717 0
1612 -1.312658440973393 44.06304856525347 -0
1613 -48.78817880930099 23.99355498049457 -0
1614 -43.88316248323445 35.7397205906558 -0
1615 -27.14332760391676 -33.68699798644469 0
1616 -42.47300765312083 11.87051545853861 -0
1617 -38.8492795388313 43.31798776671532 -0
1618 -37.50070453367443 42.40218210077111 -0
1619 5.714285714285595 -6.301147103623923 0
1620 43.33901791285962 -41.30221845950754 0
1621 -22.1428571428569 -20.15384984693883 0
1622 5.836534181238649 43.91474890411742 0
1623 -43.88167810359398 37.21035865878423 -0
1624 -41.34948642931799 43.07526465480957 -0
1625 -42.6154450739441 42.36686454944677 -0
1626 -28.5777115830567 13.67417463152065 -0
1627 -7.474358296528726 -4.999999999999558 0
1628 13.66793673161539 -7.290478248568148 0
1629 -6.315376503322476 -27.28994090214005 0
1630 12.65231039819785 -13.70898253233443 0
1631 -7.143017533189877 6.317242753354192 -0
1632 7.345711343647615 -26.29254553743776 0
1633 22.2707636042281 32.41680325674643 0
1634 4.999999999999701 -7.481480487960845 0
1635 -13.57142857142852 -9.948716593053989 0
1636 41.19424534569629 -8.690666975336967 0
1637 39.93978662106087 -7.962983809808369 0
1638 -43.7343108804226 12.59381134632039 -0
1639 -43.74287494059811 14.05419218172215 -0
1640 12.58542588001731 -43.75550506654367 0
1641 10.7142800214418 7.474876285529612 0
1642 8.528422250377938 23.74237315852096 0
1643 7.812860471706345 22.50139528865583 0
1644 43.30562131343124 -36.19468915333211 0
1645 41.18499223338852 8.76453914247498 0
1646 -37.27417641192426 -13.70631268183421 0
1647 13.76770568541589 -28.57741390953777 0
1648 24.42533762904791 43.75045333499526 0
1649 22.97524859718882 43.74645156552697 0
1650 -36.2701791085547 -31.42947934621246 0
1651 28.78875722336705 41.21451148327787 0
1652 -8.858051467683676 14.19050398447139 -0
1653 6.428571428571341 -7.482667519866173 0
1654 -25.71121654311275 13.67295787841481 -0
1655 -27.86033969093143 14.91591012091801 -0
1656 6.429458639260488 -29.95206323068451 0
1657 31.19083333141378 -11.43679139484335 0
1658 32.43018424546097 -10.72229352453413 0
1659 -32.4303795330885 -43.75082316220103 0
1660 -7.857404898042878 7.47440910375641 -0
1661 11.14611772091954 -41.22034563944429 0
1662 -22.85714285714261 -18.91667101025803 0
1663 -28.65295460583409 21.20895345569414 -0
1664 4.283696410975154 13.66083078121804 0
1665 3.569230924863396 12.42305041697587 0
1666 4.998251235990756 14.89869389029291 0
1667 -7.857142857141715 -32.51082455419953 0
1668 43.72179074911406 -5.785826335332375 0
1669 29.95206677455081 -12.15113844414017 0
1670 32.51036260081109 12.14145583777636 0
1671 33.73561776506133 11.42640822373932 0
1672 -10.0331410840956 -26.28180409186715 0
1673 29.94857962669849 -3.571965365670933 0
1674 29.95112875810829 3.563739240826 0
1675 43.70407554318155 5.872395185137986 0
1676 -24.28571435632537 -28.81406541271417 0
1677 -32.16203286723228 9.949046061569749 -0
1678 -32.87981190269289 11.19213349806953 -0
1679 -31.39488550847704 8.53173141995172 -0
1680 20.02527422656954 31.05578480068334 0
1681 -34.94691083342491 24.91149351191601 -0
1682 33.56666780828176 -27.47868600767905 0
1683 32.85053786033644 -26.23647370892874 0
1684 -30.08685641684725 -13.57142857142854 0
1685 32.43390404370872 6.485392661821541 0
1686 31.18648397308719 2.845586912956474 0
1687 -8.714769455433746 -11.42852399021804 0
1688 9.997872435601456 13.67446052997883 0
1689 -41.22195510173398 16.96393626168825 -0
1690 6.380105838869992 22.50024936818543 0
1691 7.097798836532959 21.26068056719497 0
1692 8.529332973482212 21.26157887753725 0
1693 -31.20729516317049 -40.13595314197301 0
1694 -31.20907923897389 -38.68675669921422 0
1695 27.14420374734782 -43.85081103687348 0
1696 25.6694624730072 -43.84896385232739 0
1697 28.61962395005556 -43.85152549155119 0
1698 -6.428870405911963 9.956932898669892 -0
1699 -5.71431113462785 11.18700320700389 -0
1700 7.859883172784586 -29.95073335825142 0
1701 -26.40900562550148 -30.06233152866664 0
1702 39.93771550039635 -9.410429903561498 0
1703 38.68841247893135 -8.687565272642555 0
1704 -29.99999999999863 -6.24055001781759 0
1705 -29.30893106713958 -5.01351621564009 0
1706 -30.69948146988152 -7.467207215689837 0
1707 4.942193374424303 24.98195655905163 0
1708 4.223607430774498 26.22339745719155 0
1709 7.814726706296137 20.02177328305687 0
1710 6.383446313423481 20.02035938993403 0
1711 -13.57144196343851 -15.14970675709023 0
1712 -22.85714285714287 -11.18596966546058 0
1713 -31.18686480586896 -43.04737468353046 0
1714 -43.7280778488217 11.13835602138159 -0
1715 11.12383175936164 -43.75284595577964 0
1716 -27.61361950753042 -14.83061911724081 0
1717 38.89644191664954 -43.87045088286948 0
1718 37.41494418288173 -43.86983581748829 0
1719 -43.85570178142449 -34.31039477162653 0
1720 -43.85445402349498 -35.77483329052323 0
1721 -41.32624188569526 31.31705960689821 -0
1722 -42.60209205068143 30.5786755762531 -0
1723 -37.4835486831313 43.84323136278734 -0
1724 -36.20744692687209 43.10942592647232 -0
1725 -26.39938169414489 -15.76182836206234 0
1726 -43.87930400250696 31.31362251001302 -0
1727 -43.87875389518101 29.83900830190057 -0
1728 12.84014596715193 26.232247914447 0
1729 12.10871839969971 -12.43370375435085 0
1730 44.03980374353557 -34.91819834005848 0
1731 43.29053877995545 -33.65047480327033 0
1732 -22.85714293302726 -28.81403029072756 0
1733 -23.57142850950723 -27.57690585947601 0
1734 4.283906851368231 11.18541509573235 0
1735 2.854746418242251 11.18528114387124 0
1736 -43.8140239907788 22.74162024311208 -0
1737 -43.81223289570599 21.26825654413726 -0
1738 44.08210237952007 -42.58649444764845 0
1739 43.34070810064123 -43.87304262059436 0
1740 30.80476745391198 -37.48621944976104 0
1741 -38.70720479329465 18.4164349415802 -0
1742 -32.12039584532324 12.4097539702119 -0
1743 -42.60293470878112 43.81262904616682 -0
1744 16.51219240721988 40.01586638987139 0
1745 17.24700354317268 41.28285441811104 0
1746 16.51734414065267 42.55565109679232 0
1747 17.98541392625437 42.55183676095594 0
1748 -23.57142857142859 -12.42309367780496 0
1749 -15.71429850919966 -13.93761808381715 0
1750 27.34269077027924 43.73943202421827 0
1751 28.79879614357966 43.73057702312121 0
1752 9.245790635829607 20.02293036579421 0
1753 -1.40485965852565 13.93061556742036 -0
1754 -48.75621927314857 -11.94424362498107 0
1755 38.78907884548094 -31.14899704735618 0
1756 40.32173609619598 -31.13663062234939 0
1757 -11.93584938468225 48.70937851799137 -0
1758 -12.85714923079709 -16.43172490679218 0
1759 -13.57143377535686 -17.67637722196206 0
1760 -12.14285907245404 -17.67720816237711 0
1761 -12.85714404606354 -18.91577132852749 0
1762 -11.42857194832418 -18.91614048824449 0
1763 -12.14285742763587 -20.15361183277529 0
1764 -10.71428584837411 -20.15372205877267 0
1765 12.84727067173159 43.83736478412155 0
1766 11.37378790916844 43.83776657578893 0
1767 17.25440780722214 43.82750338819544 0
1768 43.73517306708827 -2.862750459797212 0
1769 43.73589573864309 -1.396818587704259 0
1770 -33.61279402037349 -44.71997470337868 0
1771 -42.46746322075636 10.41688744084679 -0
1772 34.28365539266461 -28.72250898569904 0
1773 10.63683578443482 42.56149541819146 0
1774 -8.859040385169969 15.62064185193687 -0
1775 -29.88521512628115 -8.646333401387272 0
1776 10.47250258633386 -34.94545746787283 0
1777 12.8571693719593 11.18607384823559 0
1778 28.71321057633041 10.00453589245106 0
1779 27.47494096021819 10.71906032664853 0
1780 26.23723296571206 10.00419646441982 0
1781 31.18992227136917 -12.86658206938403 0
1782 30.05393780360515 14.99316173721908 0
1783 30.0474241574015 16.41314211327227 0
1784 32.51260002164502 24.9968790335188 0
1785 32.49637941003309 26.42786767338402 0
1786 33.67818823014684 27.1426192736856 0
1787 32.49047279877735 27.85739452519727 0
1788 33.7378714450178 28.57190647212056 0
1789 32.49948047314561 29.28645986668561 0
1790 33.72550511968078 29.95074852932159 0
1791 32.49886427151073 30.70708002905904 0
1792 34.98019113000704 29.20349520545822 0
1793 7.151655383540973 -31.18568063736835 0
1794 42.44788891202024 -9.418392953316944 0
1795 43.70883442262691 -8.69580362752099 0
1796 35.96737731175823 -33.66301290385138 0
1797 1.571369562105679 43.84599339013037 0
1798 39.93339044674079 8.038541980041781 0
1799 39.9314993942268 9.483347833147029 0
1800 38.68219157541328 8.759643685554696 0
1801 12.63267291401428 -29.26901243894505 0
1802 -40.05222736761047 32.05387186153273 -0
1803 -11.42857149838244 -21.39096827741361 0
1804 -1.492510569260835 48.75557869182601 -0
1805 34.92592815059928 -0.6780952036750023 0
1806 4.478876403412086 48.7212197362993 0
1807 -48.75393574352428 35.79398568754913 -0
1808 17.14549198411293 31.30024160194206 0
1809 -41.18618890917117 44.67239178934386 -0
1810 -26.223756474086 24.21169686683712 -0
1811 -4.206610963868563 33.7441115147864 -0
1812 42.43834404248204 9.492136602336849 0
1813 43.69602648745348 8.770594651014175 0
1814 -43.88684441077724 43.09526777386936 -0
1815 -24.99546173708696 12.43245435877922 -0
1816 -24.27907778410605 13.67224054104046 -0
1817 -23.5637005831612 12.43221721678366 -0
1818 -6.24051493169322 -9.999972596196399 0
1819 -5.003070773076014 -10.7142630984506 0
1820 -8.57144785894085 -33.74760009148643 0
1821 -7.474358296528699 -6.428571428571649 0
1822 -12.85714291624097 -21.39097945580984 0
1823 -12.14285716434183 -22.62819001653518 0
1824 -22.14285714285714 -9.948796370354094 0
1825 -16.4285714285714 -32.52564170347303 0
1826 27.47436024016429 23.57141534797923 0
1827 -32.52563637002943 -23.57141933363334 0
1828 16.42857142857144 -12.52386484621258 0
1829 15.71428571428574 -11.28638955507236 0
1830 17.14285714285716 -11.28782091230997 0
1831 -27.57692511041911 -17.85714285714291 0
1832 -28.81410425868257 -18.57142857142862 0
1833 -22.14285721962046 -30.05120358532663 0
1834 7.476130447270586 -16.42857142857145 0
1835 8.713604953991386 -15.71428571428576 0
1836 8.712177347664264 -17.1428572129192 0
1837 -16.32410284303549 32.5181300212221 -0
1838 -12.52380375887322 3.571353924843397 -0
1839 -11.28621964860931 4.285624562384355 -0
1840 -11.28771731612433 2.85696001584115 -0
1841 -43.90887647032253 -41.62238037483419 0
1842 -43.90948161958134 -43.1030889378888 0
1843 -42.62625211700963 -43.84297545418941 0
1844 -10.09811529932805 16.33486682081498 -0
1845 -8.860041426486898 17.05087329779207 -0
1846 -10.09918833829023 17.76514880517089 -0
1847 -8.861070802186457 18.48113087030556 -0
1848 -10.10027371703522 19.19539743767912 -0
1849 -8.862114271585922 19.91137188426819 -0
1850 -10.10118408372174 20.62564277902469 -0
1851 -8.873342552386411 21.34154439788718 -0
1852 -10.10386916514938 22.0557107567959 -0
1853 -11.34041148127251 21.33985747769809 -0
1854 -11.34147267478166 22.76982737018145 -0
1855 -12.57907673002874 22.05397799072844 -0
1856 -12.58006707442698 23.48395991843214 -0
1857 -13.81781052615732 22.7683132699328 -0
1858 -13.81897284244919 24.19806828501553 -0
1859 -15.05674441859822 23.48241491040015 -0
1860 -15.05795124884289 24.91223772217873 -0
1861 -16.29579262733244 24.19667178039396 -0
1862 -16.30011797923643 25.62119068575673 -0
1863 -17.53544822688283 24.91016842315491 -0
1864 -17.5399887107027 26.33458149264239 -0
1865 -18.77464730343493 25.62471667242172 -0
1866 -18.76596591133186 27.07236542938844 -0
1867 -20.01219694526908 26.34264488356979 -0
1868 -20.00301024747059 27.79142683689784 -0
1869 -21.25175185063983 27.05761593026764 -0
1870 -21.25299977970878 28.48928311384234 -0
1871 -22.49403136584419 27.76849226589047 -0
1872 -19.97041542541056 29.23074465398595 -0
1873 -8.866194361186544 22.70378426425257 -0
1874 -22.49538482729105 29.20091497327444 -0
1875 -7.623985420671982 20.62737625376207 -0
1876 32.51323141557269 23.56658981884902 0
1877 -1.428571428565761 6.236858925750136 -0
1878 -13.81695061502706 21.33912938620589 -0
1879 12.52537687774506 -23.57100550510129 0
1880 11.28759608271009 -24.28502309217408 0
1881 11.28815836880521 -22.85606391273677 0
1882 29.95147813084829 -13.58061130980223 0
1883 -17.53432223813559 23.48265451191065 -0
1884 24.90288018862103 -32.5383745561383 0
1885 10.09624449991243 -4.921612154264354 0
1886 10.05848077156991 -3.558363930473704 0
1887 -28.7133368526672 35.72792546464958 -0
1888 21.5459803778422 -26.28406495685196 0
1889 29.9491783330527 2.129014260053887 0
1890 8.529819361565984 31.21228952856477 0
1891 7.087628092867655 31.21117131678506 0
1892 24.9409804223877 -42.57267720313348 0
1893 24.19525363038176 -43.84702600736921 0
1894 23.47330994001929 -42.56796141842185 0
1895 22.72189615475313 -43.84414802530318 0
1896 21.99536266600456 -42.56523312438354 0
1897 21.24754615362037 -43.84091374819148 0
1898 20.51343632136011 -42.56416928430434 0
1899 19.77311896301913 -43.83814422093916 0
1900 -33.59781392265626 9.948279154258584 -0
1901 -34.31621802539274 11.19248753468032 -0
1902 -35.03484514710615 9.947638175810219 -0
1903 -43.89561906064705 41.62808418356875 -0
1904 32.13255780992652 -27.47790831921797 0
1905 31.41677782447944 -26.23510642189763 0
1906 7.808077745730627 32.46177025174094 0
1907 6.363367573720316 32.46049111945052 0
1908 7.086081284403772 33.71348291703471 0
1909 5.637858733841779 33.71259874103522 0
1910 4.922438513827885 32.45428183893161 0
1911 6.362694522412853 34.9679703828965 0
1912 4.911105804069363 34.96689127480172 0
1913 28.76872884182965 -12.82393881640037 0
1914 -43.90767167796788 -40.14272451078639 0
1915 -7.288654835444659 -48.68981406468441 0
1916 7.462686566978024 -48.70742477047319 0
1917 -48.70742477047319 7.462686567325032 -0
1918 -12.14285714285706 -30.05128340694612 0
1919 11.42857108995229 6.237652848337516 0
1920 3.568859084315081 14.89864048787011 0
1921 4.28093397179352 16.13518481551061 0
1922 -22.84753917736258 13.67157650996776 -0
1923 -22.13239307203272 12.43191797332103 -0
1924 -43.87412091436781 44.73576952943503 -0
1925 -29.95452906466369 -39.40763373172943 0
1926 -29.95835126121079 -37.96170335849435 0
1927 33.64262330590503 45.65619293691623 0
1928 -23.57142857142833 -20.15384977423619 0
1929 45.65646227035104 33.64167546717886 0
1930 44.99195684771539 32.49112535694454 0
1931 45.65381357765423 26.35485279510839 0
1932 44.99026903452151 27.49960865774828 0
1933 3.507912190918886 24.98060096701761 0
1934 -8.712897087489623 -9.999982738339007 0
1935 -45.65636126845403 -26.35893057088547 0
1936 -44.98680871418878 -27.51156424291838 0
1937 -26.35886001538714 -45.65672436677056 0
1938 45.65664273356987 -26.3588929401721 0
1939 44.99998501095419 -27.48843900408391 0
1940 19.03949010085086 -42.56266329858407 0
1941 18.30055862575738 -43.83577224436033 0
1942 18.725534464948 43.82393149619543 0
1943 5.636124040647509 36.22455714137388 0
1944 35.22227445434439 -32.40160605055968 0
1945 34.49352487642808 -33.67265182153037 0
1946 45.65558814302109 13.64318781233271 0
1947 45.65695127718919 -13.64089229176506 0
1948 -45.12900977343227 -35.04293753706555 0
1949 2.789051355109591 26.22179517888452 0
1950 -27.49118252222185 -45.00216809035724 0
1951 -40.05183509303159 30.58369592047775 -0
1952 -38.78154941474672 31.31652118605132 -0
1953 -35.75392788197447 11.19286336018551 -0
1954 -36.42297674971084 9.975859199752849 -0
1955 4.183432741193714 36.22292616788403 0
1956 -31.18289861160715 -44.51573890121181 0
1957 -24.99402485033333 14.88618573425182 -0
1958 12.85307872105269 -11.27603684688282 0
1959 11.4329577856821 -11.2648600740734 0
1960 -7.142857142855959 -31.28728152801228 0
1961 11.35818942736533 -27.10470904127229 0
1962 -26.9282487523487 48.70099720796475 -0
1963 -27.85847511507554 -32.51033483028539 0
1964 -28.57378632759364 -33.74902883999034 0
1965 -45.12650539579386 -33.57029130010209 0
1966 9.999977334898686 6.237139950140711 0
1967 10.71428941542317 5.046746706286349 0
1968 -29.23417050884761 14.8904290954962 -0
1969 -28.55910101261911 16.1592830043006 -0
1970 -45.1337722916747 -36.49902868985393 0
1971 27.88058719758987 -45.13015837007578 0
1972 29.35825696653603 -45.13004419325144 0
1973 -36.19830302846295 44.57137730323673 -0
1974 -34.9269489890327 43.83562034354236 -0
1975 -34.93014077349 42.36671817472462 -0
1976 -33.6563374364837 43.09553527732806 -0
1977 -33.65899828704513 41.62860774326717 -0
1978 -32.39024523185527 42.35797845566358 -0
1979 -32.36118129024958 43.78084782884236 -0
1980 -31.11779700254208 43.07975330330044 -0
1981 -31.12945118507209 41.61833296437277 -0
1982 -31.08778799947189 44.49950306252475 -0
1983 6.23530384423136 -11.42857142857198 0
1984 44.8227098625668 -41.30033686093471 0
1985 6.237179148264603 5.7142857142859 0
1986 23.45418307060595 -45.12372697832431 0
1987 -43.90930861151226 -44.58578882281081 0
1988 9.960299670983556 21.26215399166243 0
1989 24.99727941268353 27.85767803284973 0
1990 24.99663855908268 29.28923132011983 0
1991 26.23702605975639 30.00541571844955 0
1992 15.00726947695104 -27.86057508579445 0
1993 15.00775173528938 -29.29418301162118 0
1994 -13.43283582104625 -48.70742477047318 0
1995 -44.97792740805255 13.31912017671163 -0
1996 -45.00230023633668 14.77295132135037 -0
1997 -8.711537444792713 -5.714285714285761 0
1998 -8.711537444792821 -4.285714285713809 0
1999 44.99299039067199 -12.50942160868512 0
2000 9.898667725799612 43.83791310748686 0
2001 -21.42857142857143 -11.18592135822466 0
2002 -20.7142857142857 -9.948734158755189 0
2003 7.511626923322294 -10.77510088050771 0
2004 -2.837288809505054 13.94158010550621 -0
2005 44.99999536771961 12.51623456712563 0
2006 44.76656033318778 -36.17660043323655 0
2007 7.100628303020497 18.78220765244506 0
2008 44.77048524185081 -33.64183160006183 0
2009 44.02362531792892 -32.3726395024724 0
2010 32.51504496853245 44.9999941691682 0
2011 11.85210580640359 -45.01922428769583 0
2012 10.39119102357196 -45.01300026695231 0
2013 13.31648215611118 -45.02459269015299 0
2014 35.72070500087168 -28.72121133054996 0
2015 38.6878126783765 -10.12998026494942 0
2016 37.44032230452302 -9.407972334629227 0
2017 37.43995786753035 -7.96727809159567 0
2018 36.18182191589217 -8.676919152234305 0
2019 36.14365456286525 -10.07509703971652 0
2020 -9.948716593056378 -4.999999999999797 0
2021 -9.948716593056627 -3.571428571428336 0
2022 48.75195698914901 46.05262056540632 0
2023 16.42857142857147 -10.05083096643997 0
2024 17.85714285714289 -10.05109696856606 0
2025 9.949167828399794 -16.42857144024852 0
2026 9.948902479294178 -17.8571430751133 0
2027 -10.06161535232328 3.552173755569703 -0
2028 -10.03990034543307 2.132206671188946 -0
2029 28.71156531208446 24.28571739805209 0
2030 28.71574816679609 22.8643383905466 0
2031 10.05031412288635 -23.57001238034607 0
2032 10.02101655318007 -22.13451335783499 0
2033 44.82624107945944 -43.87194664559851 0
2034 -35.08966055984489 12.4073675731583 -0
2035 23.69778691307701 44.99243010705068 0
2036 22.25854842031059 45.01481661733692 0
2037 28.07727442919375 44.99877652874608 0
2038 5.737439146375452 -31.2090440080604 0
2039 31.18881934405358 -14.29606467188497 0
2040 29.9507404746991 -15.00979399288445 0
2041 2.14007431942742 12.42286498024411 0
2042 1.430359157190122 11.23249335024504 0
2043 38.67930997266023 10.20087679992355 0
2044 37.43306540886233 9.478170834499315 0
2045 -31.20973699200674 -37.24098671571853 0
2046 17.99267096099511 45.06348553876721 0
2047 16.52063170590661 45.09925076767139 0
2048 -35.02999780848937 45.25719334751003 -0
2049 -13.60103706023373 -27.59401957940111 0
2050 -27.40333000897277 -26.41697522885308 0
2051 9.244603264992502 24.98377467820454 0
2052 5.642423753759672 7.087431661600723 0
2053 46.27954436779157 48.67885187098415 0
2054 -7.713917935737152 14.8677096662161 -0
2055 -10.00000010897334 -18.91656128150876 0
2056 30.05061565971765 13.5702840104799 0
2057 28.81748496808495 14.27746583673556 0
2058 9.665683227486953 -43.75000757524683 0
2059 32.51773395680522 10.7107214744425 0
2060 33.75497843607166 10.00332444593505 0
2061 -46.18412688464952 48.77821316737732 -0
2062 39.54608000237491 -29.8956689763037 0
2063 41.04721910969059 -29.87876790145909 0
2064 -4.265814395922344 18.89506153341223 -0
2065 11.28936596510855 -2.854965416984941 0
2066 10.05263353385105 -2.140316796006794 0
2067 -31.42610405450198 -6.23654911305016 0
2068 -32.12517429537377 -7.390847286323071 0
2069 -8.571428571427733 -31.28579619246428 0
2070 -21.42857145401268 -28.81407862708687 0
2071 -20.7142857313198 -30.05126583141027 0
2072 -16.4286407229022 -17.67912100415413 0
2073 -31.28846255520953 -17.14285714285719 0
2074 31.28711327883883 17.14058833153794 0
2075 30.0413666391851 17.84053960057422 0
2076 30.04667862381862 -33.7204715986795 0
2077 33.97737709759578 31.3445608221373 0
2078 32.5335425622912 32.08893959975991 0
2079 31.25623615104326 31.41295662668549 0
2080 31.28340588905333 32.84801281667451 0
2081 30.03001494886997 32.13350235389242 0
2082 30.04427755031863 33.57296127677481 0
2083 28.80725360471411 32.86040996925254 0
2084 28.80709052373478 34.29430788282151 0
2085 30.04875312678462 35.01058506334127 0
2086 28.80735935985801 35.73000692406175 0
2087 30.05115199262755 36.44759930794695 0
2088 27.55234583667432 33.58157084614581 0
2089 2.141098465158684 9.955492177712257 0
2090 0.7126441030006252 9.956398662163362 0
2091 -23.73426960236182 28.48461769733446 -0
2092 -23.73425746641889 29.91535512960761 -0
2093 26.23675961298316 11.43319007972872 0
2094 25.04398225928161 10.71585696013048 0
2095 -21.2520518091069 25.6244833772141 -0
2096 32.4263325296341 -9.298832796315615 0
2097 23.75641491811757 28.57243519908775 0
2098 16.25022511298911 -28.57585049464543 0
2099 16.27089266571498 -29.97639461055924 0
2100 17.49873514982924 -29.28625066379512 0
2101 17.5515825835373 -30.73674378888586 0
2102 18.75115755971169 -30.0100301514189 0
2103 -48.67735126497833 -6.080835694569886 0
2104 -33.6950320287401 5.632136998266395 -0
2105 -32.51402559022638 4.986284577637434 -0
2106 -23.7326955071017 27.05795569389669 -0
2107 0.796573237384399 40.09245844828743 0
2108 42.5757444585412 -37.46795640256516 0
2109 -40.0550419139896 -36.49735087344855 0
2110 -46.23709298989212 6.237306967212438e-12 -0
2111 -6.237306967212438e-12 -46.23709298989212 0
2112 10.63671926152119 45.11623215659115 0
2113 9.158564943114399 45.11604116677539 0
2114 15.04604863002931 37.4861309571825 0
2115 41.20045586022766 0.05696449144475031 0
2116 -41.26519812500555 21.27660587719037 -0
2117 -37.46980465720576 22.03403379063478 -0
2118 32.42577973862105 3.601111596670109 0
2119 35.74984441061071 46.36500030658348 0
2120 46.36564516801728 35.74993053810851 0
2121 17.97560651377702 40.01190388621592 0
2122 -46.22842106114044 -2.84777298692367 0
2123 2.857142857140227 -46.237179148265 0
2124 -46.23717914825951 2.857142857144179 -0
2125 -2.857142857144179 -46.23717914825951 0
2126 31.18523533480458 1.410699466395801 0
2127 29.94783051462254 0.6941395287463783 0
2128 7.089884400729816 36.22530498475963 0
2129 6.361924869722473 37.4849535560882 0
2130 19.43952416273703 42.53796289790282 0
2131 -32.44653034375695 16.265363414051 -0
2132 -8.856986243773443 12.76046481141739 -0
2133 -9.90685275449222 -10.71427493095031 0
2134 31.47747642612666 -31.18763156439789 0
2135 -29.84838822095088 43.80481692488596 -0
2136 46.32341148289131 38.42927548054478 0
2137 38.67571440096329 46.18048279130338 0
2138 -30.08565658333675 -29.28491112469048 0
2139 25.00704693024667 9.28899962896063 0
2140 23.87142483671173 10.07480420365737 0
2141 -5.000000000001151 -9.285714285715404 0
2142 -3.756819480973421 -10.01127736560527 0
2143 -45.05686503473174 22.00461594831336 -0
2144 -45.0489710339921 20.52982678982625 -0
2145 -45.08552515416336 23.47968214762861 -0
2146 -43.80309356108532 19.7941211216999 -0
2147 -45.04342779223584 19.05512333184686 -0
2148 45.00441955685881 -2.130012566315676 0
2149 45.00748489860935 -0.6593903658496919 0
2150 46.21202800257731 41.55037459942868 0
2151 41.54831661222034 46.21177342624291 0
2152 19.03346382951468 -45.11227004841098 0
2153 17.57598057393047 -45.06566799375049 0
2154 -24.28312783694127 46.24242426845803 -0
2155 46.23717914826348 24.2857142857143 0
2156 -24.28571428571429 -46.23717914826349 0
2157 -46.23717914826348 -24.2857142857143 0
2158 46.23717914826349 -24.28571428571429 0
2159 -25.00000000000002 -12.42308448848509 0
2160 -12.50580577123314 7.849251475745438 -0
2161 -13.74723104852445 8.553622484732426 -0
2162 -21.30855151937853 46.40981917062894 -0
2163 46.27473185419468 21.49915524128125 0
2164 -21.49901800075511 -46.27468684837424 0
2165 -46.27468711569715 -21.49901883704159 0
2166 46.27468527081988 -21.4990130605617 0
2167 -18.58072661879934 -46.2748448363621 0
2168 46.27484483636211 18.58072661879935 0
2169 -18.58072661879935 46.27484483636211 -0
2170 46.27476985389507 -18.58118584798992 0
2171 -46.27484483635926 -18.58072661876479 0
2172 -15.65470226293992 -46.18590179358792 0
2173 46.36057225128704 15.78641282594993 0
2174 -15.79638393930492 46.35455234297787 -0
2175 46.36162590812251 -15.78720336343131 0
2176 -46.35980113339006 -15.78647390352638 0
2177 -42.59916787371121 29.10299722821112 -0
2178 -43.87628151923561 28.36323216211029 -0
2179 8.557000640457979 -31.17742843632389 0
2180 7.803709410583648 -32.38151701302775 0
2181 18.75874883109142 -31.45099943869801 0
2182 19.98951776941151 -30.72892133554896 0
2183 -38.77992508610457 29.85151287155661 -0
2184 -37.51297401206475 30.5826328420697 -0
2185 -12.1428604371343 -15.194131171126 0
2186 -12.85714285714252 -13.96795447952077 0
2187 3.461414581277394 34.96580498450273 0
2188 38.15540041772388 -45.15386031958335 0
2189 36.67284830826834 -45.15272434125015 0
2190 39.63742681665192 -45.15463993406781 0
2191 -43.7206934800795 9.6850339533857 -0
2192 -42.46032091552895 8.967985521731766 -0
2193 -44.98434414679559 10.40549987863043 -0
2194 -29.84111109959872 45.22237511524594 -0
2195 -45.17225978171466 42.35857802105367 -0
2196 -45.16322811777769 40.91780281020345 -0
2197 -45.19057607594787 -40.88208321190672 0
2198 -45.19451066547749 -43.84448932629476 0
2199 -45.19515972123214 -45.32991537614629 0
2200 -45.15771495058223 29.09949429412116 -0
2201 -45.15464785891815 27.62083288551193 -0
2202 5.166684421280712 45.19412321795833 0
2203 28.80296549906813 37.184544179741 0
2204 30.13977460037383 37.87470383837364 0
2205 -11.45955973052682 24.19092531635967 -0
2206 -37.38841770220758 45.2594517607887 -0
2207 46.44452202666278 32.51315149903742 0
2208 45.72226538022088 31.24818784666639 0
2209 44.27763528340525 31.24989924900576 0
2210 32.51432733791604 46.4448647462639 0
2211 44.08394036952991 -45.15961162787724 0
2212 -45.16330491338948 36.475379047137 -0
2213 -45.16478312900291 34.99807871912273 -0
2214 -24.22911639413638 -18.94934779569276 0
2215 12.57972612005693 -46.29421727352884 0
2216 -17.47260342742009 27.80959924501721 -0
2217 45.42585279166566 -32.40943972357697 0
2218 44.73166065265401 -31.14753991868337 0
2219 -11.28262972474925 7.141854958006462 -0
2220 -10.00000003398306 -21.39099782680942 0
2221 -45.71428571428571 -13.76282085173651 0
2222 -45.00000000000001 -12.52004826339336 0
2223 -43.60103786430832 -12.50189485888835 0
2224 -44.28611227331471 -11.27512532078104 0
2225 -42.88719921491528 -11.25828109589148 0
2226 -43.56719771660307 -10.03310178158298 0
2227 -42.13430545036454 -10.03819196039964 0
2228 -44.99580353782524 -10.0327679651361 0
2229 46.20403471617226 44.31998088082523 0
2230 44.28571428571427 46.23717914826348 0
2231 10.7651232753334 -12.35492596495063 0
2232 -22.49672333029348 30.63210465046114 -0
2233 -13.63351979963272 45.57129674364805 -0
2234 -12.51226501748795 44.99998581222304 -0
2235 -12.51457921326687 43.55860440089632 -0
2236 -11.26102555259152 44.274463085566 -0
2237 -11.26569090251404 42.82648449708558 -0
2238 -10.00819620760839 43.54558430707834 -0
2239 -10.01347497052734 42.09513254174847 -0
2240 -8.751406803947482 42.81361892843168 -0
2241 -8.746993516644176 44.26957388495482 -0
2242 -8.759724288014628 41.36196725308351 -0
2243 -10.01981096007974 40.64550323719999 -0
2244 -8.769927030515912 39.91521812294904 -0
2245 -10.02539190745019 39.199602729146 -0
2246 -8.811239573598362 38.47106509243713 -0
2247 -10.03661968319112 37.7559975000321 -0
2248 -8.82603730576125 37.02873823721366 -0
2249 -7.485187172974715 43.53479115635719 -0
2250 -7.469266716077495 44.97776722976319 -0
2251 -10.0448240827166 36.31481121439168 -0
2252 -8.802180968440156 35.58835639590768 -0
2253 24.99596275574565 30.72244164838704 0
2254 -42.62366438431241 -45.32689839320711 0
2255 -13.84500738808633 25.62793997665791 -0
2256 9.28840612786745 -29.94715426449383 0
2257 19.98892176424925 -29.28930407081269 0
2258 21.2344312503131 -30.00749394516244 0
2259 21.23623367901687 -31.44824332239538 0
2260 -11.24504648666388 45.69344139010941 -0
2261 -33.69155094491694 15.54604551138297 -0
2262 -19.99999999999995 -11.2371863453649 0
2263 -19.28571428571426 -9.95726795467875 0
2264 -18.57142857142851 -11.24715280920887 0
2265 -19.99999999999968 -13.96795447952066 0
2266 -3.745045949006267 -11.40050617625126 0
2267 -2.521678991225832 -10.71148773316662 0
2268 9.162699233457708 42.56650063322981 0
2269 9.90088690359282 41.28591115764245 0
2270 -2.517467856695823 -9.298408651373233 0
2271 -1.286439795374288 -10.00164939742345 0
2272 -1.286763120776435 -8.573819198609833 0
2273 -0.0506630412370491 -9.286387623148592 0
2274 -0.05084288602408654 -10.71467283676179 0
2275 1.153560178542239 -10.05648983252292 0
2276 27.56009515198662 36.45186975926948 0
2277 -32.52564170347301 -10.71428571428579 0
2278 -33.77743309533763 -10.02530914832998 0
2279 -35.00245636282726 -10.71854025950477 0
2280 -35.01746388383923 -9.315889909737923 0
2281 -36.216425171963 -10.00573622358217 0
2282 0.007908739586801068 11.32318299529696 0
2283 2.853498945545639 16.13636487238097 0
2284 9.897758650789168 46.35778948140487 0
2285 -29.29011270842551 -32.5992461412862 0
2286 45.57137029476986 -45.15903354184255 0
2287 13.31611279855427 -32.55712102605956 0
2288 -10.04615397256561 34.87552343285681 -0
2289 -24.28462395229211 -13.70693912863228 0
2290 -21.42505520848312 13.66606317251794 -0
2291 -20.71156124750695 12.42569804358528 -0
2292 -21.41901305710125 11.19166097245642 -0
2293 -19.98860680000473 11.19121880764006 -0
2294 -19.27729379316323 12.30896038050962 -0
2295 -18.55722871988541 11.15439451490085 -0
2296 -19.272299838315 9.947151703655116 -0
2297 -17.84204180844177 9.94578031519654 -0
2298 46.43828442459728 27.4799535398928 0
2299 -24.93396912649249 -20.19197307486203 0
2300 -24.26914871827312 -21.39417373346198 0
2301 10.67601359999969 20.02378965533439 0
2302 9.961948170032223 18.78486400129174 0
2303 39.93352715306009 -10.85297914233188 0
2304 46.44647059889226 -27.48916266045362 0
2305 -46.44684034402378 -27.48919175695895 0
2306 -45.72247491195697 -28.74748359914307 0
2307 -44.26651483322328 -28.74956665512802 0
2308 -44.9930684643146 -30.00700469751282 0
2309 -27.48926319730395 -46.44691838950157 0
2310 -8.486966929373615 6.297115112967177 -0
2311 31.29009152218321 45.70306303747235 0
2312 -6.212366416957067 44.25675164107384 -0
2313 -6.19535473361759 45.70444625028646 -0
2314 -4.935182067191654 44.98320181064048 -0
2315 39.92619407372248 10.92555134969153 0
2316 -6.237179148263487 -45.71428571428571 0
2317 -7.480327616458654 -45.00000000000001 0
2318 -7.478428463590345 -43.56662493922879 0
2319 -8.722065834102644 -44.28006997483897 0
2320 -8.718233075353172 -42.84580118876284 0
2321 -9.962747374689421 -43.55871721482538 0
2322 -9.957328998015466 -42.12529353513808 0
2323 -9.967352744555928 -44.99691572573815 0
2324 6.166079052542991 -45.7108062661982 0
2325 9.285703543202246 4.999934340801082 0
2326 10.04134637622583 3.639258215805987 0
2327 -45.70365395173227 6.173519858286619 -0
2328 5.673924807867898 18.75140627945299 0
2329 4.953366768432932 20.01391552865133 0
2330 7.132556489292926 -6.254979196940941 0
2331 7.855426081548686 -7.466797025361949 0
2332 25.83743496922651 -13.75614795688644 0
2333 25.02053350840298 -12.52442978302135 0
2334 23.57473756178175 -12.5253686271363 0
2335 24.28962887944436 -11.28799354283763 0
2336 22.85684832294739 -11.28825900888807 0
2337 23.57942978075057 -10.03719658660927 0
2338 22.16616548870105 -10.02671106149907 0
2339 24.98741277204978 -10.04094675245958 0
2340 -48.8204088015771 -47.72177976129517 0
2341 48.69972767244688 -47.74062701687633 0
2342 31.51725094496673 -33.70976211502975 0
2343 -9.988429045033596 -27.87760097305634 0
2344 -17.15191372062977 11.22901803306037 -0
2345 31.18783045820513 -15.72504267750676 0
2346 29.94996504093925 -16.4387097428637 0
2347 31.18688291412765 -17.15385419191389 0
2348 29.94910190036131 -17.8674560814906 0
2349 31.18893125719963 -18.58257360771815 0
2350 29.94872726554247 -19.29612780874902 0
2351 31.18860173775416 -20.01122120224046 0
2352 29.94801001712014 -20.72476006180284 0
2353 31.19496206002876 -21.45131618479279 0
2354 29.97233706832994 -22.11387746739124 0
2355 31.18333282893096 -22.86858867732364 0
2356 29.98412460297179 -23.62436002211093 0
2357 -31.20539184962443 46.02506772850506 -0
2358 -11.16067076366803 -4.28571428571414 0
2359 -11.19813153539133 -2.857142368159581 0
2360 -9.950753594593941 -2.142856212387573 0
2361 -11.20471720377002 -1.428567795916231 0
2362 31.23166679930787 25.71344206645438 0
2363 32.42713187238373 -13.58228961850792 0
2364 -2.128401041031074 12.64368699753256 -0
2365 12.14291084636058 -10.04527870870253 0
2366 10.79588735384123 -10.07848958916631 0
2367 -7.857142857141782 -30.050642175289 0
2368 -6.428571428570272 -30.05097969713705 0
2369 -28.70677114437092 -38.68195411469149 0
2370 36.19071596753473 -7.245488468563936 0
2371 37.43925897214027 -6.52677839513423 0
2372 -29.91736997512928 -36.3217958072073 0
2373 35.23999845174627 -34.92641148902706 0
2374 -48.75259321771134 4.457259812739303 -0
2375 -4.45718271979421 -48.75238794967291 0
2376 4.457316500149209 -48.75253501732632 0
2377 -28.62709056928461 44.49327596223635 -0
2378 -28.58032909854186 46.0006650267053 -0
2379 21.27047294833144 -41.29061235494765 0
2380 -44.27443598259649 -8.788414203596144 0
2381 -45.71557977278023 -8.784080386422112 0
2382 -11.18701265444861 -44.27695090224865 0
2383 -11.18462857933425 -45.71749837195978 0
2384 33.77215265344162 -34.93184631740182 0
2385 22.43186742626732 -30.72619119012008 0
2386 37.43413742445387 8.0375850453801 0
2387 -34.93041157184203 40.89844389147486 -0
2388 -33.66306143909922 40.16336873311909 -0
2389 -38.73440146654082 12.6848841437372 -0
2390 -9.948714638798061 -0.7142823294123166 0
2391 -41.20870974219657 9.699340392582439 -0
2392 17.24253488138746 38.74783209419468 0
2393 -38.77937091347812 32.79044547287686 -0
2394 -29.94774347709833 -40.85840173294128 0
2395 46.44329837120078 12.51542736584184 0
2396 45.70710904728013 11.29217797362804 0
2397 11.18774352095017 -36.19257675906562 0
2398 9.749809266863252 -36.18755264299497 0
2399 15.61781399524307 28.68513631303454 0
2400 39.93805484674835 -5.052377508464637 0
2401 28.71223779020487 -17.15237573487272 0
2402 10.69196553335627 27.47303455248041 0
2403 4.226793309738929 23.73970984154268 0
2404 46.44710455728557 -12.51046529291179 0
2405 45.70019319131619 -11.29162763059225 0
2406 -34.41784329849991 7.17263838796251 -0
2407 9.960626077850041 23.74244907763942 0
2408 -26.31212041512621 32.84983063031304 -0
2409 31.28622552573221 18.5686652020658 0
2410 30.03602202017237 19.29000918564138 0
2411 28.80080012868786 18.55576203621562 0
2412 31.25541748174698 20.00764170810447 0
2413 11.28846255520889 -1.428571428573962 0
2414 10.05150842762315 -0.7138623129589563 0
2415 8.814366767415033 -1.428077467584793 0
2416 8.805108759661998 0.01491932123946293 0
2417 10.04982255908724 0.7168434670124603 0
2418 8.79994568523831 1.421328051290548 0
2419 3.571428571427909 -7.475545328433899 0
2420 4.302706643652193 -8.657169641339918 0
2421 -3.571428571427015 -32.52386955272868 0
2422 -11.4285714285714 -31.28845618983316 0
2423 -8.711537444792224 -7.142857142857826 0
2424 15.00000000000002 -10.05086250017225 0
2425 -31.28846255520968 -11.42857142857149 0
2426 -14.28571535118893 -18.9160019981753 0
2427 -13.57142858485888 -22.62819711501152 0
2428 -12.85714286296189 -23.86538268176471 0
2429 -23.56199558949875 -17.63365462749865 0
2430 -21.4285714285714 -8.711553668624031 0
2431 -14.28571429780218 -21.39101914982743 0
2432 -20.00000000707917 -28.81409705749406 0
2433 -19.28571428973315 -30.05127927749212 0
2434 -20.71428571970572 -27.57691978782882 0
2435 -21.42857144420434 -31.28844632235037 0
2436 18.57143211446475 -11.28832658723587 0
2437 -28.82187496031101 -21.42804396197706 0
2438 -30.05278829062425 -22.14240562926929 0
2439 -30.05282933783048 -20.71412255092205 0
2440 -31.28864785735742 -21.42853409396558 0
2441 -31.28875109404824 -19.99996658367182 0
2442 -4.28571428571353 -31.28639467993962 0
2443 -2.857141129010775 -31.28782263158198 0
2444 -3.57142778898324 -30.06206749145966 0
2445 -2.142852054445614 -30.05296985468566 0
2446 -9.900155446438447 -12.14284743924226 0
2447 8.711673170927584 -18.57143225828726 0
2448 -1.428562230613811 -31.28863836112406 0
2449 -0.714384456117903 -30.05165371337423 0
2450 7.736035433710448e-06 -31.28856140704744 0
2451 0.7143184711816256 -30.05127401300334 0
2452 -1.432322908191276 -28.80310404904245 0
2453 1.428626201990399 -31.28848021299991 0
2454 15.00000600512554 9.94920471673861 0
2455 16.42857405783973 9.949122795493839 0
2456 17.1428581321208 8.711926898742849 0
2457 17.85714641480953 9.94884998698266 0
2458 15.70948930052535 11.19983307972967 0
2459 18.7440244781613 8.612508442184634 0
2460 19.28571921513051 9.948710951961374 0
2461 18.57144033519796 11.18592306490456 0
2462 20.00340655162474 11.2005409851737 0
2463 20.63581858917978 10.01273235102679 0
2464 21.37042390415748 11.24183614727801 0
2465 -11.25610738585788 1.418891346115257 -0
2466 12.1428938416317 12.44783171867515 0
2467 13.57006499747578 12.42645542894475 0
2468 12.8572433348027 13.66049439603226 0
2469 8.571160850516179 8.711385849606717 0
2470 2.139248350183917 14.8984104700175 0
2471 -32.52353945232029 3.568896192974582 -0
2472 -31.28576941789582 4.282659237278715 -0
2473 -31.28826872581189 2.856524071374661 -0
2474 -30.05036536020575 3.570190876865338 -0
2475 -30.05103978437539 2.141810988865751 -0
2476 -30.04997350683922 4.999038251584341 -0
2477 -28.83840704440066 4.284617187126888 -0
2478 -31.28848906411213 1.427795962664239 -0
2479 -30.05141820270801 0.7131925046172216 -0
2480 -31.2888150313502 -0.0008614776180239647 0
2481 -30.05174599427815 -0.7154484652849142 0
2482 -28.81391775755213 1.427318390172752 -0
2483 -11.33822274868715 18.47962381033562 -0
2484 44.07897056799916 -40.01739305635469 0
2485 45.56302876383015 -40.01428580050484 0
2486 19.28571428571431 -10.05128340694615 0
2487 18.57143880158508 -8.814056155861085 0
2488 19.99991583876785 -11.28845234926117 0
2489 -2.857000227550375 8.720364836788693 -0
2490 -27.13930451851512 16.15817612087417 -0
2491 -27.85517681547045 17.40197989787474 -0
2492 -29.28313938141557 17.40728198437445 -0
2493 -31.28901563338687 -1.429489074271411 0
2494 20.01458964806642 -8.805571656131875 0
2495 5.70073693579139 16.16151162002063 0
2496 11.27421188676657 -21.42682133477348 0
2497 -41.34042926373532 -44.5831410131132 0
2498 -31.17828907569908 21.3399076756113 -0
2499 10.05596272755313 -24.98811359521561 0
2500 31.26701149312252 11.42821244437129 0
2501 28.71047751969266 2.848191410088063 0
2502 3.504805601068965 27.46484938901771 0
2503 2.06969165019443 27.4633642546796 0
2504 2.786114400778651 28.70762541559701 0
2505 1.360068046784903 28.70018621134003 0
2506 2.078381447288339 29.94540295764142 0
2507 -43.77177283250283 18.34397106502606 -0
2508 29.96728020284932 9.288241839024337 0
2509 32.68747465172424 33.63044041736165 0
2510 35.93465119881668 -43.86914311231215 0
2511 35.19111833152887 -45.15109327151882 0
2512 34.45323244145184 -43.86824700973496 0
2513 33.71002972898966 -45.14951061700145 0
2514 27.47438201894822 -3.571518675097806 0
2515 -41.31388459871074 -11.39753937200285 0
2516 -40.67935293082492 -10.01251150396884 0
2517 -41.4052782304061 -8.801930591671987 0
2518 -39.97307835273836 -8.803678181976661 0
2519 -39.34832198979414 -9.991981112610343 0
2520 -38.65553261163337 -8.858710879939085 0
2521 3.555105850884718 17.39923445268279 0
2522 -8.715742972468474 -41.41295262146976 0
2523 -9.953296088388278 -40.69365889358902 0
2524 -11.19495515281449 -41.40515646582512 0
2525 -11.19011445113571 -39.97465790363154 0
2526 -9.949414224829386 -39.26338941385218 0
2527 -11.1965753284305 -38.53838165957362 0
2528 -9.957098043833621 -37.80480658499842 0
2529 -11.18113333323543 -37.11538571529466 0
2530 44.98212674566205 -3.598064637240267 0
2531 28.73839396121752 -21.3896148808887 0
2532 -18.55732550362993 8.714345556048313 -0
2533 -17.17095895429291 8.689921040069731 -0
2534 -19.98837250261067 8.713870980190853 -0
2535 43.7346741140129 0.07309926804792438 0
2536 45.00672616467857 0.8117362307483029 0
2537 43.56534454067874 27.48103314879005 0
2538 -30.05204346405679 -2.144060545927128 0
2539 -31.31237299442869 -2.817472655273074 0
2540 9.248915250846801 32.46038537294366 0
2541 32.98405365803464 -43.85513806770047 0
2542 42.59705650522955 -45.15954750633592 0
2543 24.24295388216112 -38.75983359062401 0
2544 -8.711916645809843 -38.54806552236089 0
2545 -8.696992432113674 -37.13455989621534 0
2546 -32.45526111555957 24.92802012650144 -0
2547 -27.59768029029393 -19.30402978819505 0
2548 3.505079317810715 29.95319497705604 0
2549 10.46357139545638 -37.43492723001978 0
2550 9.03086146394557 -37.43310887499293 0
2551 9.740936274573677 -38.67861504858084 0
2552 8.308082531137917 -38.67742768312203 0
2553 3.761117272044091 45.159066195621 0
2554 28.78327901727896 20.0127663289445 0
2555 -42.58654844448992 -36.49779945808619 0
2556 16.21929459219996 -39.97918928150767 0
2557 26.61602973563094 45.00582432543175 0
2558 28.61154515872264 -36.23340225306938 0
2559 31.25145423898199 35.72689870154085 0
2560 -24.97668541079725 29.21053014766713 -0
2561 28.79138370662012 31.42590308008288 0
2562 -34.97231319325833 -43.83188347157176 0
2563 -34.98952502838982 -45.26820702615154 0
2564 43.64569392888454 12.59198491036585 0
2565 -8.810988350284235 45.95257897867432 -0
2566 34.46537364878225 47.38209487226088 0
2567 -11.25902101284874 -11.36852184185211 0
2568 32.50135846908238 43.51421824937603 0
2569 47.38256644649121 34.46514797889584 0
2570 -43.89187602959672 40.15571490713405 -0
2571 -45.13980988691615 39.44117899879893 -0
2572 -22.85204901086022 -13.67087403381977 0
2573 43.63685106520121 -12.58102440932909 0
2574 43.69319360968062 -27.4538391106122 0
2575 -27.47451429129416 -43.62433138643189 0
2576 2.782227484761164 31.1963107517865 0
2577 -36.25927520179567 -44.54395429480081 0
2578 30.70111130912387 -27.47489118735119 0
2579 29.98485133751465 -26.23183664504032 0
2580 9.017651233437098 -39.92244857965593 0
2581 9.94365135613562 -31.18760472578135 0
2582 34.92319933005708 -7.945083079887837 0
2583 9.035997501838757 -34.94858430122671 0
2584 -8.804016215847202 34.14956672985163 -0
2585 -7.553597707038216 34.86216025361751 -0
2586 -10.05239498834779 33.43838373900132 -0
2587 37.4455274334649 10.91752456209867 0
2588 -26.45824487158475 17.38043890148492 -0
2589 -45.18580486378938 -39.40741968529057 0
2590 -11.2732392315538 38.48338727921729 -0
2591 -23.72339578587387 31.33571981388606 -0
2592 7.812581899520393 37.48221651178811 0
2593 8.854592341922137 -4.198148199415829 0
2594 15.71428571428578 -8.814104258682656 0
2595 8.818746438237133 -24.27293092628344 0
2596 24.28564543299089 -8.813310755068496 0
2597 16.96366008700965 -33.71195462814398 0
2598 2.086377128705847 24.9863725579777 0
2599 30.09678022849175 -43.84926132279811 0
2600 -6.220162131282038 42.79046365569931 -0
2601 47.18324850652167 25.58499967419894 0
2602 32.24586355855181 -45.13254462730351 0
2603 -9.94871659305268 -9.285714285715226 0
2604 -47.22243398226907 -25.55388471354215 0
2605 -25.55388215866797 -47.22246405950103 0
2606 47.22257639681718 -25.55386928474388 0
2607 -11.28795432886998 8.572247002601298 -0
2608 28.06124425569777 40.01612825916531 0
2609 4.906656496374957 -12.35230192686391 0
2610 -7.691258065860262 5.044026282343284 -0
2611 -47.18126274382084 -14.35565462630644 0
2612 11.41379209044619 18.78389097641111 0
2613 10.67772476229764 17.54718786304718 0
2614 9.248112375124569 17.54602714899129 0
2615 -27.68148385332061 -35.03185534911875 0
2616 47.36580185938939 14.43871702577268 0
2617 -14.38447059014355 47.36629620522731 -0
2618 47.36826954956826 -14.43808124541597 0
2619 -46.44069721975281 -10.03566127725337 0
2620 1.180579901006053 -11.43805092107089 0
2621 2.384287278518911 -10.78159369099415 0
2622 22.45616310001961 -32.13184596599835 0
2623 21.23127507617427 -32.88639406521862 0
2624 -22.13289374128169 14.90997876188689 -0
2625 -48.72482567632151 -1.470181842714361 0
2626 1.469148333735598 -48.72542237300861 0
2627 -48.72482554785046 1.47121535192833 -0
2628 -1.47121535192833 -48.72482554785046 0
2629 -43.73939387629821 15.51047288668592 -0
2630 -46.46531937185819 -40.12863325749829 0
2631 -46.44424874464736 41.64303003454422 -0
2632 -45.00034184907435 17.59965091457023 -0
2633 11.39070093203463 21.26277326062489 0
2634 -25.70688443238095 46.2095311297683 -0
2635 17.59154219846159 -42.53349307724223 0
2636 22.2727225282276 42.47409285283506 0
2637 0.6469919078696619 27.4840131561423 0
2638 -42.5051511780767 19.08666232408472 -0
2639 7.114620258143806 38.73252572862551 0
2640 8.543875488923062 38.74475853976391 0
2641 38.91216340230648 -46.43077332868981 0
2642 1.366855069561874 31.19975423971984 0
2643 -46.39605428326847 -35.77509339642755 0
2644 46.26584520730572 -1.39640473884854 0
2645 -25.00000136340322 -27.57691531668183 0
2646 -24.28571411411015 -26.33974002474374 0
2647 -22.85714212212746 -26.33974178590406 0
2648 -23.57142649933284 -25.10256546802593 0
2649 -22.1428555607145 -25.10256605865664 0
2650 -22.85713995173285 -23.86538724310829 0
2651 -11.43431541157126 -23.86206746400904 0
2652 -12.14381447432683 -25.04740693716714 0
2653 19.45493686172448 45.03099299356151 0
2654 35.04337561401191 12.39420405219193 0
2655 46.23037743225275 -33.66158164395082 0
2656 36.18853747835953 8.739627722555998 0
2657 36.18811190842946 7.312734443741322 0
2658 -36.29571706028427 -45.95640490333557 0
2659 -37.54512406460034 -45.27520447152623 0
2660 -35.04285495155808 -46.88746439316677 0
2661 37.15009917309585 48.65268069321437 0
2662 48.65331875263214 37.15275984886406 0
2663 -44.9771515566645 8.952218134839864 -0
2664 2.067650362376948 32.43665178236965 0
2665 46.31393197718052 -43.86927252782768 0
2666 -14.27977899129323 -46.24060589209522 0
2667 -41.32642451097371 -46.04866771651962 0
2668 -23.57142857142859 -14.8974331861079 0
2669 8.934160174612069 -45.00703634986272 0
2670 46.27479391497276 45.81671298532224 0
2671 -37.50174289871403 29.1388183734407 -0
2672 -36.24480100639296 29.85358135057036 -0
2673 -36.24988760633968 31.31867478161622 -0
2674 -34.98337948523232 30.59006358323555 -0
2675 -34.98273007734045 29.12798206075464 -0
2676 -33.72928176903362 29.85655059497926 -0
2677 -33.72974361191285 28.40230905053931 -0
2678 -34.97949716119465 27.67412658796676 -0
2679 -40.03985647302186 29.13253499831601 -0
2680 -46.39235993944184 28.37618768021524 -0
2681 12.32692680552067 4.972075665870007 0
2682 -28.74763312452816 -45.72249271127539 0
2683 24.99901235103074 12.14769135640351 0
2684 26.2364002243152 12.86259493421643 0
2685 2.750142492366487 36.22391763578908 0
2686 -0.03413974486944188 28.75350081600006 -0
2687 40.29536135298876 48.73466996697258 0
2688 48.73514050860845 40.3015532023306 0
2689 -11.25267551927801 35.60252128586583 -0
2690 -42.55722935146058 27.67196412087051 -0
2691 43.34067663132863 -46.44755747122799 0
2692 -7.58966245307044 33.47261742708037 -0
2693 46.19505158410574 -31.14190701444942 0
2694 35.93021795337545 -46.43621952398816 0
2695 -28.62408240464644 43.07231727006408 -0
2696 40.31991395787124 -28.65046775782725 0
2697 38.78739570884699 -28.67093379463969 0
2698 -28.57305893944626 18.64711878521681 -0
2699 -29.98528761525274 18.63374678752737 -0
2700 38.68647321455974 -11.56993415257584 0
2701 32.9447168555628 -46.41453936643925 0
2702 31.49539114072973 -46.42077082512176 0
2703 14.05091298932742 -46.26899602170465 0
2704 14.75766639788821 -45.02224074878865 0
2705 15.45493204785856 -46.26510764706693 0
2706 34.94159482138431 8.025838866027012 0
2707 34.94286036953577 6.591412231430574 0
2708 40.35742912178377 -46.42534311457496 0
2709 -7.343846270460128 39.01657276231324 -0
2710 48.70742477047317 43.28358208956364 0
2711 43.28259413647568 48.73731509403517 0
2712 -29.93370942700143 -33.85779317420194 0
2713 9.967849066402035 16.27892101029378 0
2714 11.39335346905576 16.30979285820748 0
2715 -3.559461617096553 12.64535736947659 -0
2716 -4.267411937926783 13.94375289917195 -0
2717 -28.75268940490239 -31.27573716459055 0
2718 -7.667276229583006 17.87551326252841 -0
2719 48.87848040490813 22.39378913131983 0
2720 -22.39351429161558 -48.87860802774316 0
2721 -22.39770879457292 48.56396419493895 -0
2722 -48.8786072413542 -22.39351596392962 0
2723 48.87861267453997 -22.39350441281428 0
2724 -38.53618616126951 11.18535186916389 -0
2725 27.57399700755631 -9.290412184234686 0
2726 27.62550895790039 -10.73314593367855 0
2727 9.943179975560843 -15.01031680366757 0
2728 11.18589574131753 -15.71428571428583 0
2729 0.05833005079866423 13.85808502862912 0
2730 -46.41759346743947 -38.66620293503909 0
2731 1.445592023074147 16.21244895655426 0
2732 -5.602345696761359 18.8277081488026 -0
2733 -4.960986282860006 20.1197698291833 -0
2734 28.61022844934677 -46.37432096317574 0
2735 27.14103975738555 -46.40309398220928 0
2736 8.598328793884694 3.902921910125273 0
2737 8.571390833971078 6.237115307624719 0
2738 -46.25936883402296 22.68215068944936 -0
2739 -46.31926030586837 24.21057274737936 -0
2740 -45.06576696199011 24.90734491994149 -0
2741 -46.36107035126773 25.67734851854238 -0
2742 -5.058407028565355 -6.507173099742791 0
2743 -26.36654094501063 -4.230758522211417 0
2744 35.76448151301802 26.29717025966701 0
2745 -19.39995032879859 -48.7397426859003 0
2746 48.73974268590031 19.39995032879857 0
2747 -19.39995032879857 48.73974268590031 -0
2748 48.73939631422212 -19.40304628808633 0
2749 -48.73974268589399 -19.39995032849555 0
2750 25.03855727232527 6.496863156736631 0
2751 -28.81468946168426 -1.430030626831448 0
2752 -34.95684498002843 -26.48982460134484 0
2753 7.56639294248396 -0.6969506124026343 0
2754 -8.824756237210062 2.832873416031047 -0
2755 -8.800763702532045 1.417942927039729 -0
2756 29.96606273987766 23.57233726662465 0
2757 26.48302795915683 -25.04892660234687 0
2758 29.96862986652087 27.85760602649255 0
2759 -46.24356795749215 19.66088546376282 -0
2760 8.440168465323122 46.38353542725405 0
2761 3.455078391283451 37.48091079242569 0
2762 2.067004763840864 37.52732810948039 0
2763 33.68895387030246 -32.40959407643624 0
2764 36.1861867898517 -5.791154311302013 0
2765 -46.21917745159909 9.670861909527268 -0
2766 -46.24972182374325 11.1298059521681 -0
2767 -31.21049653972435 -35.79796925230351 0
2768 -32.46013637862148 -36.52017699596801 0
2769 -46.2338111380618 13.84016314260156 -0
2770 -46.26356577092278 15.24435722747912 -0
2771 -46.4245646946124 29.8393944582013 -0
2772 -16.27237204813293 -48.53729263982189 0
2773 48.74386195623232 16.41798241804989 0
2774 -16.42712297300601 48.71875588551057 -0
2775 48.74357918589469 -16.41996963235456 0
2776 -48.74372188142434 -16.41798208032038 0
2777 2.143195245898021 -30.05082473759152 0
2778 1.428291947299315 -28.81352002483041 0
2779 2.872076341534058 -31.29638791638791 0
2780 29.95191154074402 22.14689313294008 0
2781 9.948776237063324 -19.28572521475671 0
2782 11.18595094571989 -18.57143500218485 0
2783 8.71152579001909 -20.00002102740086 0
2784 9.655590273508349 -46.24722831646007 0
2785 29.97540521933697 29.27998620351227 0
2786 28.81283243829884 12.85664627432656 0
2787 7.818062570233814 40.01364753883287 0
2788 -32.44652987029234 6.299358142041557 -0
2789 44.27879407008744 28.72597132101466 0
2790 42.84446369621649 28.71996034801221 0
2791 -44.99432696934238 -7.526949521258407 0
2792 -46.43511973808928 -7.531290049323266 0
2793 33.66676597243124 -10.01220253091442 0
2794 33.65631248599667 -11.43961925683468 0
2795 23.78834053615813 8.598104227189548 0
2796 -36.28678017650306 -8.572973757402771 0
2797 -35.04870717555593 -7.757698597786068 0
2798 -36.22752139478125 -11.41866452647175 0
2799 -13.46531169802643 -5.00000000000016 0
2800 -26.53443046230192 4.999568041902803 -0
2801 11.43457895061836 46.4664740993286 0
2802 41.78994859729309 -31.12986936026065 0
2803 42.51103395114205 -29.89686720140486 0
2804 32.47655666883858 9.300631410190785 0
2805 26.25262315336954 31.43820007878185 0
2806 24.99799041383087 32.15751106053506 0
2807 10.67707461623766 24.98351335611369 0
2808 11.3811287321854 23.74912888988312 0
2809 -37.52426637193381 -32.14615009540724 0
2810 -37.51847507719709 -30.70352434767691 0
2811 -36.26818924410742 -29.98560389123828 0
2812 -37.51651314833708 -29.26243498625053 0
2813 -38.76506592209031 -29.97880221828975 0
2814 -38.76335229488595 -28.53905153536252 0
2815 -39.95531665813027 -29.25510368054828 0
2816 -10.71428571428567 -30.09391146016822 0
2817 18.34685804959185 -41.26164411845089 0
2818 -24.27978059378721 11.19282432715083 -0
2819 32.52517776327886 17.85763463518584 0
2820 -32.85378448688169 -6.286953067463429 0
2821 -6.250761444724166 -8.571424004128774 0
2822 12.52579227178865 -2.14249423616502 0
2823 -15.00000000110687 -22.6282075793173 0
2824 -17.85714285714283 -9.960351331306676 0
2825 -17.1428571428571 -11.24422061211041 0
2826 -18.57142857142855 -8.714901794770054 0
2827 17.85714082954744 7.474355602904102 0
2828 -8.711524627526872 -1.428571428584921 0
2829 0.7143195005039601 -32.52567812683153 0
2830 27.4823084644346 22.14594426368085 0
2831 23.50835405658702 -40.02452575887467 0
2832 22.14331170563411 -12.52561285953151 0
2833 -32.52599919067445 -0.7147926411250968 0
2834 -3.550223363407714 20.1338439351486 -0
2835 1.427142236306993 8.712945145756098 0
2836 2.855933633351955 8.712092321778453 0
2837 -0.002181381783742933 8.710499522035068 -0
2838 31.4208274389756 -28.71824332035972 0
2839 -24.97332369797437 47.46699422790097 -0
2840 -2.143083500493447 9.999708251826295 -0
2841 -29.9476733254691 13.63862521891438 -0
2842 -13.45798786741663 -45.02060102808472 0
2843 30.7767209170426 -34.97426721591684 0
2844 -36.24915431721301 -28.56227090274122 0
2845 14.32024848129687 43.83508838608144 0
2846 13.53933252944247 45.23028182607 0
2847 -5.697954883946341 16.42040733920639 -0
2848 24.96543086199754 -40.0270503951058 0
2849 44.81395436118138 -38.73478143579169 0
2850 46.38630950856828 -38.64676768495695 0
2851 -25.0811280693808 -17.75441489461406 0
2852 -43.88876882678154 -38.68212770359158 0
2853 -32.51658018268609 14.77798227590178 -0
2854 -46.35727600468155 43.16020648738035 -0
2855 -11.2979182974125 -27.1604424095499 0
2856 -46.42972569015914 -41.60683820421686 0
2857 -12.51420745939105 42.11715160503267 -0
2858 31.19097481121501 -0.02414966903833915 0
2859 29.94775196176155 -0.7405043987627485 0
2860 32.42467873029953 0.7218928659020097 0
2861 28.70740316473394 -0.01998935408593228 0
2862 28.70488872096385 -1.453264918388485 0
2863 29.99864522835865 -28.71706664365077 0
2864 -9.942599542072623 -46.39980614052979 0
2865 43.73045247050675 1.537022398040108 0
2866 45.00622163453512 2.280047188666624 0
2867 46.27434732640384 1.549264145104507 0
2868 46.2701684540903 3.023449806764647 0
2869 27.35115277272978 46.24591147736761 0
2870 25.80180740149459 46.19885434676974 0
2871 28.84849311227437 46.4482938734081 0
2872 8.528184924828432 36.2165813863452 0
2873 35.00328858538386 -29.96814384018588 0
2874 36.44502150736292 -29.96739056845335 0
2875 17.47404313389288 46.29567748912046 0
2876 15.9950116969493 46.35293788582156 0
2877 -40.05712804669786 -45.30496758037413 0
2878 -39.98150276815255 -46.66493923725004 0
2879 18.6870750436658 38.72864436087699 0
2880 19.41715506614983 39.98531941927061 0
2881 17.944896222754 37.46776208638539 0
2882 -29.94547672220456 -43.7383193060018 0
2883 -4.245076337036711 -13.69243385991209 0
2884 6.314237672010749 -9.936365048293357 0
2885 1.323533186114958 -8.618214587091625 0
2886 44.99007945833046 3.735081503046702 0
2887 46.2526628225971 4.484867970752856 0
2888 22.77680984790756 46.27680114854787 0
2889 21.48913263994194 46.30520103778727 0
2890 27.14323873300959 -14.44399334623732 0
2891 -43.53829799979736 -29.9512837288074 0
2892 -42.80613414282545 -28.69340417127946 0
2893 -11.43584248154342 -13.95575640064457 0
2894 15.11877763411676 -30.57639875022705 0
2895 33.56182099990867 -29.96853054775358 0
2896 -42.1015602230586 -29.93869841703675 0
2897 21.208281248552 -28.61067431344254 0
2898 46.30772807575202 -41.29863124082053 0
2899 32.13522715230889 -24.99405619186357 0
2900 -12.54547688303204 10.63353672928046 -0
2901 -13.7978640747751 11.34754699728402 -0
2902 8.833964884817547 -11.36809612740254 0
2903 45.80758073563046 -28.67863543365974 0
2904 -33.70400780711302 26.97871331541876 -0
2905 -32.32619718502076 -4.972440816923889 0
2906 -28.7888474046394 -2.813340602580225 0
2907 43.71702189704859 -10.26000993396467 0
2908 -7.123864413531519 11.16038253860402 -0
2909 -7.851155422135951 9.907121495712028 -0
2910 -6.571951518923749 12.67989341229977 -0
2911 43.71109564171346 10.31611996628451 0
2912 -15.01922153425638 7.671117658979765 -0
2913 -15.00085367597919 9.286685842527019 -0
2914 -41.14664071767855 8.328839323345299 -0
2915 -39.94397245055936 8.994900093426569 -0
2916 -7.67210476853514 -35.01945470591198 0
2917 -9.254932294848794 -34.95209436155611 0
2918 -9.994904346829035 -33.75229567963481 0
2919 -10.7085216965262 -34.94238962518941 0
2920 -46.45529726711704 -12.63349706341556 0
2921 -5.031659700686734 -46.48047656424244 0
2922 5.035046233815818 -46.50153529418387 0
2923 -46.50073043283123 5.036189951479837 -0
2924 -25.71419536354997 -13.65709172808339 0
2925 -26.42855637011566 -12.42069056590877 0
2926 -7.509550250491228 -46.3824235216241 0
2927 -46.39932645297194 -30.04222189646572 0
2928 -45.71448546567066 -31.24351092425502 0
2929 8.718068605358237 -9.921557667405203 0
2930 29.509612022754 40.02317050612061 0
2931 30.23572229588972 41.21959237498649 0
2932 30.95466483757744 40.02385410716529 0
2933 -42.2936414032982 7.466767318614741 -0
2934 18.23265618845561 -46.3060462808268 0
2935 19.73370166950509 -46.32141061944055 0
2936 -36.47669276658293 12.39795082600734 -0
2937 44.9500174157621 -9.357927817528658 0
2938 44.97042075478569 -7.959324318640858 0
2939 46.19026224659493 -8.706489477632784 0
2940 46.19582754579258 -7.259148698503916 0
2941 42.32309479197531 -10.91251953037431 0
2942 2.0708955226142 34.97819313141636 0
2943 5.718664007472044 38.74020192817012 0
2944 -4.956000846924403 46.41052042549671 -0
2945 -3.66134327055663 45.70920837872893 -0
2946 -6.134345832445415 47.08044634257892 -0
2947 47.94127388072185 32.9707741352127 0
2948 32.97156104017213 47.94137191956395 0
2949 -10.0831074426893 7.886626508754767 -0
2950 -10.05593642395712 9.250954362365604 -0
2951 -35.84071300724446 13.50782889952548 -0
2952 27.7910176328763 -47.63160386055878 0
2953 -24.22754221715608 -23.82724725179782 0
2954 7.184289596959333 8.735504666981083 0
2955 6.434883321986953 9.952600851141963 0
2956 16.13043211115329 -32.53963462147719 0
2957 42.32644215827993 10.96318805926669 0
2958 32.18605434109612 -47.64187791466495 0
2959 47.98345495233664 26.99349616944842 0
2960 -26.47856390259052 45.02178628937285 -0
2961 16.20867981500526 -27.15107774735105 0
2962 23.78565170966765 27.14684297985884 0
2963 47.99460288604816 -26.99504394404134 0
2964 -47.99481273012669 -26.99477269773725 0
2965 -26.99477520664479 -47.99491218418571 0
2966 39.61346779702437 -47.64936562629101 0
2967 4.49213310378401 46.4440681782678 0
2968 3.002103335796072 46.35145309638303 0
2969 5.876101733338681 46.3985275837007 0
2970 -42.60281090067711 -46.71022305597225 0
2971 -46.44799540679742 35.73882625749469 -0
2972 -46.38206536362482 37.21921680428675 -0
2973 -46.44825731004288 34.25581306073099 -0
2974 -45.16276657985236 33.52081081335344 -0
2975 -46.44707125825045 32.77267226200436 -0
2976 8.270140086311304 -43.71443006086332 0
2977 8.954448804778583 -42.48468964339789 0
2978 -47.64332998512536 -39.40022157973597 0
2979 19.98524489341209 -27.91272732018268 0
2980 26.4304613848455 -12.4998460291098 0
2981 44.94816585097935 9.422347117894057 0
2982 44.95800629770788 8.033526675632235 0
2983 46.19434848495377 8.764121896024196 0
2984 46.19944196030068 7.331512000077373 0
2985 -46.48271050164813 -44.58656442929516 0
2986 -46.48289695777716 -46.07466973507498 0
2987 22.39872621514715 27.63457215335138 0
2988 22.46879230171711 29.29686230420243 0
2989 21.27365395521459 28.57064436384638 0
2990 -0.01962469064847128 -12.13496264786188 0
2991 -35.80298137639909 8.788774707870324 -0
2992 -37.32902109711608 8.841617038182923 -0
2993 -46.23826015750863 8.289332415968017 -0
2994 8.272225186491317 -46.26219054064629 0
2995 47.8918201221028 12.96983541033131 0
2996 -33.6677763959493 14.10580848366308 -0
2997 47.89621903842216 -12.96821714918636 0
2998 -39.95941549669912 -27.85065096843597 0
2999 -47.09121553328843 -31.2831889899936 0
3000 31.65705303604506 41.15911013382557 0
3001 32.32505143342605 39.930419575652 0
3002 39.9127684203721 -12.2458720027477 0
3003 9.321126278581357 47.59528112515798 0
3004 -10.75867200775359 -15.10099028254902 0
3005 13.25975220986685 -47.51467503462278 0
3006 -20.76932155486153 14.93178736952494 -0
3007 -6.352729162097182 34.1958731121278 -0
3008 -6.403919145954559 32.65721655713558 -0
3009 -6.399472216368985 35.73003445701622 -0
3010 31.16675211975392 42.65247113851248 0
3011 7.810400727764568 45.1132416960744 0
3012 47.14333581620703 31.37518207743769 0
3013 46.39077505925287 30.03846287715679 0
3014 7.632802471833855 -39.90610177860886 0
3015 31.25643395989061 47.17750085454446 0
3016 -25.62333688764585 -21.43095251351219 0
3017 -31.36829638261796 15.37066013874008 -0
3018 -11.02431763215391 -5.724046794249483 0
3019 -28.72826159868166 5.610630941422242 -0
3020 -29.92092405517158 6.477390490881461 -0
3021 -21.53930573737595 16.20026413113033 -0
3022 31.49692152059789 38.63053178641795 0
3023 -47.53840173915633 8.942469405036364 -0
3024 -2.397213098722303 -12.32889082115721 0
3025 -37.54222918413686 -46.7540999876604 0
3026 1.252044724227702 -12.85863904819456 0
3027 -10.09418594977311 4.899488975618953 -0
3028 22.69052073089407 9.401966333738113 0
3029 -7.079147236056651 -28.77999087552985 0
3030 -5.650634561017495 -28.77712917173377 0
3031 -4.898324613660471 -27.50680388841977 0
3032 8.50505748299223 -6.303810613064595 0
3033 9.285714285713908 -7.474358296528345 0
3034 -14.95488580649676 -47.52752790932487 0
3035 -37.35968467223621 -10.70017777416341 0
3036 8.931973449681603 -47.589001631657 0
3037 6.341343254893312 -47.29638638760466 0
3038 -47.16177199033986 6.244668127530343 -0
3039 10.63385721863382 -29.93363871804499 0
3040 11.44119948597024 -31.18955503184817 0
3041 9.916582084421933 -28.71990722113328 0
3042 -25.76796363480209 -26.41114673167761 0
3043 27.50214198451548 37.87081178684505 0
3044 -38.71132557931248 -27.12720981686542 0
3045 -45.24468758555683 -46.72941819588022 0
3046 -46.48237083706441 -47.56422301354171 0
3047 -32.60648674777643 -9.398778044738538 0
3048 23.75210837657912 31.43896306050079 0
3049 -30.6021784728771 -32.78589352339859 0
3050 47.2187570565 -28.74028716209193 0
3051 -28.60817597669691 -47.15669247401742 0
3052 -29.86400210667697 -46.5580457299975 0
3053 14.3094343162287 -8.77342276804988 0
3054 11.25053545554386 -14.39836327407468 0
3055 25.59514355438094 -8.754632813879374 0
3056 8.747339912955981 -25.59670869307358 0
3057 45.54546999802078 47.20136542682968 0
3058 -22.49791987956469 32.06293402738585 -0
3059 -21.23703539031548 31.34879124240222 -0
3060 -12.15057129729039 -9.987701510967536 0
3061 -12.8378766355607 -11.2489090103799 0
3062 -14.28250324878386 -11.19639795282787 0
3063 -22.96199062586437 16.13599676961357 -0
3064 -23.86072385694351 17.27458952159559 -0
3065 47.4886800918939 45.05936703885293 0
3066 -30.70221733172247 17.50119300563671 -0
3067 -26.46510927113292 -27.66290510689934 0
3068 -27.85725055569703 -27.89189112432586 0
3069 -11.17238578032 -47.3179003358332 0
3070 -12.56770503203349 -46.35212392374887 0
3071 -3.677567467021245 47.33552545801578 -0
3072 -2.329160585471336 46.47296397549803 -0
3073 38.65109312299344 -12.95466728969013 0
3074 -22.14270086816872 -14.9233972209778 0
3075 11.68095716505292 -47.67466448980063 0
3076 37.16397736184988 -28.7165885121467 0
3077 32.99398657628567 38.6990382888784 0
3078 -13.57045340229267 -12.45429275830699 0
3079 -14.99981893780567 -12.45026775053668 0
3080 -20.71300704809306 -12.4527384499528 0
3081 -24.28571428571404 -16.4423127760476 0
3082 -17.85724180249018 -12.52780502630298 0
3083 7.644046390113062 5.001094099147366 0
3084 2.871463368033578 -8.641480112389553 0
3085 22.59699648940562 7.871696775106909 0
3086 21.23176742366662 30.09478286765014 0
3087 20.02950138862057 29.28679836870873 0
3088 20.02505428435037 27.90501690557972 0
3089 18.80960943496081 28.61736903471365 0
3090 18.7930991376695 29.99288079715483 0
3091 17.67612246172961 29.2233161679509 0
3092 17.67567470845571 27.72251704276662 0
3093 -37.41383010402173 -12.14982815053698 0
3094 -11.33159159034574 -28.67810191087226 0
3095 -2.854429443943051 11.27641748490118 -0
3096 27.87648480895563 47.61818589720966 0
3097 26.29906930346144 37.15703205358184 0
3098 26.31998397285409 35.72796140993859 0
3099 25.12464033693195 36.47938241429253 0
3100 22.65074919211989 -33.68525004767548 0
3101 21.26574852128168 -34.36944662742405 0
3102 11.41645281281483 -8.613091175688997 0
3103 -8.644292744332978 -28.66177535404539 0
3104 6.964731405679484 -38.6485959042261 0
3105 47.23914949278354 11.25955366868852 0
3106 47.26093094500608 -11.25182151278631 0
3107 2.760537491793775 38.75574420531638 0
3108 -46.38266524500995 -32.61591333620552 0
3109 23.80202601093823 32.88504538532358 0
3110 25.07516901239984 33.52278373120562 0
3111 -2.565039778855619 -7.873028002080993 0
3112 -1.316606512932041 -7.137924266415309 0
3113 47.05996323223533 -45.15781209666215 0
3114 46.31652956522124 -46.41937819351966 0
3115 -23.48772376752468 47.42605984140161 -0
3116 -8.572930202808488 11.18702476522777 -0
3117 10.06961781472651 2.114251636726703 0
3118 11.29127632333899 1.424230595740464 0
3119 11.31368656224243 2.822508283834846 0
3120 7.440833556405953 -42.32750424124663 0
3121 -26.3997915376067 -18.55417113730823 0
3122 23.78545887759517 -31.41152107561744 0
3123 19.91647115410752 -33.67205541462608 0
3124 -21.27381640159988 32.7841000655851 -0
3125 -19.98120518559877 32.14053282593853 -0
3126 -18.68135356354033 32.89354529576841 -0
3127 -18.70747118861809 31.45943162719276 -0
3128 -30.09205257561837 -30.60800150958767 0
3129 -3.680565286028769 44.26092317033228 -0
3130 7.09482961331731 -8.644466343395379 0
3131 5.693648620311681 8.534275541018596 0
3132 8.543572672578863 16.24433281958641 0
3133 10.68370805209718 15.0543790891268 0
3134 12.11255364118273 14.99896075546212 0
3135 4.249470634972474 18.71685617572572 0
3136 3.547402990053373 20.00708763002418 0
3137 4.250396279084617 21.2618441163171 0
3138 6.400970911246954 17.45573478307998 0
3139 37.36150641511058 -12.22223882596882 0
3140 36.07790800827151 -12.77859963416807 0
3141 -41.27272732932008 -28.63566562631159 0
3142 -29.30143151272725 19.85401974590423 -0
3143 -27.88470546517107 19.85680791742929 -0
3144 39.4614076695313 -27.44745242894772 0
3145 32.23612293455385 -34.97270020506592 0
3146 33.6938535283825 7.249944419572923 0
3147 -10.71428571428552 -25.1025668138922 0
3148 -12.45091002132241 -39.25807634956226 0
3149 -39.25713902781446 -7.573830789845323 0
3150 32.44267133692256 -20.73305205010659 0
3151 47.80018766170468 -46.41339696946686 0
3152 47.06666296022132 -47.65513594411648 0
3153 32.43773779892597 -17.86555075232584 0
3154 9.836551367485299 -8.96711224843696 0
3155 7.568637782500397 -2.143004435865203 0
3156 14.28589439405005 13.6604575403472 0
3157 -27.56084536756147 -2.136147727061832 0
3158 -27.56054135681394 -0.7102785846400953 0
3159 -26.29145865879453 0.002677630427621406 -0
3160 -27.57797125999396 -3.573195144085186 0
3161 29.97686792148198 24.99972940039605 0
3162 3.574190115158462 -30.03125909736774 0
3163 -12.62124803107387 -3.72025973779461 0
3164 -7.564865561812756 2.137085111906893 -0
3165 -7.546826524955877 0.6968630699846546 -0
3166 19.28722396619278 12.43496154044355 0
3167 17.85630296675505 12.43144679521121 0
3168 19.28816176987633 -7.5634303126867 0
3169 20.72256151710048 -7.56815566694473 0
3170 17.85601353551954 -7.564847496030527 0
3171 31.19515720205471 22.85703683094432 0
3172 27.56055826174495 19.28562978051036 0
3173 27.55972513429167 17.85156736998237 0
3174 31.23916939925093 28.57127583740085 0
3175 27.57528202043052 13.57120470560172 0
3176 27.5681958986343 14.99804260437854 0
3177 21.29585214156416 8.77982322187939 0
3178 21.35796646032768 7.187449612660509 0
3179 20.05025776873523 7.859834972604876 0
3180 37.95620021991027 -29.93306266357903 0
3181 -33.72464490183955 31.32270158861932 -0
3182 -32.46604630098523 30.61912270922339 -0
3183 29.98542503453684 10.71700528603519 0
3184 -37.69770164507018 -7.76106684390922 0
3185 -38.70908258579332 -11.24800633314406 0
3186 -38.66855976443868 -12.84291771296058 0
3187 -39.97873476127934 -12.18473670601987 0
3188 -41.31719037738225 -12.9253278195977 0
3189 -30.8900559032428 19.86559818571387 -0
3190 37.4368864866036 -5.075743632035582 0
3191 27.48955219406967 30.72007838484868 0
3192 -32.45925022053311 27.7150717100477 -0
3193 48.72100238701334 25.4701737120687 0
3194 47.67886773422471 24.23279559277928 0
3195 46.93591049584357 22.94858416870896 0
3196 -48.72967937397945 -25.4656682274336 0
3197 -47.68694543254048 -24.22642654650826 0
3198 -46.93709670318743 -22.94722675974773 0
3199 -25.46566673084477 -48.7297092870277 0
3200 -24.22642322300202 -47.68695606163196 0
3201 -22.94722439395413 -46.93709750197748 0
3202 48.72967354105216 -25.46569448054766 0
3203 47.6869725551629 -24.22641006021905 0
3204 46.9370945073937 -22.94721149817088 0
3205 22.45293566104796 30.76960219540815 0
3206 -12.1489161798223 -12.64209622464119 0
3207 -14.28564901954167 -13.7499463582167 0
3208 -16.42856553384917 -12.62213019419987 0
3209 -22.85645429596989 -16.23523888569553 0
3210 -19.28571291466307 -12.6421952320112 0
3211 36.18583614800457 -4.346231529518991 0
3212 -9.971406420219328 -36.26370816721374 0
3213 -28.4108401646181 -48.66875788027171 0
3214 48.83912978283682 -28.18899595724696 0
3215 -4.28338371406629 11.3962803202047 -0
3216 -33.50350290233415 -7.444249577967975 0
3217 -43.55666141169763 -7.535471799431232 0
3218 34.50822091008764 -36.19195277710867 0
3219 35.9726910564915 -36.19021596478035 0
3220 -32.46417011272304 32.06127081211814 -0
3221 43.55945516684653 29.97144002551686 0
3222 42.12324702036894 29.95966699295623 0
3223 41.41052522174847 28.71600851298198 0
3224 40.68964609414107 29.95273273655344 0
3225 39.97833813451891 28.71201785505934 0
3226 39.25832612334261 29.94716523752551 0
3227 39.96871073270669 31.18858966184205 0
3228 38.53878050623213 31.18289555352326 0
3229 38.59007005533974 28.73235909159239 0
3230 39.25173009671938 32.42195789122628 0
3231 40.67791596421385 32.43007146300216 0
3232 37.82866364253415 32.42951034375961 0
3233 37.11103813570022 31.17925690383287 0
3234 36.38991828340161 32.41208025343202 0
3235 35.65509618463008 31.21197002074179 0
3236 34.9263632405136 32.4788799397264 0
3237 36.28359270493516 29.89783482891737 0
3238 36.00475818319555 28.61244795762543 0
3239 35.67878393299779 33.67952172447606 0
3240 34.24273944189743 33.72157702884697 0
3241 33.44772925132055 34.96774492523204 0
3242 39.98188011868079 33.70400764881287 0
3243 42.12506730517362 32.47210314304395 0
3244 -34.99171589960391 32.05605590290133 -0
3245 -36.25924319800605 32.78284260323593 -0
3246 18.91669724291987 -47.60855190042352 0
3247 -25.11322120927898 -15.09735257992964 0
3248 -32.50757758477086 -35.05958880709691 0
3249 -33.73277017292814 -35.79300728451459 0
3250 -33.71900168822526 -37.24277663184745 0
3251 -1.42050048248781 11.30861901798541 -0
3252 -0.690606616529579 12.64538056844562 -0
3253 -34.93021020806563 39.4331721148937 -0
3254 -36.21616668352901 40.15670798275731 -0
3255 -33.66664509643264 38.70078423064746 -0
3256 -32.40118519640568 39.42879661142383 -0
3257 -32.41254190996207 37.97012332028361 -0
3258 -31.14442065066419 38.69707808361695 -0
3259 -31.15589845000669 37.24192439711247 -0
3260 -29.89169643111743 37.97233480342485 -0
3261 -29.8861509545484 39.41840645802288 -0
3262 -28.63967317835898 38.6763432707971 -0
3263 -28.62574022947178 40.14519907712368 -0
3264 -28.67002617925516 37.19987580911487 -0
3265 -31.18543172280028 35.7655809886861 -0
3266 8.319676156848283 -41.13109889031892 0
3267 28.79749317404589 38.72113043296257 0
3268 -8.718718712692159 8.628981263838631 -0
3269 22.04688807126205 -40.02265151321659 0
3270 -7.592727031223224 3.558304364625654 -0
3271 -6.330554004948356 4.238895265282886 -0
3272 9.714263665947476 -41.19652413849651 0
3273 37.43501085662527 6.594612383870036 0
3274 48.77510650531962 34.33787660493633 0
3275 47.91652296942178 35.74427333328072 0
3276 47.14185123813479 37.03579659576684 0
3277 34.34176966777537 48.80184213678875 0
3278 35.74443980436471 47.92053097984838 0
3279 36.80194557997197 47.28745071354437 0
3280 -45.71721039700824 -6.328931893520963 0
3281 -47.15824403613782 -6.275723167612779 0
3282 -47.85745385159957 -7.499021332424452 0
3283 -47.4793066688181 -5.006464917206904 0
3284 -34.99282442094427 -36.51008667167278 0
3285 12.10320783877097 24.9949182307626 0
3286 -47.56400203170811 24.8327979426353 -0
3287 33.73322131297009 -42.57782923604754 0
3288 38.80432882408937 48.72252221035617 0
3289 39.50705792849719 47.47708168892619 0
3290 48.74955723719293 -17.91189163690251 0
3291 47.40070342645688 -17.16926706790333 0
3292 -48.74998513025128 -17.90898618080846 0
3293 -47.4006052268372 -17.16472752960783 0
3294 48.77117199464566 -20.89546935864481 0
3295 47.40565824330947 -20.13536829860042 0
3296 -48.77122881772667 -20.89495529056559 0
3297 -47.4057533767407 -20.13498761160207 0
3298 48.72310633701288 38.80773965356401 0
3299 47.50175792151261 39.46951991846791 0
3300 -48.73297514449996 0.0001722515960650983 -0
3301 -0.0003445030925257053 -48.73307459394781 0
3302 48.7385664049231 41.79253112107453 0
3303 47.45136586250098 42.38422909654513 0
3304 48.75000847605535 17.90898623735847 0
3305 47.4006976356013 17.16472447596995 0
3306 -17.91050966318449 48.74582413093506 -0
3307 -17.17444890037395 47.36342147881201 -0
3308 -17.90424670746363 -48.71100495059634 0
3309 -17.35977344198481 -47.41994624609013 0
3310 -20.89495501208845 -48.77122894879308 0
3311 -20.13498757040002 -47.40575337169143 0
3312 48.77120767832057 20.8950008187058 0
3313 47.40575425433511 20.13499437735324 0
3314 -20.81523694637599 48.73982449568917 -0
3315 -20.03334007573817 47.38528429392817 -0
3316 -2.961100314459241 -48.72770330768058 0
3317 -3.78906837829678 -47.33654904454178 0
3318 2.960778107978403 -48.7278272898515 0
3319 3.78961819525938 -47.33971245647044 0
3320 -48.72773751902032 2.961113163283424 -0
3321 -47.33963695771835 3.789759604637979 -0
3322 41.78927650010843 48.74292639072056 0
3323 42.42579136928964 47.49204588777665 0
3324 -5.840525023465114 -48.7071783325539 0
3325 33.00702304804344 -33.6825870456952 0
3326 10.44736635733547 -39.94285942857016 0
3327 5.887042085984246 -48.73586698714702 0
3328 10.41056262177083 -42.48261811052988 0
3329 -48.71226145115288 5.916483773956687 -0
3330 17.61221219431852 -32.33780972430252 0
3331 -29.95605500635442 -42.30790218515334 0
3332 -3.845768047484947 -7.262377881629895 0
3333 -11.88369529269638 -48.72244277675373 0
3334 16.49888702300064 37.48024961995749 0
3335 38.68426876781719 -4.327110105273996 0
3336 -48.74416942771462 -10.46430279085412 0
3337 -47.34926571057532 -11.27662883573733 0
3338 -29.86637345906583 42.34469902022853 -0
3339 -28.63869729222699 41.60551527248174 -0
3340 -8.84047281127596 -48.53878015761263 0
3341 -28.36642116589154 48.71077546751602 -0
3342 -27.6819652151005 47.4116334916835 -0
3343 -29.09831214425763 47.42616644869461 -0
3344 -30.57882582839049 47.41828433927201 -0
3345 -31.33177845260624 48.70413213373735 -0
3346 -32.04812319939669 47.39342541782798 -0
3347 -33.51449548770895 47.41395209802762 -0
3348 -32.79296050124281 46.11558634462969 -0
3349 -35.01289279774114 -29.27739349564789 0
3350 -39.9260212085133 10.43776052632148 -0
3351 -38.68053032254129 9.663890863120262 -0
3352 -38.69406173753245 8.272861225303441 -0
3353 -37.78046110067581 7.368011964773174 -0
3354 44.77943609681503 48.70933966455568 0
3355 46.99359498386954 47.40815445099615 0
3356 -19.95812115944624 30.68730383746829 -0
3357 -18.61721010414412 30.02899006497522 -0
3358 -17.54471345168544 30.80258837270482 -0
3359 -17.46831917965226 29.29980112287715 -0
3360 0.6465993351288442 32.46212585218314 0
3361 -34.31054852788364 48.68677183689038 -0
3362 -34.90149690211357 47.45730072617336 -0
3363 -36.37955044334906 47.28066871131887 -0
3364 48.706472391308 -8.905307169445997 0
3365 47.42707347377996 -9.701505081285616 0
3366 -48.54705988359494 -31.29486554429739 0
3367 -31.35233160273243 -48.7166374406638 0
3368 -32.12457469460281 -47.44829855096644 0
3369 -33.52656995421334 -47.31375884199188 0
3370 -32.83403138281822 -46.11400851289984 0
3371 -34.52783781609764 -48.60499718358393 0
3372 -35.81958719389701 -48.06971604857378 0
3373 48.69493742137289 -31.26576476951702 0
3374 47.50903692914 -31.93572804707587 0
3375 -32.39628500255051 40.88938955048914 -0
3376 -10.44975188931819 48.71086672437616 -0
3377 -9.665179314600326 47.41659817117225 -0
3378 -8.242391272698189 47.45043555574154 -0
3379 -7.54779992156098 48.75367990946211 -0
3380 -6.047228817294128 48.55271076515478 -0
3381 -11.20949074458372 47.20282177525532 -0
3382 -12.79899263717837 47.48862645163243 -0
3383 -13.48367847072984 48.69501763035661 -0
3384 -14.98124073050833 48.72414187488801 -0
3385 -18.7152651423306 28.56619634138932 -0
3386 -16.31001589344185 28.4999612685176 -0
3387 -5.056339209818767 12.6054985155421 -0
3388 -5.740285969110257 13.97607103361217 -0
3389 -5.063888640132286 15.16887795071039 -0
3390 -43.55703083136545 -27.47916545488867 0
3391 33.02982075935782 -36.19675958562442 0
3392 9.961905853375749 26.2250079330584 0
3393 26.61144773259413 39.96102511237031 0
3394 32.25344976138015 -32.42139471078648 0
3395 35.23267951928655 -37.46546953352808 0
3396 11.90355122945503 -37.44053441545529 0
3397 32.27637488236292 -37.47806178604741 0
3398 -11.26490136557995 41.37853878452845 -0
3399 48.77029967120434 -15.02384959594458 0
3400 -48.71100495058735 -14.93157418801226 0
3401 -48.72322945132177 -13.46495831921459 0
3402 48.76904557863814 15.02416486144556 0
3403 48.59061888129369 47.61354036806826 0
3404 -48.75841841686423 -2.929334921531183 0
3405 -29.88100271022309 40.8801144569062 -0
3406 -27.40380872831918 40.8257152847099 -0
3407 39.93993990332179 -6.514222985759837 0
3408 -26.3667206685892 -20.11413715008755 0
3409 48.70735488340305 8.921654955131132 0
3410 47.4221927615779 9.701496960820865 0
3411 41.15334153430571 -11.57469034274185 0
3412 -37.45947406181007 -27.8303479730139 0
3413 48.64356074395415 31.39526069567677 0
3414 48.79553977111277 28.22671321485074 0
3415 19.79681196084672 -41.28050898068608 0
3416 20.56642415774877 -40.01047268175746 0
3417 39.93363732214084 6.58995838362187 0
3418 -37.27375441711091 48.66912820211736 -0
3419 -38.0091137958006 47.42990132708009 -0
3420 -39.537961970156 47.40445130407583 -0
3421 -38.63934010703054 46.00909725506712 -0
3422 -40.29534431384974 46.10767209516542 -0
3423 -41.03317913122366 47.41516884299961 -0
3424 -39.58468152253554 44.74844684689734 -0
3425 -41.78361920742557 46.12858713812276 -0
3426 -19.27229316052083 7.477316131222698 -0
3427 -41.28484384074206 28.42286002248264 -0
3428 -48.79881823361615 -28.22889122414269 0
3429 -11.26777731385257 39.92843138813956 -0
3430 -12.51375150077754 39.23069040065654 -0
3431 -6.287010125773577 1.424886552366353 -0
3432 41.16284235910668 10.21373301851096 0
3433 41.14666826152168 11.647524769555 0
3434 39.89686205061148 12.30259846564289 0
3435 -41.41355281134309 -31.24024814480636 0
3436 43.25742096076959 -31.13352303534325 0
3437 43.95168105091287 -29.93166386894849 0
3438 42.52544578839238 -32.39049461273346 0
3439 16.41557711344469 -48.70877192155473 0
3440 17.2759743475633 -47.47370716424142 0
3441 -48.74248560041229 11.99375916223237 -0
3442 -48.74659069077974 13.43984095097546 -0
3443 -47.50859744656753 12.92638271376629 -0
3444 -38.72244744943355 14.10139025768608 -0
3445 48.73636638146531 1.518747974535449 0
3446 48.73097145960975 -1.456286724867693 0
3447 6.286933345093606 -1.425863574841365 0
3448 7.557246293807041 -3.549615306121503 0
3449 21.43419034893855 -6.298910177152419 0
3450 22.17637975511673 -7.501094869340545 0
3451 23.73540738294908 -7.35288375112187 0
3452 -48.74064543573706 16.41699609722033 -0
3453 -47.46397294204431 17.29685521874138 -0
3454 -47.48343098045397 18.78777295324035 -0
3455 -48.76011517357944 19.424243906714 -0
3456 18.57147857377112 -6.291931540450341 0
3457 16.40830674164594 -7.489100144765563 0
3458 -26.29600535497918 -2.846924494911178 0
3459 18.57150832602741 13.70922796480876 0
3460 16.41286371746187 12.49715684481302 0
3461 20.71135027515059 12.46932554775146 0
3462 22.13319114579144 12.49233035958557 0
3463 22.78822089321393 11.04373947506912 0
3464 36.1748991669358 4.404294190760043 0
3465 34.92691990367609 3.67782509943231 0
3466 34.92494310424446 2.232044302139584 0
3467 34.92015623366724 5.121405378766011 0
3468 33.68548475545626 4.3717065611389 0
3469 36.17017057758129 1.505555974714256 0
3470 34.92404394806196 0.7754670550974239 0
3471 33.67858969183938 1.47242249242375 0
3472 21.46841960425733 -8.775737786083383 0
3473 13.54963010116601 14.90618587194615 0
3474 11.42479504805638 13.7721148434638 0
3475 42.84169477330863 31.22723454829916 0
3476 40.70162845368587 27.47595898035199 0
3477 -27.29347357955565 43.8270238453428 -0
3478 11.37191619277056 41.28795889059415 0
3479 10.66134756010496 40.00916851274673 0
3480 25.48470958583859 48.71211995265169 0
3481 23.8995954759277 48.74258059083893 0
3482 24.8969726101349 47.46278355544968 0
3483 -11.27174460508565 37.04112121467121 -0
3484 -12.66591230401623 36.21681118950746 -0
3485 -4.23863979765968 36.326122194142 -0
3486 31.21925620506357 27.14284829627567 0
3487 18.76774586438089 -28.62341090825202 0
3488 -43.66157202461928 8.280624221982251 -0
3489 -28.70608065296454 -40.11783118558131 0
3490 -27.45839131060048 -39.35365513315423 0
3491 -27.46130384452827 -37.95973979721904 0
3492 -28.71091194001228 -37.23739794542799 0
3493 -42.53021897441298 20.54026176171416 -0
3494 -41.24172385326132 19.8281566951509 -0
3495 -39.98146301407675 20.56490724478608 -0
3496 15.72445146984787 31.22138191502717 0
3497 -27.4729831941348 29.24676916045635 -0
3498 -26.2261453737998 29.97216017466251 -0
3499 -26.24096241258415 31.40230053720315 -0
3500 48.73041177422172 5.95320408654764 0
3501 48.74055062052327 4.483752132339921 0
3502 48.70742477047318 -5.97014925354772 0
3503 48.7111216495253 -4.474769744297871 0
3504 47.43930239660401 -5.152790651862122 0
3505 47.46168962522837 -3.65986840882589 0
3506 -0.6456764430533461 40.07133654168646 -0
3507 0.06633839627955916 38.81472222113154 0
3508 -48.75031629256426 -34.30354293867953 0
3509 -48.7586706810141 -35.79992316865257 0
3510 -48.73437509181901 22.46425582513731 -0
3511 -47.49778130743614 21.82287926456546 -0
3512 48.74223346818986 -34.32639741539963 0
3513 48.7163803132724 -35.81617583397742 0
3514 47.51411806687626 -36.59248953303252 0
3515 47.20585025486922 -35.00218432781389 0
3516 26.29382126583513 18.57099802940957 0
3517 27.51938920966519 16.4128524491272 0
3518 28.80092449097268 17.12453375579395 0
3519 -36.2418045165262 15.61646073055397 -0
3520 -2.970307664990572 48.75003798125756 -0
3521 -11.29194968269848 34.16333262550329 -0
3522 -11.32185562806016 32.81578221002083 -0
3523 -10.05229653428998 32.07755298701954 -0
3524 -8.822712312268738 32.78884543678901 -0
3525 -40.06608388334213 -43.82726394922911 0
3526 31.22704766395021 29.99240867366619 0
3527 -0.003693903573920483 48.71871049530149 -0
3528 0.7199889147854519 47.43414526151837 0
3529 -0.9444358335175554 47.27360178752068 -0
3530 0.07682308642869938 46.08304081603578 0
3531 1.509287095792753 46.20832858892045 0
3532 17.61239337238737 -27.64240543019326 0
3533 5.967026053369166 48.7336118843313 0
3534 2.964860548306327 48.74940139628498 0
3535 31.60018822133613 48.82569714895947 0
3536 40.35159763091009 -33.66171049401686 0
3537 8.368590955808376 -36.22070594951322 0
3538 7.503882791503187 -34.95824979466045 0
3539 -5.753596966543011 38.81153088023533 -0
3540 -6.462052191934913 37.37565242798907 -0
3541 17.90983404990897 48.74940209614114 0
3542 18.4707467147029 47.4959461693623 0
3543 20.14339224296544 47.41679074095738 0
3544 20.89426160348333 48.74150217454707 0
3545 -48.74632117186626 31.3326447289794 -0
3546 -48.73293760984748 28.36001782180377 -0
3547 35.87069366372606 -48.77745256554895 0
3548 42.45947482690568 0.7901651755990828 0
3549 44.99635772099185 29.96843243819752 0
3550 -7.477188640434029 -42.13505965394156 0
3551 -40.05028353814247 33.52507578914063 -0
3552 -38.77349541147026 34.2640332556662 -0
3553 -40.0451000232445 34.99704530622688 -0
3554 18.36420091130242 -33.71475910306474 0
3555 -48.76440996181572 34.2986157316995 -0
3556 14.06945063404327 -36.20922284899418 0
3557 -48.77335591002611 37.29452620718923 -0
3558 26.26020846740422 15.71251052234575 0
3559 15.77722829267089 38.74973491016652 0
3560 15.76285954614074 36.22016717415062 0
3561 37.38976612473339 -10.80879652741762 0
3562 -38.78385168857353 -32.86481486564564 0
3563 39.93790643282109 -3.58537602460022 0
3564 6.270147712289535 0.02293566031989952 0
3565 7.518004252670704 0.7413132034338898 0
3566 7.499011464251327 2.105520132863577 0
3567 -41.20801257368785 11.15172227992496 -0
3568 14.72299305643385 -32.57607871631192 0
3569 38.67429071171956 11.63962550107057 0
3570 38.64374488475814 12.99641728051024 0
3571 -42.51947419299467 47.42600893516791 -0
3572 -43.27255583034251 46.14918743000761 -0
3573 -11.2041567873737 -0.004820203983985163 0
3574 -12.45913540565431 -0.7150485807537164 0
3575 -9.284046484555647 27.57102612222485 -0
3576 -8.568681584491271 26.33617612027276 -0
3577 -7.138182023198917 26.33429293089598 -0
3578 -7.854909329895095 25.12441362504518 -0
3579 -9.27508570989783 25.08389349135739 -0
3580 -6.423726938382792 25.09950973081979 -0
3581 -7.142043828654041 23.9692332988195 -0
3582 -5.708294194418899 23.87477934547577 -0
3583 -6.561203897169354 22.62374385895147 -0
3584 -5.013891215791459 22.62061638461006 -0
3585 -5.664066011179344 21.37096638848812 -0
3586 -5.704770382372922 26.33474995412178 -0
3587 18.70679212319734 41.27352135920543 0
3588 -6.263043553415391 -0.01122656495001349 0
3589 -32.45035417132343 19.14949263601554 -0
3590 -32.39611058325509 20.59771965817832 -0
3591 -21.25707585074906 29.91823301716548 -0
3592 48.75343713843903 -38.70431399439595 0
3593 48.53505407108555 -40.19477196921358 0
3594 28.70882933010698 1.415114705164263 0
3595 27.46961173427363 2.134621299719951 0
3596 30.70156728923097 -25.01899144162071 0
3597 29.26138595274116 -24.97516849372966 0
3598 28.42666138244164 -23.70430116668432 0
3599 37.44641609972966 12.28674424737373 0
3600 15.71187149233086 13.7462002935119 0
3601 15.77346614532594 -6.297337717344057 0
3602 6.308726348536148 -4.219522375091782 0
3603 27.51466693921849 20.72419143493226 0
3604 36.20191081513791 10.14284915857166 0
3605 14.30510242669056 36.22539843889277 0
3606 31.20379564145542 21.43321164108507 0
3607 32.47020677504108 22.12720723934953 0
3608 33.75415485142727 22.8440696301577 0
3609 31.2584688185938 24.28417602625293 0
3610 -42.62472949897843 -39.40752711961936 0
3611 -41.33775384445291 -38.683195416333 0
3612 38.68247388410617 5.860741156269807 0
3613 -31.20243120013922 -41.58965913499543 0
3614 -27.46983623237147 26.36858894252872 -0
3615 -26.22438407769526 27.07849836763032 -0
3616 -26.22435192111769 25.64787848941263 -0
3617 5.661686080412761 23.74080946856398 0
3618 25.00463716153255 7.867227485863567 0
3619 -38.74944677361616 28.42928431300421 -0
3620 -34.37153049050823 8.57328049161505 -0
3621 -32.89930587599908 8.732011512083865 -0
3622 2.794526720425865 23.75408258397605 0
3623 1.386386641410464 23.79881131509487 0
3624 3.528935118149774 22.52186848907279 0
3625 -38.93506937094901 -48.73086251478584 0
3626 -40.38566129983962 -48.78756399471008 0
3627 9.757722956707163 -33.69770271494919 0
3628 14.92559903498184 48.74978478238118 0
3629 13.44627866454225 48.7232866058353 0
3630 14.12861987727737 47.52399319719905 0
3631 12.64747240169318 47.38107091112608 0
3632 10.49927271351859 48.63260455425929 0
3633 -48.73459725112227 40.27279502641849 -0
3634 -47.55935217593613 39.49646215928509 -0
3635 -48.75472225614963 41.734982457218 -0
3636 22.39232102753277 -48.71744111475477 0
3637 21.79440520715082 -47.46839985474723 0
3638 23.26401190194985 -47.44751270809658 0
3639 23.90130258975378 -48.71457980251555 0
3640 24.66521542866857 -47.44301641488507 0
3641 11.19412589891342 -19.99978148752876 0
3642 12.42315628197596 -19.28573422730329 0
3643 12.43410382287583 -17.85584345884825 0
3644 13.69530769412985 -18.57122993693842 0
3645 12.51091699279316 -16.4082783066697 0
3646 13.70263443589632 -15.77345986143937 0
3647 -40.07095663510146 -39.4158764563658 0
3648 36.67690497778364 -42.5866347093913 0
3649 33.46686482500368 -25.01062169655032 0
3650 -42.61201760055464 40.89032538025344 -0
3651 -42.60859879000574 39.41590431337056 -0
3652 -30.01018968071968 8.708611303989969 -0
3653 5.649356612414278 31.20626021189997 0
3654 12.11675181215313 40.01751939841876 0
3655 4.311393491875068 -31.26513756425602 0
3656 -34.95089083145985 16.27771525368256 -0
3657 -24.97907332296106 23.49446039735965 -0
3658 -23.73445577913738 24.20447304971533 -0
3659 -22.49392155463885 23.48617765759712 -0
3660 -24.97795277746282 24.92343157617548 -0
3661 -27.46920834478876 24.929292396532 -0
3662 -33.58075480677653 44.76575014554506 -0
3663 10.67397377145281 22.50323491738796 0
3664 12.11973941350112 22.54658411330406 0
3665 12.83592606456684 21.31182566482246 0
3666 -39.99664943327355 22.01951569623317 -0
3667 -38.72276467031944 21.30360022662095 -0
3668 31.29567053036576 37.16357537071055 0
3669 11.40165461360268 33.71286025886349 0
3670 -25.71188316210667 11.19278138593076 -0
3671 -25.74141619138074 16.10544863175844 -0
3672 -48.77436597319608 -43.20096379360567 0
3673 33.67834193721689 -1.411866170960655 0
3674 48.72696750916035 -43.30871241408241 0
3675 47.26325923152128 -42.57559099863662 0
3676 -24.89021287578354 19.28229704864674 -0
3677 4.195212190912013 33.70866062062743 0
3678 -22.84860584414114 11.19266848638024 -0
3679 -22.13351207467715 9.953459341185585 -0
3680 -23.56452336474975 9.953686446201964 -0
3681 -22.84949224517329 8.714510280779075 -0
3682 -23.56410706348694 7.475759759558921 -0
3683 -22.13545495461138 7.476024585514777 -0
3684 -21.41940519306583 8.714732681623834 -0
3685 27.57243974703938 -7.896714606120179 0
3686 -9.970709410542426 26.35000046848304 -0
3687 -11.28536386437141 26.38993336063066 -0
3688 12.10586163615916 20.02438417831725 0
3689 12.85705517064428 18.71387156025783 0
3690 12.12805089810754 17.49453540209565 0
3691 42.59360200875697 -40.02185728277253 0
3692 41.11143445196176 -40.0258015304528 0
3693 -11.19996190973773 -42.83659221893969 0
3694 -12.47689078351454 -42.12000653765006 0
3695 -12.46547180171197 -40.69611826592909 0
3696 -13.7116467580803 -38.56510771178162 0
3697 -12.48148928799286 -37.83557220425545 0
3698 -12.64895697031691 -36.30312047007357 0
3699 36.17384311148871 0.05346600202465152 0
3700 41.39919368929418 31.19475282384969 0
3701 -2.471266039315832 44.98884916762732 -0
3702 6.372095150787183 29.96099271565128 0
3703 -42.84264973940978 -8.796357619257329 0
3704 -27.56639773145273 0.7166958714221191 -0
3705 -37.49371451861155 40.88801126571767 -0
3706 -4.276231946916948 23.85841385133399 -0
3707 41.74529138634477 -28.6778353413015 0
3708 -20.01377074642427 20.62555130485377 -0
3709 -20.01538900294611 22.05585191785138 -0
3710 -18.77469287833829 21.33960683144871 -0
3711 -21.25480141402754 22.77026121913772 -0
3712 -20.01403962729302 23.48514863863345 -0
3713 -22.49592484192754 22.05574114117954 -0
3714 -20.73533339590913 -15.16624696001629 0
3715 -21.41072133736512 -13.7101093733727 0
3716 -18.77277769910727 19.91084598259618 -0
3717 -17.53499041925117 20.62486268034421 -0
3718 -16.29490740240021 19.90995886303806 -0
3719 -16.29540507794835 21.34011578326463 -0
3720 -16.29331387126901 18.47950723944708 -0
3721 -15.05492523619995 19.19486772116675 -0
3722 -15.05391856950037 17.76424770742523 -0
3723 -13.81530582669943 18.47917843697612 -0
3724 36.181103582358 5.858643068840792 0
3725 -17.51876868023365 14.8995253911869 -0
3726 -18.65299580598764 14.2809739820636 -0
3727 -17.52299446542101 13.55307660773451 -0
3728 -16.28756963426232 14.19884822286009 -0
3729 -16.41055262879033 12.57990215115075 -0
3730 -15.00955161241157 12.02452713461531 -0
3731 -12.67264509773004 24.85725776459459 -0
3732 -17.14329433998562 -13.89934665437819 0
3733 20.14771776498149 43.77053797479059 0
3734 -40.69621618000773 -7.562387493671929 0
3735 -41.42238219026241 -6.297641187328894 0
3736 -38.57142857142856 -6.317985585666337 0
3737 -48.77470576908173 -46.18706460271876 0
3738 -20.70246610717208 9.953725831048702 -0
3739 24.22505152657373 -33.75960550429637 0
3740 5.010044119068784 -29.98619389243062 0
3741 5.076516581494282 -32.4077015259917 0
3742 3.619438336376941 -32.49576852589334 0
3743 2.858712764494332 -28.81148000453094 0
3744 2.148629074464057 -27.56293967682247 0
3745 0.7122570933711516 -27.56847034634891 0
3746 1.428658392986992 -26.28429480407461 0
3747 -0.7360256215989232 -27.48823241758409 0
3748 2.865777236440015 -26.26630214148258 0
3749 -36.24006480478795 28.40535128085238 -0
3750 -43.26854256929935 -48.8230885118775 0
3751 43.30453378142713 -48.77989339130933 0
3752 -41.31733953614723 29.85630389210647 -0
3753 -6.420232273968304 27.5726373206146 -0
3754 -10.09507496087916 12.04442366558767 -0
3755 -27.17793377880742 18.61062902860161 -0
3756 -35.02074869802644 -30.7117540690344 0
3757 9.24928578035102 27.47238245505291 0
3758 -15.05822889256025 26.32120302492006 -0
3759 -13.72638787130326 26.93608753817847 -0
3760 -4.929620585796657 43.49698988808758 -0
3761 -4.992027186988402 41.98394337124986 -0
3762 -6.257799752863008 41.30660688379314 -0
3763 -38.77481707788408 35.73946207525519 -0
3764 13.48944535383329 25.03326567125894 0
3765 26.24483732736362 7.157277972998727 0
3766 -29.95350645066245 22.07106867889211 -0
3767 1.37636237535815 26.24410432717689 0
3768 -10.02416342352516 23.71766395485904 -0
3769 0.7346148743611109 17.61654547698133 0
3770 32.42656788719583 -12.15281683965702 0
3771 28.54898170981727 -14.32655286273332 0
3772 0.03100778536681642 16.37772551663232 0
3773 -16.3002197275331 9.959466185463972 -0
3774 28.74629141320038 -11.4333313831947 0
3775 -11.33917765285391 19.90986023184464 -0
3776 -7.770571276003207 13.49127185780923 -0
3777 0.7492730164171808 12.53569096662018 0
3778 27.46718240098676 -0.728977141042406 0
3779 -48.71569720848412 44.79038445360011 -0
3780 -47.42489747397553 45.53913625144305 -0
3781 -47.53864675001273 47.04514065726448 -0
3782 -46.12446733521879 46.25261530593133 -0
3783 -46.24757774141847 44.64628174714316 -0
3784 -48.73316740577638 47.75771714190765 -0
3785 25.02661546345217 -6.534306274403068 0
3786 -12.57537886047735 16.33336461096256 -0
3787 32.52311508879705 16.4282930380867 0
3788 3.569765395128158 9.949506775499431 0
3789 4.283807961996184 8.710259868688293 0
3790 12.52294036786083 -22.14165100799756 0
3791 32.44296893860967 -15.01004067883425 0
3792 33.66392615783319 -14.29798669277669 0
3793 -8.713875382359619 -39.98109781218237 0
3794 -7.474152021056311 -39.27228855107687 0
3795 -44.76085794558338 48.74062130621724 -0
3796 28.71197080350103 -18.58104819511361 0
3797 27.47456140020685 -17.86599727314388 0
3798 27.52814939085 -16.48662420558709 0
3799 8.796443121586513 -22.84506546943201 0
3800 7.568297568217384 -23.56294631665153 0
3801 7.554672447184442 -22.13248032204786 0
3802 6.31217836984403 -24.22265477351873 0
3803 6.261207341724185 -21.4197997507948 0
3804 32.45581309438944 -16.43676886551815 0
3805 33.72058961117671 -18.57594225919107 0
3806 32.45159044208698 -19.29506361763417 0
3807 33.70503435565395 -21.43464639745377 0
3808 32.48063102204625 -22.15951038750798 0
3809 -13.80261270303988 12.75738434844994 -0
3810 31.23359198505067 10.00298419929645 0
3811 28.72938963212689 -15.79785458847421 0
3812 -12.51949291288102 2.140604278237018 -0
3813 32.52026775910559 19.28555054313901 0
3814 32.51878845520208 20.71243101680211 0
3815 -26.4317198790518 14.90204228009013 -0
3816 -28.8177372642904 2.855857408860272 -0
3817 -27.39966530301829 3.719714370064246 -0
3818 28.71610030530182 -20.00155670631188 0
3819 27.47919157022838 -20.71096376935965 0
3820 37.85725671786827 29.96388048219629 0
3821 7.82583072192128 17.49006333513028 0
3822 -30.03762946529279 -3.692501013213321 0
3823 -11.29024289989616 5.697428094602242 -0
3824 -28.80978508408153 0.0002415149092726369 -0
3825 17.13930279876491 11.20205542785583 0
3826 -23.55341184526714 -22.61916698567354 0
3827 12.52566701885723 -0.7142256120433745 0
3828 -0.0482333240646771 -6.354448580609523 0
3829 -0.006866834752328505 -13.62126176587458 0
3830 -34.28195147508009 -6.407724373305834 0
3831 -35.75717002633792 -6.31394806545118 0
3832 -7.476622012604388 -7.857142095927093 0
3833 2.437409035103798 -12.14250516598793 0
3834 3.660254037838871 -11.4285714285716 0
3835 3.640975288335164 -9.958516425463205 0
3836 4.96175933666809 -10.78141303443127 0
3837 13.69780386325297 4.225810037747524 0
3838 4.181787095948026 -13.71164650310415 0
3839 -4.194549226470791 -26.267992605386 0
3840 -33.69784448537219 -4.225894701368444 0
3841 -33.7624362106957 2.856610949914019 -0
3842 -9.999999999999648 -31.29511541068307 0
3843 -6.262580987669587 -7.155956533299979 0
3844 2.142857142856308 -7.474358296529043 0
3845 -2.929969690588435 -13.73527620792622 0
3846 7.758466960342465e-12 6.236864578914441 0
3847 -13.76149548128635 2.856752761692477 -0
3848 -6.238470111866862 -2.857590205269055 0
3849 -7.474572923077528 -3.571504054453655 0
3850 13.76282163595453 1.428571046369046 0
3851 -2.857142824237318 -33.76252563510666 0
3852 12.9200141561423 -8.738954711533832 0
3853 -9.285714285714327 -30.05128340694624 0
3854 -27.72209351413329 -4.96883082313763 0
3855 -31.35092991162674 -10.1037026409208 0
3856 -30.11283748562004 -10.73677738579484 0
3857 -9.931670321890685 -6.428994910105608 0
3858 -9.947766225286909 -7.880564916292935 0
3859 -27.14285714285712 -8.712772602858664 0
3860 -27.82968403857527 -9.933110463098126 0
3861 -27.13827816335332 -11.18293869903738 0
3862 -28.73396137771951 -11.30421398468772 0
3863 -27.77385558898986 -12.47893784552977 0
3864 -30.0896871181159 -12.12587951412802 0
3865 -12.95179211699664 -6.276573875123594 0
3866 -19.28571428779743 -27.57692302312266 0
3867 -5.714285714284696 -31.28620145215297 0
3868 -16.42857142857142 -7.474358296526981 0
3869 -0.06560247779247537 -7.881464581739616 0
3870 14.28503692969924 -11.28212609527231 0
3871 -2.857142857140049 6.237093208674718 -0
3872 2.866120042135885 6.255143564013645 0
3873 8.708842511768582 -14.2977505547136 0
3874 -15.71371938197785 -11.23507494929714 0
3875 13.58507916158059 -10.02778027176893 0
3876 -34.96133805139494 -13.50453206352096 0
3877 -12.14286357483682 -32.52558632278344 0
3878 -20.00000000159164 -31.28846090928743 0
3879 -18.57142857236364 -31.28846159264693 0
3880 -17.85714285796846 -30.05128255827664 0
3881 -22.14285702782527 -27.57690386840356 0
3882 -12.85714285714269 -28.81410425868256 0
3883 -15.71428571648469 -21.39102750954796 0
3884 -17.14285714285715 -33.76282085173654 0
3885 -9.285714302541368 -20.15383385206854 0
3886 -8.57142857989675 -21.39102138392469 0
3887 -8.60765445219376 -18.93756505584181 0
3888 -9.291751950670518 -17.7461877612257 0
3889 -7.678138706568016 -17.80481081263904 0
3890 -9.302367472542 -22.67137634210924 0
3891 -7.907435642345257 -22.66518847700242 0
3892 -7.180264750387531 -21.39178383133015 0
3893 -6.377156400826725 -22.75010101711881 0
3894 -16.42857142870896 -30.05128326550114 0
3895 -28.96089067831655 -14.23883606997182 0
3896 -13.57158812764327 -25.09337267046065 0
3897 -12.66416453565579 -26.4180844814764 0
3898 -25.71428571428572 -11.18589574131738 0
3899 17.13929317979178 -8.797339331724309 0
3900 -13.73915771502379 -41.41002720026069 0
3901 -12.61863036124273 -43.71331187367153 0
3902 -15.00003233516775 -17.6772496492996 0
3903 -15.71430283011445 -18.91612402764667 0
3904 -17.14285714285688 -18.91667107257467 0
3905 -18.571428573763 -28.81410188091451 0
3906 -33.76281996282924 -22.85714131751034 0
3907 -19.99999991116216 -26.33974535670047 0
3908 -19.28571428571435 -25.10256681389213 0
3909 -11.29199179575683 -8.638449028317355 0
3910 -15.71428571447005 -23.86538750928731 0
3911 -32.52564170347302 -16.42857142857147 0
3912 -32.52564170347299 -17.85714285714295 0
3913 -15.00000303259829 -20.15364552114561 0
3914 -17.85714285714262 -20.15385022083813 0
3915 -16.42857478700897 -20.15372462014244 0
3916 18.57142439205432 -13.76282606969903 0
3917 21.41951773954618 13.74907186729775 0
3918 23.67407600605764 12.62977544002812 0
3919 -6.255610733929678 -18.5533994695641 0
3920 -32.52564170347303 -20.71428571428581 0
3921 22.85776742238409 -13.76278362690913 0
3922 -22.85714285714285 -8.711944023795953 0
3923 -22.14285714285713 -7.474428763666827 0
3924 -22.85714285714286 -6.237190892786794 0
3925 -20.71428571428569 -7.474372745022542 0
3926 -17.14285714285712 -8.714037292829204 0
3927 -18.5714285714286 -33.76282085173654 0
3928 13.76282085173652 -22.85714285714286 0
3929 -17.85714285787905 -27.57692436624166 0
3930 -6.300535931140151 -35.7718615107858 0
3931 33.76251345091513 18.57031726820358 0
3932 -4.997238557838783 -30.05287110398607 0
3933 -33.76282085173651 -18.57142857142862 0
3934 -21.42857142857144 -33.76282085173653 0
3935 -18.57142857142832 -18.91667107257462 0
3936 -22.14141884854396 -17.63274667253253 0
3937 6.238394320807203 -18.57101417326716 0
3938 -23.57142874898037 -32.52354632801294 0
3939 -16.42847703985342 -9.968989703897986 0
3940 -13.57142951192163 -20.15350488104349 0
3941 -24.21540330182841 33.65792440967695 -0
3942 6.237677035478045 -17.14278807649692 0
3943 -18.57142857142856 -6.237179148263491 0
3944 -17.85714285714284 -7.475335662863358 0
3945 -15.77126060474692 6.302242534461797 -0
3946 -22.14079739764613 -12.4307498233522 0
3947 42.85314516032683 26.2396091564921 0
3948 -17.14285714285713 -6.237342042652886 0
3949 -31.28851064501598 -18.57142300204062 0
3950 -6.267838079183207 -17.12008603341843 0
3951 -10.71529241816549 -17.69012054090859 0
3952 -10.72376257525275 -22.63151497791356 0
3953 -42.66908793386941 -13.66636271793003 0
3954 -6.237179148263428 -42.8571428571429 0
3955 -15.71428571430858 -31.28846253163539 0
3956 -30.05213096373146 -23.57021194901421 0
3957 17.14285644629476 -13.76252557852019 0
3958 -21.42857084838019 -21.39102938144212 0
3959 -11.4361388610507 -16.42274797330011 0
3960 -9.859688848450674 -16.35029803393465 0
3961 -17.8573445488595 -17.67918017395592 0
3962 -14.99935470700726 -9.962042348109664 0
3963 -19.99999938405982 -23.8653878349649 0
3964 -7.894929094533873 -20.16670470257618 0
3965 -31.28889700503677 -24.28495137333618 0
3966 -31.28895703170873 -22.85672992034596 0
3967 -21.42857142857142 -6.237195258289941 0
3968 -23.57142857142857 -7.476535034588926 0
3969 -28.83336923483602 -20.00293747875381 0
3970 -16.42857142915302 -22.62820802504131 0
3971 -26.34918365703062 -22.71927383219941 0
3972 19.28568329389419 -12.5256389913871 0
3973 17.85713746968943 -12.52516716422745 0
3974 -19.99999999999998 -8.713531436396252 0
3975 -14.25851257296969 -26.35411910296749 0
3976 -22.85714314380191 -31.28770659854295 0
3977 -33.76282085173652 -17.14285714285717 0
3978 -13.48148165415829 -34.97878128774774 0
3979 -33.76282070358529 -21.42857117196603 0
3980 -14.28574088184013 -23.86385239495559 0
3981 -26.41183857485937 -17.13078335137842 0
3982 -19.28571428571427 -7.475416655929864 0
3983 -32.52575393816385 -22.14278025861784 0
3984 -30.05129142191379 -17.85714192891157 0
3985 -31.28846255520965 -12.85714285714289 0
3986 -34.99624970712787 -12.13667800054819 0
3987 -22.85714288673482 -33.76247162249317 0
3988 -20.7142857171565 -32.52563872367615 0
3989 -30.05480933205451 -19.28617001928808 0
3990 -22.14285722824156 -32.52510507446868 0
3991 -13.75962328422883 -1.426233308971036 0
3992 -12.52171364498648 -2.142855917931231 0
3993 -1.43017836844126 -26.26144953488872 0
3994 -9.284868224770786 -32.51953923994708 0
3995 -19.28571428635689 -32.52564103820144 0
3996 12.85714285714272 6.237179148263402 0
3997 -32.52569780824721 -19.28570778809497 0
3998 -17.85714285727703 -32.52564156505181 0
3999 -17.14285714303183 -31.28846237539047 0
4000 8.679119535042322 -12.88040725910202 0
4001 -4.942941959447889 -12.33447329217814 0
4002 -8.698725102273821 -12.85679611430622 0
4003 -28.52026247081308 -8.68572545289075 0
4004 2.864665974692644 -6.233033512971753 0
4005 -7.478602843897178 -9.285696598114965 0
4006 -1.288462555212273 -11.42857142857084 0
4007 12.52374431041136 -3.571005180286617 0
4008 -9.996770391870685 -13.74262890076046 0
4009 13.76252971427853 -2.857011807502865 0
4010 -8.711537444790002 -8.571428571430893 0
4011 13.76280167430041 -1.428479140074668 0
4012 8.817659581844261 -2.836254355911304 0
4013 11.28872995373987 -0.0002169236944688698 0
4014 7.475068395995465 -17.85706290587604 0
4015 -25.16342142103139 -25.00775160080716 0
4016 11.20248963506673 -17.13925949955841 0
4017 7.479850312805927 -19.27839896369536 0
4018 18.53471945798956 6.231588603795072 0
4019 -21.42857083393092 -26.33974051064617 0
4020 -20.71428466205042 -25.1025662063835 0
4021 16.42857133506873 7.476517791652292 0
4022 -8.711910045877747 -2.857156207575322 0
4023 -2.142853258624186 -32.52522065338127 0
4024 17.13673860376762 6.236606857769157 0
4025 -21.42856974479977 -23.86538810341598 0
4026 -22.85302552507474 -21.39032684438004 0
4027 -30.74306177557189 -5.023712884787916 0
4028 -32.5257962557401 0.7138249770439471 -0
4029 -22.13916714399522 -22.62658460245718 0
4030 12.52615999649547 0.7135359869385571 0
4031 12.53040205343333 2.136236223575843 0
4032 13.57143870370678 9.949454610216813 0
4033 -0.7142782185313525 -32.52562446277401 0
4034 26.2385007840254 22.85765517337192 0
4035 12.52564587224731 3.5714285714276 0
4036 33.76226331041791 17.14271177361102 0
4037 -2.840817721461754 -28.80388805867139 0
4038 -7.480150396351984 -2.150655151324389 0
4039 -5.46963078419037e-06 -33.76282713101288 0
4040 -7.364153308316944 16.4033173511505 -0
4041 -9.892966072790305 6.355002341508485 -0
4042 26.23905747079623 8.576476973374557 0
4043 -37.50139462323265 39.41607635339136 -0
4044 -25.6978869155537 -28.84128701175954 0
4045 -27.16971482048164 -31.28357879389114 0
4046 37.14581319411411 26.22361240307175 0
4047 28.71756877670651 25.7143048298354 0
4048 26.24152149329444 21.42917253682122 0
4049 -15.5858040114345 31.35133705956464 -0
4050 -17.32223677257685 33.63669673805114 -0
4051 1.428573208020738 -33.76284412804051 0
4052 10.71323235526814 12.44834241247183 0
4053 8.559390943826134 -28.71267990731641 0
4054 9.223215662106155 -27.612299308587 0
4055 31.27951804751925 12.8567803169783 0
4056 2.153362740928379 -32.52199662698227 0
4057 26.30449285075625 14.28707483988572 0
4058 14.28397634454254 11.1875149359718 0
4059 -12.4911958131789 0.7112670391566847 -0
4060 -3.552704722985855 15.18206233820412 -0
4061 -10.71428571428575 -32.52560351121438 0
4062 -11.42676347822531 -33.75113911259049 0
4063 -13.75293119921811 1.427528483829793 -0
4064 9.971851989021335 -20.70782122334749 0
4065 7.14336058317966 11.18664647264009 0
4066 9.999904851753456 8.711767386102542 0
4067 -7.683547170041959 19.26462116895675 -0
4068 -1.4296799129336 26.32033555303115 -0
4069 -3.57135926172588 7.478028741813408 -0
4070 9.285718676881588 7.474303537069267 0
4071 2.875113589632437 13.67265600219764 0
4072 4.996576279320902 9.919646336836772 0
4073 2.138972592756972 17.37471732420346 0
4074 -24.99665724693669 9.953195016511767 -0
4075 -30.09605618727882 -27.83438102023152 0
4076 7.935797232901736 7.519678483802602 0
4077 21.42872202762136 -13.76282953601464 0
4078 -2.83743516518333 18.89696616496773 -0
4079 9.24447788923738 22.50147550101067 0
4080 -11.33618641057387 15.61894575867225 -0
4081 -32.52523605807185 2.142008657586944 -0
4082 -14.21444634142301 28.96839836126208 -0
4083 11.29203920760741 -25.70916874983386 0
4084 -7.166520506129919 8.694616705170009 -0
4085 20.71413525681265 -12.52572857013564 0
4086 12.12636545403233 32.46207922555181 0
4087 6.421473818153918 14.90582736096104 0
4088 -2.839606077898081 21.37556662854922 -0
4089 25.637816761986 -11.31155508949312 0
4090 29.34217235470426 -37.49613172801053 0
4091 -4.263762027523914 21.37250359213565 -0
4092 5.714117170508377 11.18181089512574 0
4093 -11.3372613883421 17.04927054377541 -0
4094 5.668989632535554 21.25921162846277 0
4095 34.9332786649021 -6.498028043026022 0
4096 33.673471137212 -7.204290548706199 0
4097 32.43039400337665 -6.45609881747916 0
4098 -33.76303103282671 -0.0001356310874670844 0
4099 12.12374275540111 27.47401477034743 0
4100 -12.5779264208167 20.62446409739088 -0
4101 20.14776538264292 41.24583619354954 0
4102 -12.57629541928898 17.76408285030532 -0
4103 21.43240681603594 -11.28431990158725 0
4104 26.23403862890203 -2.858997495058897 0
4105 35.74152575201893 13.75793051939279 0
4106 20.72786861359048 -10.03867936025148 0
4107 -12.33164455579682 27.57556523384583 -0
4108 -27.53260799302176 2.160572165638158 -0
4109 -2.122277119636145 20.13574239994757 -0
4110 6.19368435549362 -35.72388544143283 0
4111 6.020491675793734 -34.34922140893276 0
4112 8.532839485370717 18.77464429778491 0
4113 -23.58211302696366 14.87748113000689 -0
4114 -33.76607751968488 -28.56683582489563 0
4115 -2.143006640614618 7.475807124243265 -0
4116 -33.76298889471773 -1.428811737844799 0
4117 13.76239831896458 -21.42795347148979 0
4118 8.485185521647274 43.82220485490996 0
4119 7.820873319208463 42.54996549354505 0
4120 22.44173327010893 -29.28807371331375 0
4121 22.38501016268656 -27.7628961165868 0
4122 -15.05649234792586 20.6250898342308 -0
4123 29.95230177175536 7.860420448357845 0
4124 -26.30253620734128 -35.77769504641924 0
4125 -27.4756389721237 -36.42857142857131 0
4126 4.948823758869352 22.49822080049376 0
4127 39.93678212478793 2.229061230984935 0
4128 12.52386737507092 -20.71030100965951 0
4129 -32.52996964483252 -2.136546727959728 0
4130 -31.26134227744046 5.702570198624295 -0
4131 41.16496887290899 -10.14327980794391 0
4132 -7.489289586214464 42.07327644227807 -0
4133 27.47736132769584 29.28827725331073 0
4134 25.03536162097204 26.48444223842527 0
4135 29.97118682571081 26.42850869080408 0
4136 -2.849044013163151 28.81886138430608 -0
4137 -2.132073918757674 30.0609488142573 -0
4138 -0.7313772883766309 30.02012577316876 -0
4139 33.65193035900595 -12.86917515557875 0
4140 16.86271757834249 -43.79478220421517 0
4141 -27.36286279588948 6.228054080235907 -0
4142 -39.96281972342319 -26.34806122269735 0
4143 25.6413586403192 -31.2486507808994 0
4144 24.68520097045536 -30.13520853691966 0
4145 -32.5263851877451 -3.571453636053286 0
4146 -33.69330739740319 37.22765182665452 -0
4147 11.39967376071561 26.23045612620159 0
4148 -0.004644245676001653 -28.7960424273639 0
4149 -12.57695004132109 19.19456324108729 -0
4150 -13.51016867063761 34.94679177858811 -0
4151 40.36841753104965 -38.74924360556398 0
4152 4.939363892057513 27.46647328345033 0
4153 29.55127057917797 42.50174002336738 0
4154 30.17926842010473 43.84255025980706 0
4155 29.41606740679387 45.00327970940227 0
4156 -28.56298374512462 8.732097484317439 -0
4157 -40.29055647810043 48.70407126743436 -0
4158 31.18637301681161 -2.856163036742674 0
4159 -18.77387445560323 22.76888302575942 -0
4160 31.1853870375445 -8.582880327651154 0
4161 -27.49363303358693 32.1277533396256 -0
4162 -24.92803846481821 32.29721678681266 -0
4163 8.527726368123632 26.22572035407371 0
4164 -22.49056460490691 26.34172016148678 -0
4165 22.94205652051949 -26.27881718450759 0
4166 29.35553430620432 -42.5749803615002 0
4167 -26.21880780600421 37.14671462021647 -0
4168 19.99438286029907 -26.46352060964995 0
4169 20.01324968279338 26.46227132630601 0
4170 37.17262974362733 -26.2422134623603 0
4171 17.07092316644887 26.27300694788527 0
4172 -36.20009791422721 25.62778039874084 -0
4173 -43.8828114059305 34.26356628526028 -0
4174 26.23523608956619 2.855753850221141 0
4175 7.430193466281481 -44.98756274270747 0
4176 -43.84149423965096 26.92688457712475 -0
4177 7.806209387350719 34.96377119049165 0
4178 27.15168780430006 -26.24349383091075 0
4179 3.519944089463117 7.53076542987039 0
4180 -29.28351620503193 12.42683960229214 -0
4181 28.71356272179351 4.282263268200545 0
4182 -11.36656956750008 31.35007084132636 -0
4183 21.32027296914432 -38.7443027005687 0
4184 -36.20545550185956 19.86797009806881 -0
4185 2.135332857354645 7.486804688668808 0
4186 27.87859655037042 -34.9763076274454 0
4187 41.85716228215777 -43.8732650635588 0
4188 7.878974133348105 -27.59058071420226 0
4189 28.71168735213153 -4.287717946352604 0
4190 42.88583614402764 13.78771898465226 0
4191 27.47364277304737 12.14703229513752 0
4192 -22.85524476815345 6.236974863289195 -0
4193 -12.12964486981272 -34.98534507592008 0
4194 44.82794527878198 -46.43085955895287 0
4195 0.7142857142931751 7.472827056247274 0
4196 -45.15427606031216 30.57390212327282 -0
4197 19.35446336969677 34.95774257628555 0
4198 -21.42688081250637 6.236822177005603 -0
4199 38.68347358491337 7.313513772456382 0
4200 -31.28680270185362 7.046354842558706 -0
4201 33.76282085173655 42.8571428571429 0
4202 -36.25799744841962 -41.60984926233694 0
4203 9.969100755697667 31.21143334120089 0
4204 38.68697760880838 -7.246536022103462 0
4205 -41.3294924693928 40.15622907246174 -0
4206 23.73714209538168 30.01492262128433 0
4207 37.42147924052251 -41.30639605241836 0
4208 31.28768937211696 34.29024302671468 0
4209 39.97970023756042 -13.73638667076302 0
4210 26.29573963478125 32.85790848657079 0
4211 17.68487445151303 -34.96298314743842 0
4212 -0.7148590151822523 7.473786546985687 -0
4213 28.72217815883049 11.43220385353755 0
4214 14.96587351525388 -26.48628243726923 0
4215 32.84971660523356 -28.72060697287983 0
4216 -13.81642508133168 19.90954878617629 -0
4217 26.26417902346506 -17.14525605054103 0
4218 45.60266210100001 -42.58371212024441 0
4219 13.83071772642961 -29.93262044722243 0
4220 -41.34847364631545 -43.09768582546481 0
4221 -1.380305336391787 38.81073452248965 -0
4222 -38.79767086818429 -38.68686844115554 0
4223 -31.13974928324399 40.15535302080529 -0
4224 37.43124847839419 -46.39789325333335 0
4225 -15.05579429851843 22.05386713689243 -0
4226 -5.691513688159572 31.31103679205918 -0
4227 -37.06880636600795 11.18881265491127 -0
4228 -33.62116411524567 12.62032984301571 -0
4229 27.47380816643644 3.568748447134297 0
4230 47.00028744550417 -40.06537849430975 0
4231 -20.70713327415043 7.476805071024016 -0
4232 28.73729786068054 29.99374235458787 0
4233 -38.4883538766919 6.174250926901112 -0
4234 -41.47917959186591 6.202932972278504 -0
4235 11.40903076637839 31.21208189485948 0
4236 -36.22581498683208 38.686433762177 -0
4237 26.24195663434406 -18.57528790095561 0
4238 27.56448090672695 35.0123901085413 0
4239 -3.538509382100218 35.03902620462794 -0
4240 -1.429226230928861 8.720991013709742 -0
4241 -41.32715313089174 38.68276818955773 -0
4242 -18.56902860992992 6.23665257029346 -0
4243 -43.9130601050653 -46.05380444666628 0
4244 34.41920554911194 -46.38609400220412 0
4245 21.97961486645049 -45.11958277879155 0
4246 20.00408600776461 -32.13574589929205 0
4247 43.32403440015732 -38.74110395096552 0
4248 -7.629317921992667 36.38802620348973 -0
4249 -34.9892929862894 33.53471430692402 -0
4250 -36.20289292160676 41.6331304451957 -0
4251 39.93957330478854 0.7777367066110598 0
4252 40.37688780738844 -43.87112718625385 0
4253 -37.52866542700264 -33.59433807122483 0
4254 -45.18530415157294 -42.36068047967267 0
4255 -7.13416808259943 31.27548124442687 -0
4256 -0.7124064588510723 10.00323324383614 -0
4257 36.70022225367237 -34.92529808527887 0
4258 27.47668920261893 -19.2896364544618 0
4259 -36.20995695353419 21.31489812048778 -0
4260 24.93025614032165 -45.08812690976067 0
4261 -17.85536208805852 7.471993348202524 -0
4262 -43.88090219951741 32.78725771376296 -0
4263 30.03840197728899 12.14393726387743 0
4264 42.8571428571429 33.76282085173654 0
4265 43.56467644689648 32.50756182624207 0
4266 -33.74975863720627 -34.35675570624605 0
4267 -31.19591232762962 25.63584499133956 -0
4268 -29.19167094376395 -34.99522562756529 0
4269 12.62665750346898 -36.19719081239728 0
4270 15.0503575848553 42.55920618190198 0
4271 -43.90069084050118 -32.85927461572214 0
4272 25.02798439865347 13.48025267982061 0
4273 -16.2943749166167 22.76824419094062 -0
4274 20.50112614031043 -45.06949914783833 0
4275 -46.38205844802336 -34.28439421725199 0
4276 26.22725006255853 -21.42865812166397 0
4277 -27.74599302700583 -30.09007195057665 0
4278 -38.73240014531705 22.75949169207534 -0
4279 14.9955963580204 29.96351317747689 0
4280 -30.70793005012923 12.42132003283766 -0
4281 -16.41970915712039 7.47654564331746 -0
4282 0.1523170823987717 43.8472697043971 0
4283 -41.26351310638792 25.66177314114222 -0
4284 43.72633001179383 -4.325516047096187 0
4285 41.10027288946755 -37.47163812370439 0
4286 3.04212771403706 43.87000924726887 0
4287 26.40531882200036 -45.11883928525836 0
4288 4.92284725211336 37.4768040134473 0
4289 24.9710493629609 -37.49655265757961 0
4290 45.71084467540562 28.74132399738013 0
4291 47.37302319760411 28.76834719941503 0
4292 12.03929234275533 45.10330175073736 0
4293 4.221166499550611 28.70921122462729 0
4294 27.5777591326277 -22.36524253681202 0
4295 -33.75488241317021 -27.15026316748795 0
4296 -26.23015022262369 -42.87381909371609 0
4297 -17.53422209483634 22.05358485324055 -0
4298 -38.79204670644008 -37.22768155063328 0
4299 42.91791094875754 -26.21115254709985 0
4300 42.88006155082458 -13.78213874956932 0
4301 38.6846946818532 -2.860118902792582 0
4302 30.08147615811782 -41.30039684969355 0
4303 42.13186705392567 27.47958294018741 0
4304 -13.76282085173658 42.8571428571429 -0
4305 13.34401569154286 -37.45846896824102 0
4306 28.59645170642487 -33.72062439323009 0
4307 -32.46455672780824 -37.96579562772416 0
4308 35.2025253011543 -42.58793890673043 0
4309 -28.71401012972709 -41.54905467654277 0
4310 46.26567416724909 0.0775698543088406 0
4311 -7.475158095749288 -40.70412057847983 0
4312 -18.77374997729067 24.19749738760623 -0
4313 16.95416637621503 -38.72772166643855 0
4314 -33.69722365085034 24.1924972072874 -0
4315 8.525296811892343 33.70879037422641 0
4316 -47.37995547228245 -28.77468174765134 0
4317 -43.79824897846822 24.18382279415384 -0
4318 45.46213192822396 -37.40531132594072 0
4319 45.51344227780248 -34.91545780300589 0
4320 42.46614227310675 -0.6697088044219287 0
4321 -34.98727391755533 -42.33481716272041 0
4322 -6.236496630486032 -41.42580842606138 0
4323 33.74618346545771 -15.71917366879057 0
4324 -44.0917555923949 -31.35279933665076 0
4325 -33.72327759652399 -38.69229675631679 0
4326 11.11626352069722 -46.28234680240455 0
4327 36.45597229835076 -27.48797434501747 0
4328 -37.50598382442057 33.53885530730879 -0
4329 -6.235211139995781 -38.56765055361707 0
4330 22.98613451711907 41.21661661748347 0
4331 21.52852990054141 38.70360324259639 0
4332 25.88464627733816 43.74515121044763 0
4333 -42.48106030597038 14.78417014229837 -0
4334 -39.96008932681827 17.68477593898018 -0
4335 20.08051975094146 36.20227976244141 0
4336 39.99308205310769 26.23790682477153 0
4337 -37.45408021080422 19.1412315694209 -0
4338 41.06751344380968 -32.39062073298061 0
4339 -46.26354608982246 -4.224095148464222 0
4340 -22.82275766349788 46.24325083841305 -0
4341 -46.23267306464869 -1.427009783530605 0
4342 1.428571428566698 -46.23413274583613 0
4343 -46.23353592067701 1.428571428576447 -0
4344 -1.428571428576447 -46.23353592067701 0
4345 15.49250458376598 -41.23488387272471 0
4346 -41.31919075216045 -35.76846220269468 0
4347 -46.457108251246 -43.10397670334682 0
4348 -20.01227479023229 24.91232399661021 -0
4349 27.54198285741271 32.14752834787172 0
4350 -42.86274614081078 -26.23156064559798 0
4351 41.19021687220588 2.960155309368083 0
4352 14.03054763295058 -43.75338650334982 0
4353 -7.472939843835869 -37.84683809859045 0
4354 41.11454498574194 -45.15448565068758 0
4355 37.43418108973956 -36.19581468711802 0
4356 -44.9723276541853 7.489271035070792 -0
4357 31.18754455415158 8.57309274171458 0
4358 -7.514384918627794 40.62949474337813 -0
4359 -38.79583951916597 -43.08250405537324 0
4360 -27.40504439326589 39.34986193903793 -0
4361 43.71388344414311 -7.242050139103455 0
4362 35.94735579458123 -41.3064395420113 0
4363 33.00905891735555 -41.29820573594836 0
4364 4.937024530146308 29.95569698612712 0
4365 -21.25224402643488 24.1977455995409 -0
4366 43.70182087228952 7.317511849626485 0
4367 -24.98089119443614 26.35360604304118 -0
4368 -44.28250163154311 -6.264130705630738 0
4369 -44.96296298499674 11.8608391623207 -0
4370 15.78575377158897 43.83054990887247 0
4371 39.2666407557228 27.47819172244744 0
4372 26.23336112506018 1.42613247833693 0
4373 -37.45956050233591 20.58737908253664 -0
4374 -44.00860390742574 47.45349718531711 -0
4375 -10.00490080061565 44.99397667371298 -0
4376 -20.06620306663471 16.25791868109253 -0
4377 25.69786076485524 -38.76078432120378 0
4378 -7.467479522536158 -36.4253908603901 0
4379 -45.75452933476419 -11.29562145428612 0
4380 32.61607567567093 -23.67860558202669 0
4381 -8.724929805667561 -45.71679175260714 0
4382 -31.38642554475571 13.84133624296403 -0
4383 41.83073990410941 -46.39797460174007 0
4384 -26.27451551873124 1.42340848488739 -0
4385 16.4666556964818 34.95978626138081 0
4386 11.39927454646391 38.74770514671307 0
4387 44.97870716946573 -5.06077382880294 0
4388 2.780552383743739 33.69254958438556 0
4389 30.81996461941703 -42.57332000296024 0
4390 -37.51591362460395 32.04470118193935 -0
4391 -26.23081512283247 28.51579160221516 -0
4392 14.99254971716625 12.42709231254071 0
4393 -22.4914042912106 24.91384574270686 -0
4394 37.952292508171 -27.48227844674078 0
4395 25.68661270146012 -41.30010190773042 0
4396 37.84663967346993 27.47052903373866 0
4397 -34.98494235571857 -37.96485851599787 0
4398 41.19304140383662 1.507904059948204 0
4399 27.46973961665889 0.7036628027779119 0
4400 18.64705889628679 36.20449054551946 0
4401 -38.76914718517723 -31.41775632705668 0
4402 41.84558428998906 -38.74626681600405 0
4403 34.87221834735949 -13.50564367425815 0
4404 -27.02297110835022 -13.56828585465366 0
4405 -27.45582505537681 36.44089980348546 -0
4406 15.02339950142756 34.96696816752241 0
4407 34.88406264979801 -10.73522398295139 0
4408 -29.94826214645351 35.02927330547766 -0
4409 11.17729021658284 -38.69369617167932 0
4410 41.81453179080332 -33.66271668481242 0
4411 38.68756443090659 -5.790461441461957 0
4412 32.62677953622446 36.27566029891932 0
4413 -45.15922183309108 32.04572842927649 -0
4414 -42.47547850228712 16.22902645062672 -0
4415 36.69848143196741 -37.46898901954037 0
4416 -29.92744196371671 36.48948579474425 -0
4417 -42.60348081668543 37.94519702942132 -0
4418 -41.77883749288394 48.71198561735586 -0
4419 -47.12152007020337 -8.767009718735283 0
4420 26.23118137750549 -1.432459614491044 0
4421 29.32739829220619 -34.97674341539455 0
4422 25.14364382938951 44.96813865188222 0
4423 -24.97158081904869 30.68888043163985 -0
4424 10.68610058653759 32.46083359615012 0
4425 15.12794350384189 45.09238068605936 0
4426 -13.75667033679962 41.41096253228308 -0
4427 -37.505397251944 35.01046284604629 -0
4428 -0.6930678655758502 37.56496905516133 -0
4429 -40.06012923340565 -37.95652359285033 0
4430 26.42584407202258 -40.02645198280388 0
4431 -23.73466069237593 25.63250537783705 -0
4432 24.22794838333217 -41.29448353847212 0
4433 26.31883511613579 34.2837294767735 0
4434 9.270862519147169 14.93303791540738 0
4435 -24.97183114862536 27.77768279052379 -0
4436 31.18708624097239 -7.158215094100687 0
4437 43.73178397887932 2.995998220221011 0
4438 -36.2553615989024 -43.07976393753766 0
4439 4.214339097249708 31.20097382361997 0
4440 -40.01183001717067 -30.69069152571607 0
4441 17.6534472645714 -39.98340869226151 0
4442 -34.98653163403075 -27.87305103240692 0
4443 34.92706112936506 -5.029263678260582 0
4444 7.124892541144193 16.17746064589382 0
4445 11.89162061649087 -39.95948177790625 0
4446 22.75372267758942 -41.29424461805274 0
4447 44.04488966281137 -37.45941654420966 0
4448 -43.88596784457064 38.68293501539198 -0
4449 29.29394276199945 -29.9691350839361 0
4450 44.95484578527338 6.60289803105076 0
4451 -12.51338302013812 40.67383901562742 -0
4452 27.4679375922307 -2.153312562991151 0
4453 39.93633034109908 13.71793958086541 0
4454 44.95712862962163 -6.517745971706148 0
4455 -42.12933960729165 -7.542482144275813 0
4456 30.05631111605283 -36.23406631233756 0
4457 -46.43101089810719 31.30610515325234 -0
4458 25.66636361635006 -46.39188156030362 0
4459 4.976857185426159 17.43665468774545 0
4460 9.963228156301824 33.70926290011774 0
4461 19.8536508012067 -38.7318503325488 0
4462 3.493736672145242 32.44823806695345 0
4463 2.839717984933616 18.66046831188515 0
4464 28.56592567507916 -26.21951363288299 0
4465 -37.52781963127765 -43.81054256297103 0
4466 -45.13855690276157 37.94113576977999 -0
4467 28.70507901638711 -2.869028805773461 0
4468 -41.32702928235188 -37.22703591310754 0
4469 -2.142865805856734 -27.59718427702835 0
4470 33.67871315486869 0.02556435564285593 0
4471 5.692245673128122 -8.631050164946538 0
4472 30.72711987377784 -29.96033985775824 0
4473 31.53001967721366 -36.22367909245887 0
4474 17.20562109648134 36.21516233010837 0
4475 38.55654076505989 33.71513266428617 0
4476 -6.383282430877794 -47.31522535965892 0
4477 -13.78324305069151 38.57142857142858 -0
4478 29.28250456530892 -27.46527396151222 0
4479 27.84205659879395 -25.00715056438452 0
4480 -5.083102477869372 35.00419983937456 -0
4481 29.93754980957464 -2.153159172151202 0
4482 -38.71357824640461 19.85608598798621 -0
4483 -12.53451570463055 37.7796031082073 -0
4484 32.14822438055272 -29.94846915622157 0
4485 -35.06695445496008 14.72110113498539 -0
4486 26.3723136514971 -47.65601589307128 0
4487 7.615437138820196 -37.4422001352397 0
4488 31.18055347715016 -1.436061268104267 0
4489 -31.20408063391479 31.38970876789395 -0
4490 -8.750822723799569 -47.04435779313244 0
4491 28.56891129186476 -28.7167530307361 0
4492 -47.47589029684287 -0.7142857142784756 0
4493 0.7142857142784756 -47.47589029684287 0
4494 46.22654552327766 -2.880031618648972 0
4495 9.243656341357479 34.95830170696171 0
4496 42.45926309893619 2.248024505551092 0
4497 -31.21784387740308 29.92618145051131 -0
4498 35.03017830532293 27.64513353637226 0
4499 -32.46853728111418 29.16736895884361 -0
4500 -42.60351150561279 -37.95888393523255 0
4501 8.520706577457656 41.2501901472845 0
4502 -47.47230934598493 0.714285714293904 -0
4503 -0.714285714293904 -47.47230934598493 0
4504 -31.1992216206808 27.05182012361339 -0
4505 32.43061655360525 -0.7097131720224908 0
4506 32.26993741451687 -42.56655892702759 0
4507 32.44839668439204 7.901636215635849 0
4508 -39.9675067975321 19.12356626635664 -0
4509 2.270135669434866 40.10129257899219 0
4510 9.963121610930438 36.21737223693517 0
4511 43.70848128439941 4.434863540266602 0
4512 33.67946129695494 5.802845285080235 0
4513 24.9115957691926 34.98537374021902 0
4514 -43.8720674295551 -37.22852389368953 0
4515 -38.79101300319317 -44.54298760624619 0
4516 -26.20301597527588 -38.57142857142857 0
4517 33.79610380332777 40.00000000000001 0
4518 -16.28159101003246 27.04496864184092 -0
4519 32.4348864414829 2.168033664463886 0
4520 33.67943393922002 2.920523952711422 0
4521 32.43342638473303 5.042451087719103 0
4522 -24.96664290001841 -22.60895589062205 0
4523 4.271297160739735 38.75416946671175 0
4524 9.24929038982777 37.47967473015889 0
4525 -10.06662948710519 -23.90197624408502 0
4526 -45.15439664708855 -37.95266626520543 0
4527 2.140541300132651 20.08590462958042 0
4528 -10.04859540080282 10.60572227338221 -0
4529 4.566641333362938 -33.75619985480567 0
4530 -42.1660344768073 -27.42688212159668 0
4531 -38.78488233852379 -46.01708184151242 0
4532 -26.21265724126243 -40.01382555965414 0
4533 32.42386827959223 -7.887915133226002 0
4534 9.968028497527193 38.73597914014265 0
4535 5.137048455091216 40.05008415853314 0
4536 19.37885755372353 37.45785439909375 0
4537 -46.36288096255033 -37.21361192662965 0
4538 19.10098779010391 -39.99546041418741 0
4539 31.53468746587216 -43.84041507700747 0
4540 -31.29331328757715 -34.1793565951623 0
4541 11.91725250709024 -32.50402581162498 0
4542 8.40348253219423 -33.62745332904732 0
4543 10.544844521629 -32.45855196864873 0
4544 7.498117522851716 -20.70212650343476 0
4545 29.99028347634358 30.69155508950628 0
4546 28.81140197050182 15.69466809689851 0
4547 29.82854102129347 47.27629074019402 0
4548 3.57716883005382 -27.52119391289838 0
4549 6.251849951750119 -39.93891666880567 0
4550 -41.21935680545197 18.39009422812129 -0
4551 -42.85714285714289 6.192724768680073 -0
4552 30.79720849046075 -45.12632150300161 0
4553 -47.47696042435226 -2.150632433184295 0
4554 2.20325743949313 -47.45669405171242 0
4555 -47.45587073991843 2.20368135331071 -0
4556 -2.203564007449813 -47.45535038583237 0
4557 22.90196699230932 -8.731911486252613 0
4558 6.456345420884617 -32.31337197101866 0
4559 33.76197386977162 21.41175832380055 0
4560 28.73686970494323 21.45049903308314 0
4561 29.9886429701285 20.73322545805099 0
4562 6.187021530872723 2.857142857140227 0
4563 -9.980054112685732 0.6786627203026651 -0
4564 -8.742397121130873 -0.03044268117722109 0
4565 -7.498145059595001 -0.7258804538936597 0
4566 20.10864392877065 38.71060630924231 0
4567 8.752663879738188 -21.41011151583684 0
4568 -27.45937807191834 -40.77579965654257 0
4569 -0.01270540659289256 23.82303031884907 -0
4570 47.39000557311727 -30.288400593654 0
4571 44.96714854433808 5.17253209402398 0
4572 30.07167504901985 -46.36981589145525 0
4573 -30.14100265198605 16.09332420427515 -0
4574 42.24508096053508 -12.4114324953023 0
4575 -4.94085014355699 32.51469076260821 -0
4576 -11.27289263204002 9.945895575861318 -0
4577 -36.2387732779365 45.8611915559834 -0
4578 -12.51711057605589 9.246428677785696 -0
4579 34.86020990389948 -12.12930304174282 0
4580 -19.85258244148799 13.66803762122611 -0
4581 -13.77723232369034 9.953487288916673 -0
4582 20.83750506548036 39.96713003735714 0
4583 -14.97606671136246 10.65017436699383 -0
4584 -7.767547852356576 21.961470263011 -0
4585 -42.48349357389766 17.65596191499058 -0
4586 9.235484599639918 40.00660917273551 0
4587 33.6655292353713 -8.615529294683 0
4588 -37.33022188617815 13.4754204934638 -0
4589 7.536822556055425 -24.89139657395713 0
4590 34.91083894440251 -9.343342513397911 0
4591 -27.47696629648334 -42.21914079139594 0
4592 16.9126775768445 -41.24272805912057 0
4593 -7.441565373507907 -16.37177241977372 0
4594 -31.32270521026139 -46.08210929762629 0
4595 -1.44248123926984 28.79213546103479 -0
4596 47.47756610608514 5.205306877125495 0
4597 -6.416120389845606 20.04764648205865 -0
4598 -4.238027488341793 -28.77153977718972 0
4599 6.173699533179108 -42.8571428571429 0
4600 46.19957804468598 5.905395143397157 0
4601 15.07137702086038 -7.54527428697302 0
4602 7.690951379617335 -5.030820410427224 0
4603 12.47895359919621 -15.10326142009071 0
4604 21.56453961219029 41.21065980911651 0
4605 -44.63057939189938 46.19146998607326 -0
4606 47.48956611528652 3.755749882983983 0
4607 9.990385009997164 -6.371344811668746 0
4608 10.05976643634405 -13.49831644431291 0
4609 8.412603027580436 -8.687482810695245 0
4610 47.45055469216776 8.130659354485314 0
4611 0.6677950128862231 29.97811489280634 0
4612 47.46254371804802 6.658454801758019 0
4613 -27.43120028650225 37.901411097851 -0
4614 16.17769206889756 -42.50499434284407 0
4615 10.19621486879727 -11.26945540684346 0
4616 47.71558885783458 48.76798892407116 0
4617 -43.72464541769742 16.92126137946936 -0
4618 -39.92622033935653 7.732215921593205 -0
4619 12.77006282946333 23.80068499470274 0
4620 9.942240695832984 -26.48794903421324 0
4621 -3.749300772617614 -8.624128546478053 0
4622 -5.027803046843802 -7.901129058499149 0
4623 42.24420260340862 12.4413384267582 0
4624 15.45514175681219 -43.75853560676942 0
4625 -44.98034899665886 16.14510313357906 -0
4626 47.49647743147236 2.276755056253257 0
4627 -29.20204967460299 7.64066321190779 -0
4628 23.80240176952487 7.215183512970098 0
4629 36.23617799407981 11.54127093505563 0
4630 11.31236783029269 -28.6520117727198 0
4631 -32.42370372259483 26.30575330101784 -0
4632 -47.63805406818386 48.59604578945696 -0
4633 16.5280466017662 29.89705809981588 0
4634 -36.19659973694134 -12.78726496336704 0
4635 34.98701844352362 10.81363867927634 0
4636 2.826435258597361 21.30175605065222 0
4637 30.73013419297537 -47.60883241392759 0
4638 -0.7314546756607027 32.54032272334155 -0
4639 2.095242162519392 22.55910738333756 0
4640 47.47384943511629 -2.161364881419973 0
4641 -26.19157653214631 40.03315329946223 -0
4642 -27.66244315495212 -20.71428571428574 0
4643 0.6962138399391453 22.58524431043224 0
4644 -33.67192044032056 25.58471319220089 -0
4645 47.49544503810262 0.7987120178126111 0
4646 0.6783834524181673 25.03657518417915 0
4647 22.86713117415335 26.18735266678759 0
4648 -28.70762547362558 -42.97039063563088 0
4649 17.13522673392538 -26.18874447372696 0
4650 -0.03919780131230358 26.28389967027427 -0
4651 -36.1793377763469 -27.19171820232398 0
4652 20.8536887225946 42.49002632962765 0
4653 -0.7474007479565449 27.53252701284212 -0
4654 -0.0330174530717029 31.24971935896796 -0
4655 -45.08656976019731 43.83762328356466 -0
4656 34.34224717691148 -31.16822806926937 0
4657 47.49326576185616 -0.6852516147824793 0
4658 -47.48208690776102 44.03944001279228 -0
4659 -47.68151989813147 -48.62876540259654 0
4660 32.91202876919702 -31.18397468747752 0
4661 -47.63602920334734 -40.91947478683084 0
4662 12.77064343246035 16.21895270931291 0
4663 21.5590939644433 43.75527559838824 0
4664 35.78427851864019 -31.15833115897096 0
4665 27.11768059451107 -23.83758883283026 0
4666 40.12925742761517 46.23740060688719 0
4667 -23.66648815678247 18.57963975300927 -0
4668 -43.96215558764295 -47.53393919784785 0
4669 46.18146221821794 40.02168354017061 0
4670 -34.92808312514607 26.30797424535573 -0
4671 47.44879857548139 -8.095809804769168 0
4672 48.77718467899543 -11.94813661325137 0
4673 48.77402847184597 11.9501009780515 0
4674 -26.21769636245438 41.4870650841121 -0
4675 16.15478648539981 -45.01307167803228 0
4676 -46.37456682537366 38.65163614587155 -0
4677 37.25729087835447 -31.1545932741306 0
4678 46.17224178125011 -5.805230085249424 0
4679 -47.52269490259145 -3.605985391237946 0
4680 47.56550304026378 -37.9404707162705 0
4681 46.19380613996836 -4.351538488800917 0
4682 -24.03156290718816 48.68545659688039 -0
4683 -14.92711033225079 27.83876409575607 -0
4684 -31.40262707175411 -8.711777914488895 0
4685 26.4146333113732 -10.03095494681537 0
4686 -27.05349336154347 46.18257518393887 -0
4687 32.60068141478796 42.13876315141771 0
4688 47.47005348639006 40.91998191300291 0
4689 40.94917686511992 47.48264966125434 0
4690 -3.5266034636373 -27.53225166219206 0
4691 38.1325255615479 -47.61831788417278 0
4692 20.84963752912144 45.01899845245103 0
4693 -36.18940604339662 27.03149550947997 -0
4694 1.36910493559427 33.74132697673211 0
4695 -45.38158540227163 47.51674901371321 -0
4696 33.71090502930804 8.642525102921013 0
4697 47.45489061270871 -6.602210187557764 0
4698 -13.51536444278325 -47.28596714919695 0
4699 -31.26934096370456 -31.55033408393252 0
4700 34.96415750396417 9.394633995881176 0
4701 44.37095469061223 -11.44656583864629 0
4702 -37.4591428342049 27.74701190056438 -0
4703 42.96002539576585 46.21800142087905 0
4704 46.20469108881997 42.95666454567845 0
4705 36.11951794411304 -11.45820984199421 0
4706 -38.70142480274433 27.04050231387438 -0
4707 18.53543716838385 31.2892497261757 0
4708 -47.58399494961571 -33.56922429421357 0
4709 2.31279395541197 45.07775499992401 0
4710 48.71812996719757 44.61982091379946 0
4711 -22.23404546247348 47.26947798234549 -0
4712 -6.307036744746751 17.59783980023508 -0
4713 43.99310306815045 47.53646580232468 0
4714 47.71061350221458 21.84203871801331 0
4715 -21.84145980021641 -47.71070109244403 0
4716 -47.71070162376289 -21.84146233843682 0
4717 47.71067119920203 -21.84159448163907 0
4718 -27.45509955835304 42.33098696876877 -0
4719 0.6866276542846818 35.0150448325146 0
4720 -39.98728181374045 27.74718737846731 -0
4721 2.202254876672362 47.49958707110707 0
4722 40.11164965152481 -26.22845300933265 0
4723 46.30328914118591 -48.8004580856779 0
4724 -28.71746270455478 -44.36228181331472 0
4725 -14.90216798892581 -48.95444906392399 0
4726 -41.19231204946925 -47.52469283422603 0
4727 47.71420957765083 18.63787640765592 0
4728 -18.62869124680505 47.66858877149239 -0
4729 -18.67593693348928 -47.71025841812806 0
4730 -47.71418625121649 -18.63787565385574 0
4731 -8.879769527236657 4.171181666426624 -0
4732 1.373478665579772 36.27550651206875 0
4733 47.71401701501529 -18.6401518278965 0
4734 -28.87781305353485 -27.05564163996523 0
4735 -27.03739435183003 -28.93095999809258 0
4736 -20.04294643799089 -45.99105701128555 0
4737 -19.98452364278321 46.01398966018385 -0
4738 45.99106618897838 20.04297524748677 0
4739 -45.99105706575942 -20.0429466134817 0
4740 45.99102267360488 -20.04311344143041 0
4741 40.90904937700659 -27.42933401448537 0
4742 -41.22368468075432 27.02273608654257 -0
4743 46.0074198376949 -17.16467411300776 0
4744 -17.06639101829278 -46.15237332361664 0
4745 -17.1674547488385 45.99856373163039 -0
4746 46.00722294465009 17.1635156412867 0
4747 -46.0070502393173 -17.16352846752266 0
4748 -47.56953933067334 -35.03925775532358 0
4749 0.6686610398497512 37.60038180164216 0
4750 9.168401902951272 -32.42170969796304 0
4751 46.16831857516222 -36.19954465920426 0
4752 -48.99065025602054 8.952672985611537 -0
4753 -7.338392673137319 46.47147538852756 -0
4754 44.34684380691258 11.45192189718035 0
4755 0.7946131808270911 15.00420411266969 0
4756 16.30020650403685 27.48912087528773 0
4757 -29.96336307997217 -45.16316462657125 0
4758 1.459442084547785 13.73198526006304 0
4759 -42.5106413976177 26.29447980099982 -0
4760 -47.57340479309305 27.61310679687251 -0
4761 -37.34825501555702 -9.290187454519433 0
4762 28.40258061441269 48.8528066582307 0
4763 -6.361429969468032 40.00238821924249 -0
4764 -47.56907363106686 29.10303438458942 -0
4765 6.63596955985523 47.5602369531282 0
4766 -12.57684970868749 26.11428099056541 -0
4767 -43.75746654727975 25.56170435882657 -0
4768 -47.26657036737768 10.34422783351796 -0
4769 5.223899652494604 47.57409123217612 0
4770 43.11391767846132 -28.65871230185908 0
4771 -47.55398296404113 -36.5044384732202 0
4772 -12.18080882379398 -5.248955433539332 0
4773 -47.57011322606397 30.57982624681583 -0
4774 25.00014289660164 -7.728190073153143 0
4775 47.55813879579945 38.21519362631872 0
4776 -27.73954779830245 4.99105731460072 -0
4777 38.14638671513446 47.46833203626385 0
4778 23.69699794369551 -27.50269218961701 0
4779 7.351214850447744 3.514681353678303 0
4780 12.68859623009356 -30.55716147660738 0
4781 3.72735465341091 47.55663678508638 0
4782 47.53860282886086 -33.48777395709537 0
4783 1.416252705987847 38.86580506953354 0
4784 -38.70046118774399 -47.41363934438082 0
4785 26.40671778113737 47.49814129874532 0
4786 8.93217962156457 -48.98268585244386 0
4787 -15.74950275625311 47.66524726341184 -0
4788 -29.00563917615005 -28.51748290076724 0
4789 -47.20376791348014 7.612047951436127 -0
4790 -37.12879030518058 6.177040474447061 -0
4791 22.85895113137455 33.80508956727087 0
4792 -1.266050490571352 45.70297736268024 -0
4793 -23.6112896180305 32.5918249787356 -0
4794 -47.67927918721196 -15.73128246555466 0
4795 -24.35219066528524 16.06643732458436 -0
4796 47.69434492852304 15.73945598171644 0
4797 47.79335917976334 -48.84923452356188 0
4798 31.42933388789897 44.27699985585155 0
4799 -45.06540637011162 26.29182661325493 -0
4800 -47.57288208637247 32.0475996248357 -0
4801 -8.537195869506458 23.98661204049796 -0
4802 47.69552574260769 -15.74023635525188 0
4803 -17.58373187003424 32.16544712614044 -0
4804 41.09747985884691 -47.61035049360345 0
4805 10.34811494785733 -47.28204882008228 0
4806 45.5621953165574 -47.60575183377478 0
4807 -47.57916097331496 38.02489259705636 -0
4808 -46.15992957525395 12.52595752813189 -0
4809 44.07265781707388 -47.58777032940772 0
4810 -47.57685200598507 33.52790359843133 -0
4811 -46.20808820124451 -48.84944893612992 0
4812 38.85024018083544 -48.8180172105858 0
4813 -47.55833116497001 14.26024722154833 -0
4814 42.58142326105988 -47.59018062311134 0
4815 -46.34692746343423 27.03086919304795 -0
4816 40.34269293219601 -48.81927310827718 0
4817 -31.28420172187958 18.55937407175984 -0
4818 -47.58049514660324 35.01068029123233 -0
4819 46.13898574008037 -10.00930895763531 0
4820 -26.30479157577423 47.40989943313544 -0
4821 0.8617957259268245 44.9998885449735 0
4822 -33.85049431334362 -8.723283461407766 0
4823 12.57635169846713 -48.60625382046371 0
4824 27.6597446558525 -12.05525881797953 0
4825 36.652095974696 -47.59503896838763 0
4826 7.62280783470688 -47.24854745491544 0
4827 -47.48096448562852 15.82762566189751 -0
4828 -47.57647993508098 36.50421532619088 -0
4829 35.13146131436648 -47.60061211725331 0
4830 33.66867781828037 -47.60768857933276 0
4831 3.568906208221613 -12.65557618171078 0
4832 31.4163845127911 -48.81694474837626 0
4833 24.24229357454576 46.252349203504 0
4834 32.88441572012433 -48.80814116220996 0
4835 14.60139067574319 -47.54839567651386 0
4836 23.19903927744602 47.5767351234261 0
4837 6.517035541973981 39.91966837141383 0
4838 -12.20319289889514 -45.01609721994271 0
4839 -30.773832367402 -47.52330671940066 0
4840 -6.419983777377764 15.23390547409961 -0
4841 -25.17063963635355 17.255488915934 -0
4842 21.64239524909634 47.61715313119016 0
4843 -16.26681528239093 30.08945215766401 -0
4844 -46.18887763591992 16.77919620432205 -0
4845 -10.55154605350011 25.19343334324429 -0
4846 13.96122244007787 -31.36197140829592 0
4847 -29.17624635282561 -9.844295678248828 0
4848 -17.87510002818689 12.28620940133174 -0
4849 -48.81849636407199 25.43099680905028 -0
4850 45.26907789545767 -29.84315774118978 0
4851 -47.52716106335926 23.33436857494356 -0
4852 -47.48247201603377 20.30941183286167 -0
4853 -46.26483769728481 21.16829499812982 -0
4854 -47.54336186885693 -37.90296961159081 0
4855 26.88441331184843 -48.89170700481632 0
4856 -25.49736593170218 48.71055791098025 -0
4857 29.24832044436628 -47.62222606325786 0
4858 -46.23726985953675 18.19658068108061 -0
4859 -7.814498652749464 37.65601094468856 -0
4860 28.39388701255031 -48.87299047292832 0
4861 -48.80599420167889 -38.71635691326363 0
4862 -46.36692692407493 40.27297398953141 -0
4863 -48.79388231716371 -4.443346840602681 0
4864 -48.8165295029269 -40.22571891330451 0
4865 -47.57567414951669 26.24583572454392 -0
4866 -12.35037086815809 -27.73295052799645 0
4867 -47.56695406027044 40.96650988176653 -0
4868 19.46850084246706 -48.82137665615631 0
4869 -3.659102033037247 -12.67749659345167 0
4870 7.176742617181938 6.475737164663058 0
4871 -47.54919256752913 42.44487005475116 -0
4872 21.21789277903122 -46.22092126350402 0
4873 46.15853306413497 10.08953947223203 0
4874 22.71389965071244 -46.18885703676531 0
4875 16.79040741134951 -46.25331738147608 0
4876 24.17115750715702 -46.21410590432894 0
4877 -12.28124273296428 34.91217743974452 -0
4878 -29.02754231808933 -12.85714285714264 0
4879 42.31522972415745 -27.43921706078481 0
4880 36.46393191687024 27.35283233222019 0
4881 47.60099816160369 -43.97640439167397 0
4882 -47.60869869821254 -42.39924645888591 0
4883 -40.20715828825234 43.63063796582697 -0
4884 22.29728458206998 -35.06332620561933 0
4885 -47.55698056231815 -43.85496919929354 0
4886 -7.325000806148761 -23.7755249563343 0
4887 -47.55480437409106 -45.34146834650809 0
4888 -47.63278443962049 -46.91966181028921 0
4889 32.26022541007364 34.97819747395371 0
4890 20.34846305075481 -47.53505482849431 0
4891 12.38112273066626 -7.639607605057854 0
4892 -7.632731468682755 -27.65657671412356 0
4893 20.13391470377766 45.98298032040874 0
4894 -10.99009220332315 -7.128451081011749 0
4895 8.916209663754875 48.88090140529744 0
4896 18.84088063520716 46.17934380147516 0
4897 17.03963444630812 47.57832672065449 0
4898 32.43045222008271 37.63058776331949 0
4899 15.56254745702612 47.56120146315552 0
4900 10.56370544915726 47.34779976325762 0
4901 -42.3576799978372 -12.34988117286208 0
4902 -21.36532385918498 34.02257021696896 -0
4903 25.14594539491548 37.67830730865344 0
4904 44.47257266351619 -28.6757412433922 0
4905 47.58334244858251 -41.17560469562094 0
4906 13.46523447606602 46.49464246775168 0
4907 -47.6930548891967 -12.734996493931 0
4908 -44.99893788857121 -32.31382154223645 0
4909 -36.50105363068117 -7.373982076711789 0
4910 -7.739990823287373 12.25720360724209 -0
4911 -34.06129218478961 46.24019090704 -0
4912 16.37261072690452 -31.23613171264601 0
4913 7.164381543469656 41.29879326688508 0
4914 -10.18712113934957 46.25188339778485 -0
4915 -7.360168593436141 -19.07639963617981 0
4916 -10.94814110250472 -12.77037016142812 0
4917 7.04319723846263 -33.46569820442454 0
4918 48.95690181642664 23.8699711884181 0
4919 -10.91143069068817 -9.998932319560506 0
4920 -9.992862675942463 -29.07253462101769 0
4921 47.46238774950963 43.77060742754414 0
4922 -42.5422068822644 45.11837566476503 -0
4923 23.6088172955592 -32.6669154376074 0
4924 -48.95872621592214 -23.86941644099829 0
4925 -23.8694157241614 -48.95873472421178 0
4926 48.95877375882976 -23.86941335673727 0
4927 -28.98740507016851 -29.85897572217751 0
4928 14.05018300537517 21.37883511011811 0
4929 -28.60915456992796 -36.01290524134639 0
4930 45.96618157780868 37.10014338002689 0
4931 37.17767173986755 46.04329084699684 0
4932 -2.282796424052309 47.71754157882361 -0
4933 -12.41675698480694 46.2456974039259 -0
4934 47.54469879381428 46.31711985576574 0
4935 -36.51505200874659 7.53498388367434 -0
4936 6.508390326262766 42.57571905420707 0
4937 -5.105908861181629 -47.70110634818796 0
4938 5.107368806240135 -47.70624966252691 0
4939 -47.69339880995074 5.088872254068829 -0
4940 1.428571428576749 -14.03387770014067 0
4941 8.891587555666611 2.664174986516381 0
4942 -32.31077827042501 -45.01643808122743 0
4943 21.42857142857143 5.958584027306026 0
4944 7.153248763555522 43.88052679834122 0
4945 24.07534326925913 11.32237348705772 0
4946 33.65924958761148 32.6427263861024 0
4947 -4.039304421702488 41.21392164570415 -0
4948 -1.428571428576749 -5.956961401541642 0
4949 11.41247747401357 4.031135766466019 0
4950 -38.61456250969464 -14.05604519320108 0
4951 -31.42857142856884 -4.04363105556988 0
4952 37.29345366125889 28.78104387615686 0
4953 6.505893419184383 45.13243436557299 0
4954 -32.46976324022866 7.543626155480637 -0
4955 18.99677650581286 27.39810618910235 0
4956 31.41972820265675 -24.038606119504 0
4957 -30.01100870348494 20.85204338909285 -0
4958 -5.952709813834309 -21.42857142857145 0
4959 21.02377990855838 -27.40677666334278 0
4960 -32.63224739130557 13.538091931722 -0
4961 -11.32793265802212 -35.92198981073829 0
4962 -25.86687804691886 18.46655707586113 -0
4963 -32.20561528947304 45.03735102200938 -0
4964 -1.080877832821516 -12.63479380289687 0
4965 18.96336080391446 -27.38420400243588 0
4966 -9.836203486800358 -47.6016045461963 0
4967 28.93985522951772 -22.63947921477744 0
4968 -15.94882337413032 8.571996280242153 -0
4969 21.1084363036089 27.38424983858555 0
4970 6.726580364222873 7.670525503613212 0
4971 7.192390687928168 46.29343799324592 0
4972 -8.571434419354622 -35.94533920325544 0
4973 -21.10586495809792 17.29610468508801 -0
4974 -5.432381458682097 36.40311718327482 -0
4975 7.987230871964852 47.5845385728498 0
4976 -18.63008337161783 34.05073263943255 -0
4977 27.39809838243017 -13.3176229715578 0
4978 -26.46837135319722 -25.41037899074674 0
4979 -47.64076909583927 -9.890283920078064 0
4980 49.02309439854323 -46.26865671639776 0
4981 -38.59307732093404 -25.94358105313557 0
4982 20.33179712771527 -35.12037380708412 0
4983 18.9311438197169 -32.66227391599667 0
4984 -41.36612807952952 -14.06453722174767 0
4985 23.47766257481191 -29.80774928854439 0
4986 -34.02445366673222 -46.00242166024794 0
4987 14.05282072267706 18.64239348483754 0
4988 -42.76694274588125 -30.92613272731163 0
4989 -9.042661852775501 9.898359989383453 -0
4990 -2.577818162293513 43.72397355327108 -0
4991 21.27715561249086 31.3651515435428 0
4992 -12.41211075221098 32.37018805963233 -0
4993 -39.98153447106434 -10.97406507205321 0
4994 19.01504355762965 7.318087940053719 0
4995 0.9851179461403923 -7.317993234562823 0
4996 30.10615257594452 46.08815920665589 0
4997 -9.007832811117652 7.328426866165095 -0
4998 -28.65835418393238 -4.015486017501368 0
4999 -5.074218254262468 47.64526508292752 -0
5000 20.0023344385542 9.042721987931413 0
5001 -29.84062854534634 46.46112626261763 -0
5002 -15.96995172975688 11.30025048251374 -0
5003 36.35142177918242 12.74332768613316 0
5004 15.94433955575224 -47.50215786492561 0
5005 27.35494177591029 39.0394157951205 0
5006 30.17969323106981 39.05467813420802 0
5007 -11.37066482115525 -26.00206094679056 0
5008 13.92672641804351 15.99817848277276 0
5009 -26.43566165811175 -14.5628357114261 0
5010 35.99313022891069 -13.9303599000152 0
5011 -27.29956762393529 20.90657471939017 -0
5012 -25.45825676667561 -16.43733839280641 0
5013 -7.729697432749058 32.30167819798721 -0
5014 33.93902600818561 36.00666597583141 0
5015 -12.40458329436189 -47.62949236873129 0
5016 7.178638760798417 -36.37697329862921 0
5017 13.7421002411364 -48.84821734277136 0
5018 -40.92493462841225 -29.97369418634401 0
5019 -37.60750413932914 10.17110632502624 -0
5020 14.62186927608145 46.29277274617787 0
5021 -38.38905351074725 44.63564299845117 -0
5022 -49.07615740321231 -7.462686566978025 0
5023 34.82668648234989 30.41435264174947 0
5024 48.89439204695061 13.7654483234842 0
5025 -9.583684836252136 -15.02982450058163 0
5026 48.89784806325957 -13.76265863876333 0
5027 40.98038415024992 -12.72272364779257 0
5028 -37.60889744965345 12.26244442922048 -0
5029 5.01312868121744 -9.584151948823559 0
5030 -43.56873228150711 7.111319941675726 -0
5031 -0.2975546073580899 44.93924499866802 -0
5032 -25.39862314269059 -23.65580436832947 0
5033 -9.621151752330743 -25.02915436309243 0
5034 47.64959279152599 30.25952183525772 0
5035 -40.99254460853379 -27.29654212620318 0
5036 -47.59799716950135 -30.1945309873607 0
5037 38.58236210379184 -14.11713757652235 0
5038 -30.41185563575881 14.73292013242043 -0
5039 -47.55289119236411 11.54156542387164 -0
5040 7.0973724058642 -43.54853656554845 0
5041 -37.28743603144856 46.43266592833554 -0
5042 -30.34099705336385 -35.01819873473485 0
5043 -45.08915772883444 45.08224625879371 -0
5044 -7.754556610377842 -47.5941201793425 0
5045 -46.32366143835733 -5.367043025360974 0
5046 -34.65290655795235 13.47939539336537 -0
5047 -8.583928380612631 -16.78868102035975 0
5048 -27.60659010230322 45.10506526151924 -0
5049 48.90738685437555 48.90738685437843 0
5050 -36.43149279241725 -47.1814312555385 0
5051 -48.90717242828641 48.90717242828634 -0
5052 10.36194490271904 -7.760849555475741 0
5053 -3.976840606334566 -6.037541254883534 0
5054 -13.95421313204588 -3.954213132045614 0
5055 5.352666611040242 -13.62138038795462 0
5056 -5.382784560615473 -13.57142857142856 0
5057 -26.42857142857141 -5.382784560615473 0
5058 -36.02661523577385 -13.96603341778479 0
5059 -5.372127756961159 -26.40962963178751 0
5060 -33.61466211074352 -5.37979744004171 0
5061 13.57142857142855 5.382784560615396 0
5062 -13.9645059561341 -36.02077580749369 0
5063 -6.428571428570836 -34.61721543938381 0
5064 34.63406066909337 26.35937141704372 0
5065 -26.0457775628034 3.954197015051778 -0
5066 23.98277139151369 -6.036968736113743 0
5067 23.97329273668067 6.034210764350781 0
5068 -14.61720436567621 6.428612756210073 -0
5069 23.97050158330838 13.96050312112955 0
5070 13.95434690456806 23.95398143123686 0
5071 -36.04578686795551 -26.04578686795551 0
5072 34.62584144494377 13.6159923566541 0
5073 13.57142857142858 -14.61619883174023 0
5074 6.428571428571646 -5.383807732157756 0
5075 14.61618847116552 -6.42857142857081 0
5076 -26.42857142857147 -34.61721543938415 0
5077 -13.98256211259445 35.97846258402588 -0
5078 -25.38337484888065 33.56871874661379 -0
5079 33.95951048129791 -23.96985067237867 0
5080 21.75616725180188 10.09601950579829 0
5081 24.05191461524432 25.96372757701434 0
5082 -47.67354951180216 -32.32336805618642 0
5083 -13.95874823225073 -43.97089064055637 0
5084 15.94767029855119 -25.96522093166945 0
5085 25.95497872221321 -24.06207971340132 0
5086 -48.91498617230931 -48.91498617230645 0
5087 40.96386511491679 12.74938899500027 0
5088 2.228000626310048 -9.623592820941752 0
5089 -26.03403175065116 43.9800250028933 -0
5090 -33.50224819984038 7.763086725075544 -0
5091 -25.37469836481951 -19.11273192020212 0
5092 49.12576311270713 26.86567164188883 0
5093 -5.372512711508674 33.56613638660426 -0
5094 -3.988752610088261 -46.03286833067113 0
5095 -10.00583855861111 30.90856075425165 -0
5096 3.988953595173275 -46.03458418645592 0
5097 -46.03449001121861 3.988995286133108 -0
5098 49.1280520102266 32.83582089558456 0
5099 32.9170321440285 49.11378224106244 0
5100 45.84900916052906 22.85714285714285 0
5101 -45.84885328256814 -22.85714285714285 0
5102 -22.85714285714284 -45.84885234534615 0
5103 45.84884681342823 -22.85714285714284 0
5104 9.688596392215748 -12.27273782221688 0
5105 -6.809529602625735 21.3413105032345 -0
5106 49.13198292621345 -26.86567164166579 0
5107 -49.13211942489604 -26.86567164166578 0
5108 -26.86567164188885 -49.1321756722773 0
5109 6.395318792753625 -25.35917075199323 0
5110 -6.428593682519388 5.400863516791242 -0
5111 -30.33047325051002 7.661724924395711 -0
5112 -19.60258238256775 14.89677855397325 -0
5113 24.05460522735208 35.98314021922228 0
5114 38.58275531688362 14.13966299297531 0
5115 35.82089552231132 49.14218922098139 0
5116 49.14287121747516 35.82089552242405 0
5117 32.79888509512637 40.96519350137813 0
5118 5.83263844999964 -33.25843859303467 0
5119 -26.77725138614388 -21.39517568556957 0
5120 -40.94593310605974 7.212466997813428 -0
5121 27.68626338625083 -15.37307099190401 0
5122 -35.38293247788618 7.67764720414434 -0
5123 7.665568860814554 -9.635608736556694 0
5124 34.12874301153101 38.62412652089485 0
5125 4.654878566116577 7.670282738611762 0
5126 -9.002580217545677 5.284380361037614 -0
5127 -16.17118885381841 -47.21819380958777 0
5128 10.34987242386393 -27.70612044995751 0
5129 -46.25595633344924 7.161767877658381 -0
5130 -6.731657896685912 18.5894603795871 -0
5131 7.10581071549015 -46.38773394419606 0
5132 48.98178270282391 -48.98178270282391 0
5133 12.61189858185728 -31.6760807618482 0
5134 -38.22012617269607 -9.944679922725749 0
5135 7.191456609367756 -40.92497548107303 0
5136 5.832317522562957 -38.58364753029909 0
5137 -32.69765706611641 -8.333787256985248 0
5138 47.62626180520652 -39.06220957474169 0
5139 26.75490977990238 -11.3788233415713 0
5140 -15.33103049754242 29.09687364866004 -0
5141 44.93124586626305 -10.51061662521241 0
5142 -31.73414034184598 -32.87443634032643 0
5143 -31.42823831092087 16.59150206895759 -0
5144 23.99247907062366 33.94973169777932 0
5145 17.77034881555121 30.32228574717848 0
5146 -11.65573489122793 25.32454701111456 -0
5147 16.76650112785829 28.56353177610114 0
5148 -42.53739237841671 -47.90501313626139 0
5149 -38.90549669675728 7.238589141107707 -0
5150 -7.774837161774593 23.0489687451065 -0
5151 11.55995154836752 -48.96155982759193 0
5152 46.4502055288289 -29.53449842266254 0
5153 9.049909272199228 -5.305859450198165 0
5154 -28.07977584025528 -13.59476434890774 0
5155 -36.42373677504003 14.48214552725169 -0
5156 -35.83080730187071 -49.1442113372387 0
5157 -30.00606467731201 -31.76211725036507 0
5158 23.24191849813914 -28.56575260337963 0
5159 -18.63619330684935 13.21945159857312 -0
5160 44.92013543859292 10.56186170497513 0
5161 47.99759632568549 23.18070857071074 0
5162 -29.52733632888894 -47.73153862991902 0
5163 -30.29395909419974 -9.706040905799199 0
5164 11.4285714285715 -13.27746947722857 0
5165 -48.02367859892993 -23.09088388358419 0
5166 -23.09087949970284 -48.02368016002546 0
5167 48.02367624344791 -23.09087633309503 0
5168 26.72445243205946 -8.575490567000903 0
5169 46.6192762238189 -37.35691678388099 0
5170 -7.135743306341745 47.66265742680758 -0
5171 -13.57142857142851 28.0634150526786 -0
5172 8.570682299728695 -26.72166046562188 0
5173 9.695347871257102 -10.29579702083538 0
5174 -28.07740632836365 -29.04478167480431 0
5175 -13.5498054106947 46.61723466330891 -0
5176 30.48418276258506 44.98281041383783 0
5177 -45.41703245921316 -47.87407907993028 0
5178 11.75269256516319 -29.96609403421514 0
5179 -28.56015223689049 6.715265910898887 -0
5180 5.307660772547377 6.076650741874122 0
5181 26.15078557628578 -14.69305859523911 0
5182 28.98644859604716 47.84446398348518 0
5183 -34.62565869917735 6.175615827135138 -0
5184 -11.86840101675866 -6.443632481222178 0
5185 -24.65653461187984 18.20750594286288 -0
5186 -6.882529666613855 14.19185566520864 -0
5187 43.25860068107448 -11.52231044152333 0
5188 -46.58087694885293 47.684077131363 -0
5189 -39.70783229341603 -47.81783805642417 0
5190 12.4846468791174 46.13295314287335 0
5191 47.02064568861476 -26.61582102612932 0
5192 -26.61586087783099 -47.02089654477662 0
5193 -47.02083591596889 -26.61583330938458 0
5194 -33.51557967004567 6.726233591755653 -0
5195 46.94090761699767 -13.45251645389798 0
5196 46.9117572755263 33.48289372975102 0
5197 -46.06383739787415 -14.72623734539234 0
5198 47.01435239401651 26.61251243643011 0
5199 46.18527055044022 25.31759228680285 0
5200 46.93829535747138 13.45420468016366 0
5201 33.48331013612457 46.9118573187299 0
5202 -14.60547125874205 46.18583924018829 -0
5203 46.20692725063814 14.62534427435262 0
5204 -46.1987334833294 -25.3821944752622 0
5205 -25.38219671846462 -46.19877249418687 0
5206 34.57279729992348 46.22610717044468 0
5207 46.19885191004764 -25.3822229397807 0
5208 46.20899344718415 -14.62464409938443 0
5209 46.22686183717776 34.57246008496113 0
5210 45.31910299652367 46.19024974212861 0
5211 15.37449973406471 -31.65823093999777 0
5212 46.5505137006907 -32.57412145109306 0
5213 11.54695929236063 47.7018644283154 0
5214 -21.29940770476084 47.68242312431722 -0
5215 -16.69441605675082 31.54737013698871 -0
5216 43.26250085025121 11.54043345796586 0
5217 -35.24959237798026 46.37495301770171 -0
$EndNodes
$Elements
10460
1 1 2 4 1 1 61
2 1 2 4 1 61 62
3 1 2 4 1 62 63
4 1 2 4 1 63 64
5 1 2 4 1 64 65
6 1 2 4 1 65 66
7 1 2 4 1 66 67
8 1 2 4 1 67 68
9 1 2 4 1 68 69
10 1 2 4 1 69 70
11 1 2 4 1 70 71
12 1 2 4 1 71 72
13 1 2 4 1 72 73
14 1 2 4 1 73 74
15 1 2 4 1 74 75
16 1 2 4 1 75 76
17 1 2 4 1 76 77
18 1 2 4 1 77 78
19 1 2 4 1 78 79
20 1 2 4 1 79 80
21 1 2 4 1 80 81
22 1 2 4 1 81 82
23 1 2 4 1 82 83
24 1 2 4 1 83 84
25 1 2 4 1 84 85
26 1 2 4 1 85 86
27 1 2 4 1 86 87
28 1 2 4 1 87 88
29 1 2 4 1 88 89
30 1 2 4 1 89 90
31 1 2 4 1 90 91
32 1 2 4 1 91 92
33 1 2 4 1 92 93
34 1 2 4 1 93 94
35 1 2 4 1 94 95
36 1 2 4 1 95 96
37 1 2 4 1 96 97
38 1 2 4 1 97 98
39 1 2 4 1 98 99
40 1 2 4 1 99 100
41 1 2 4 1 100 101
42 1 2 4 1 101 102
43 1 2 4 1 102 103
44 1 2 4 1 103 104
45 1 2 4 1 104 105
46 1 2 4 1 105 106
47 1 2 4 1 106 107
48 1 2 4 1 107 108
49 1 2 4 1 108 109
50 1 2 4 1 109 110
51 1 2 4 1 110 111
52 1 2 4 1 111 112
53 1 2 4 1 112 113
54 1 2 4 1 113 114
55 1 2 4 1 114 115
56 1 2 4 1 115 116
57 1 2 4 1 116 117
58 1 2 4 1 117 118
59 1 2 4 1 118 119
60 1 2 4 1 119 120
61 1 2 4 1 120 121
62 1 2 4 1 121 122
63 1 2 4 1 122 123
64 1 2 4 1 123 124
65 1 2 4 1 124 125
66 1 2 4 1 125 126
67 1 2 4 1 126 2
68 1 2 5 2 2 127
69 1 2 5 2 127 128
70 1 2 5 2 128 129
71 1 2 5 2 129 130
72 1 2 5 2 130 131
73 1 2 5 2 131 132
74 1 2 5 2 132 133
75 1 2 5 2 133 134
76 1 2 5 2 134 135
77 1 2 5 2 135 136
78 1 2 5 2 136 137
79 1 2 5 2 137 138
80 1 2 5 2 138 139
81 1 2 5 2 139 140
82 1 2 5 2 140 141
83 1 2 5 2 141 142
84 1 2 5 2 142 143
85 1 2 5 2 143 144
86 1 2 5 2 144 145
87 1 2 5 2 145 146
88 1 2 5 2 146 147
89 1 2 5 2 147 148
90 1 2 5 2 148 149
91 1 2 5 2 149 150
92 1 2 5 2 150 151
93 1 2 5 2 151 152
94 1 2 5 2 152 153
95 1 2 5 2 153 154
96 1 2 5 2 154 155
97 1 2 5 2 155 156
98 1 2 5 2 156 157
99 1 2 5 2 157 158
100 1 2 5 2 158 159
101 1 2 5 2 159 160
102 1 2 5 2 160 161
103 1 2 5 2 161 162
104 1 2 5 2 162 163
105 1 2 5 2 163 164
106 1 2 5 2 164 165
107 1 2 5 2 165 166
108 1 2 5 2 166 167
109 1 2 5 2 167 168
110 1 2 5 2 168 169
111 1 2 5 2 169 170
112 1 2 5 2 170 171
113 1 2 5 2 171 172
114 1 2 5 2 172 173
115 1 2 5 2 173 174
116 1 2 5 2 174 175
117 1 2 5 2 175 176
118 1 2 5 2 176 177
119 1 2 5 2 177 178
120 1 2 5 2 178 179
121 1 2 5 2 179 180
122 1 2 5 2 180 181
123 1 2 5 2 181 182
124 1 2 5 2 182 183
125 1 2 5 2 183 184
126 1 2 5 2 184 185
127 1 2 5 2 185 186
128 1 2 5 2 186 187
129 1 2 5 2 187 188
130 1 2 5 2 188 189
131 1 2 5 2 189 190
132 1 2 5 2 190 191
133 1 2 5 2 191 192
134 1 2 5 2 192 3
135 1 2 3 3 3 193
136 1 2 3 3 193 194
137 1 2 3 3 194 195
138 1 2 3 3 195 196
139 1 2 3 3 196 197
140 1 2 3 3 197 198
141 1 2 3 3 198 199
142 1 2 3 3 199 200
143 1 2 3 3 200 201
144 1 2 3 3 201 202
145 1 2 3 3 202 203
146 1 2 3 3 203 204
147 1 2 3 3 204 205
148 1 2 3 3 205 206
149 1 2 3 3 206 207
150 1 2 3 3 207 208
151 1 2 3 3 208 209
152 1 2 3 3 209 210
153 1 2 3 3 210 211
154 1 2 3 3 211 212
155 1 2 3 3 212 213
156 1 2 3 3 213 214
157 1 2 3 3 214 215
158 1 2 3 3 215 216
159 1 2 3 3 216 217
160 1 2 3 3 217 218
161 1 2 3 3 218 219
162 1 2 3 3 219 220
163 1 2 3 3 220 221
164 1 2 3 3 221 222
165 1 2 3 3 222 223
166 1 2 3 3 223 224
167 1 2 3 3 224 225
168 1 2 3 3 225 226
169 1 2 3 3 226 227
170 1 2 3 3 227 228
171 1 2 3 3 228 229
172 1 2 3 3 229 230
173 1 2 3 3 230 231
174 1 2 3 3 231 232
175 1 2 3 3 232 233
176 1 2 3 3 233 234
177 1 2 3 3 234 235
178 1 2 3 3 235 236
179 1 2 3 3 236 237
180 1 2 3 3 237 238
181 1 2 3 3 238 239
182 1 2 3 3 239 240
183 1 2 3 3 240 241
184 1 2 3 3 241 242
185 1 2 3 3 242 243
186 1 2 3 3 243 244
187 1 2 3 3 244 245
188 1 2 3 3 245 246
189 1 2 3 3 246 247
190 1 2 3 3 247 248
191 1 2 3 3 248 249
192 1 2 3 3 249 250
193 1 2 3 3 250 251
194 1 2 3 3 251 252
195 1 2 3 3 252 253
196 1 2 3 3 253 254
197 1 2 3 3 254 255
198 1 2 3 3 255 256
199 1 2 3 3 256 257
200 1 2 3 3 257 258
201 1 2 3 3 258 4
202 1 2 6 4 4 259
203 1 2 6 4 259 260
204 1 2 6 4 260 261
205 1 2 6 4 261 262
206 1 2 6 4 262 263
207 1 2 6 4 263 264
208 1 2 6 4 264 265
209 1 2 6 4 265 266
210 1 2 6 4 266 267
211 1 2 6 4 267 268
212 1 2 6 4 268 269
213 1 2 6 4 269 270
214 1 2 6 4 270 271
215 1 2 6 4 271 272
216 1 2 6 4 272 273
217 1 2 6 4 273 274
218 1 2 6 4 274 275
219 1 2 6 4 275 276
220 1 2 6 4 276 277
221 1 2 6 4 277 278
222 1 2 6 4 278 279
223 1 2 6 4 279 280
224 1 2 6 4 280 281
225 1 2 6 4 281 282
226 1 2 6 4 282 283
227 1 2 6 4 283 284
228 1 2 6 4 284 285
229 1 2 6 4 285 286
230 1 2 6 4 286 287
231 1 2 6 4 287 288
232 1 2 6 4 288 289
233 1 2 6 4 289 290
234 1 2 6 4 290 291
235 1 2 6 4 291 292
236 1 2 6 4 292 293
237 1 2 6 4 293 294
238 1 2 6 4 294 295
239 1 2 6 4 295 296
240 1 2 6 4 296 297
241 1 2 6 4 297 298
242 1 2 6 4 298 299
243 1 2 6 4 299 300
244 1 2 6 4 300 301
245 1 2 6 4 301 302
246 1 2 6 4 302 303
247 1 2 6 4 303 304
248 1 2 6 4 304 305
249 1 2 6 4 305 306
250 1 2 6 4 306 307
251 1 2 6 4 307 308
252 1 2 6 4 308 309
253 1 2 6 4 309 310
254 1 2 6 4 310 311
255 1 2 6 4 311 312
256 1 2 6 4 312 313
257 1 2 6 4 313 314
258 1 2 6 4 314 315
259 1 2 6 4 315 316
260 1 2 6 4 316 317
261 1 2 6 4 317 318
262 1 2 6 4 318 319
263 1 2 6 4 319 320
264 1 2 6 4 320 321
265 1 2 6 4 321 322
266 1 2 6 4 322 323
267 1 2 6 4 323 324
268 1 2 6 4 324 1
269 1 2 2 5 5 325
270 1 2 2 5 325 326
271 1 2 2 5 326 327
272 1 2 2 5 327 328
273 1 2 2 5 328 329
274 1 2 2 5 329 330
275 1 2 2 5 330 6
276 1 2 2 6 6 331
277 1 2 2 6 331 332
278 1 2 2 6 332 333
279 1 2 2 6 333 334
280 1 2 2 6 334 335
281 1 2 2 6 335 336
282 1 2 2 6 336 7
283 1 2 2 7 7 337
284 1 2 2 7 337 338
285 1 2 2 7 338 339
286 1 2 2 7 339 340
287 1 2 2 7 340 341
288 1 2 2 7 341 342
289 1 2 2 7 342 8
290 1 2 2 8 8 343
291 1 2 2 8 343 344
292 1 2 2 8 344 345
293 1 2 2 8 345 346
294 1 2 2 8 346 347
295 1 2 2 8 347 348
296 1 2 2 8 348 5
297 1 2 2 9 9 349
298 1 2 2 9 349 350
299 1 2 2 9 350 351
300 1 2 2 9 351 352
301 1 2 2 9 352 353
302 1 2 2 9 353 354
303 1 2 2 9 354 10
304 1 2 2 10 10 355
305 1 2 2 10 355 356
306 1 2 2 10 356 357
307 1 2 2 10 357 358
308 1 2 2 10 358 359
309 1 2 2 10 359 360
310 1 2 2 10 360 11
311 1 2 2 11 11 361
312 1 2 2 11 361 362
313 1 2 2 11 362 363
314 1 2 2 11 363 364
315 1 2 2 11 364 365
316 1 2 2 11 365 366
317 1 2 2 11 366 12
318 1 2 2 12 12 367
319 1 2 2 12 367 368
320 1 2 2 12 368 369
321 1 2 2 12 369 370
322 1 2 2 12 370 371
323 1 2 2 12 371 372
324 1 2 2 12 372 9
325 1 2 2 13 13 373
326 1 2 2 13 373 374
327 1 2 2 13 374 375
328 1 2 2 13 375 376
329 1 2 2 13 376 377
330 1 2 2 13 377 378
331 1 2 2 13 378 14
332 1 2 2 14 14 379
333 1 2 2 14 379 380
334 1 2 2 14 380 381
335 1 2 2 14 381 382
336 1 2 2 14 382 383
337 1 2 2 14 383 384
338 1 2 2 14 384 15
339 1 2 2 15 15 385
340 1 2 2 15 385 386
341 1 2 2 15 386 387
342 1 2 2 15 387 388
343 1 2 2 15 388 389
344 1 2 2 15 389 390
345 1 2 2 15 390 16
346 1 2 2 16 16 391
347 1 2 2 16 391 392
348 1 2 2 16 392 393
349 1 2 2 16 393 394
350 1 2 2 16 394 395
351 1 2 2 16 395 396
352 1 2 2 16 396 13
353 1 2 2 17 17 397
354 1 2 2 17 397 398
355 1 2 2 17 398 399
356 1 2 2 17 399 400
357 1 2 2 17 400 401
358 1 2 2 17 401 402
359 1 2 2 17 402 18
360 1 2 2 18 18 403
361 1 2 2 18 403 404
362 1 2 2 18 404 405
363 1 2 2 18 405 406
364 1 2 2 18 406 407
365 1 2 2 18 407 408
366 1 2 2 18 408 19
367 1 2 2 19 19 409
368 1 2 2 19 409 410
369 1 2 2 19 410 411
370 1 2 2 19 411 412
371 1 2 2 19 412 413
372 1 2 2 19 413 414
373 1 2 2 19 414 20
374 1 2 2 20 20 415
375 1 2 2 20 415 416
376 1 2 2 20 416 417
377 1 2 2 20 417 418
378 1 2 2 20 418 419
379 1 2 2 20 419 420
380 1 2 2 20 420 17
381 1 2 2 21 21 421
382 1 2 2 21 421 422
383 1 2 2 21 422 423
384 1 2 2 21 423 424
385 1 2 2 21 424 425
386 1 2 2 21 425 426
387 1 2 2 21 426 22
388 1 2 2 22 22 427
389 1 2 2 22 427 428
390 1 2 2 22 428 429
391 1 2 2 22 429 430
392 1 2 2 22 430 431
393 1 2 2 22 431 432
394 1 2 2 22 432 23
395 1 2 2 23 23 433
396 1 2 2 23 433 434
397 1 2 2 23 434 435
398 1 2 2 23 435 436
399 1 2 2 23 436 437
400 1 2 2 23 437 438
401 1 2 2 23 438 24
402 1 2 2 24 24 439
403 1 2 2 24 439 440
404 1 2 2 24 440 441
405 1 2 2 24 441 442
406 1 2 2 24 442 443
407 1 2 2 24 443 444
408 1 2 2 24 444 21
409 1 2 2 25 25 445
410 1 2 2 25 445 446
411 1 2 2 25 446 447
412 1 2 2 25 447 448
413 1 2 2 25 448 449
414 1 2 2 25 449 450
415 1 2 2 25 450 26
416 1 2 2 26 26 451
417 1 2 2 26 451 452
418 1 2 2 26 452 453
419 1 2 2 26 453 454
420 1 2 2 26 454 455
421 1 2 2 26 455 456
422 1 2 2 26 456 27
423 1 2 2 27 27 457
424 1 2 2 27 457 458
425 1 2 2 27 458 459
426 1 2 2 27 459 460
427 1 2 2 27 460 461
428 1 2 2 27 461 462
429 1 2 2 27 462 28
430 1 2 2 28 28 463
431 1 2 2 28 463 464
432 1 2 2 28 464 465
433 1 2 2 28 465 466
434 1 2 2 28 466 467
435 1 2 2 28 467 468
436 1 2 2 28 468 25
437 1 2 2 29 29 469
438 1 2 2 29 469 470
439 1 2 2 29 470 471
440 1 2 2 29 471 472
441 1 2 2 29 472 473
442 1 2 2 29 473 474
443 1 2 2 29 474 30
444 1 2 2 30 30 475
445 1 2 2 30 475 476
446 1 2 2 30 476 477
447 1 2 2 30 477 478
448 1 2 2 30 478 479
449 1 2 2 30 479 480
450 1 2 2 30 480 31
451 1 2 2 31 31 481
452 1 2 2 31 481 482
453 1 2 2 31 482 483
454 1 2 2 31 483 484
455 1 2 2 31 484 485
456 1 2 2 31 485 486
457 1 2 2 31 486 32
458 1 2 2 32 32 487
459 1 2 2 32 487 488
460 1 2 2 32 488 489
461 1 2 2 32 489 490
462 1 2 2 32 490 491
463 1 2 2 32 491 492
464 1 2 2 32 492 29
465 1 2 2 33 33 493
466 1 2 2 33 493 494
467 1 2 2 33 494 495
468 1 2 2 33 495 496
469 1 2 2 33 496 497
470 1 2 2 33 497 498
471 1 2 2 33 498 34
472 1 2 2 34 34 499
473 1 2 2 34 499 500
474 1 2 2 34 500 501
475 1 2 2 34 501 502
476 1 2 2 34 502 503
477 1 2 2 34 503 504
478 1 2 2 34 504 35
479 1 2 2 35 35 505
480 1 2 2 35 505 506
481 1 2 2 35 506 507
482 1 2 2 35 507 508
483 1 2 2 35 508 509
484 1 2 2 35 509 510
485 1 2 2 35 510 36
486 1 2 2 36 36 511
487 1 2 2 36 511 512
488 1 2 2 36 512 513
489 1 2 2 36 513 514
490 1 2 2 36 514 515
491 1 2 2 36 515 516
492 1 2 2 36 516 33
493 1 2 2 37 37 517
494 1 2 2 37 517 518
495 1 2 2 37 518 519
496 1 2 2 37 519 520
497 1 2 2 37 520 521
498 1 2 2 37 521 522
499 1 2 2 37 522 38
500 1 2 2 38 38 523
501 1 2 2 38 523 524
502 1 2 2 38 524 525
503 1 2 2 38 525 526
504 1 2 2 38 526 527
505 1 2 2 38 527 528
506 1 2 2 38 528 39
507 1 2 2 39 39 529
508 1 2 2 39 529 530
509 1 2 2 39 530 531
510 1 2 2 39 531 532
511 1 2 2 39 532 533
512 1 2 2 39 533 534
513 1 2 2 39 534 40
514 1 2 2 40 40 535
515 1 2 2 40 535 536
516 1 2 2 40 536 537
517 1 2 2 40 537 538
518 1 2 2 40 538 539
519 1 2 2 40 539 540
520 1 2 2 40 540 37
521 1 2 2 41 41 541
522 1 2 2 41 541 542
523 1 2 2 41 542 543
524 1 2 2 41 543 544
525 1 2 2 41 544 545
526 1 2 2 41 545 546
527 1 2 2 41 546 42
528 1 2 2 42 42 547
529 1 2 2 42 547 548
530 1 2 2 42 548 549
531 1 2 2 42 549 550
532 1 2 2 42 550 551
533 1 2 2 42 551 552
534 1 2 2 42 552 43
535 1 2 2 43 43 553
536 1 2 2 43 553 554
537 1 2 2 43 554 555
538 1 2 2 43 555 556
539 1 2 2 43 556 557
540 1 2 2 43 557 558
541 1 2 2 43 558 44
542 1 2 2 44 44 559
543 1 2 2 44 559 560
544 1 2 2 44 560 561
545 1 2 2 44 561 562
546 1 2 2 44 562 563
547 1 2 2 44 563 564
548 1 2 2 44 564 41
549 1 2 2 45 45 565
550 1 2 2 45 565 566
551 1 2 2 45 566 567
552 1 2 2 45 567 568
553 1 2 2 45 568 569
554 1 2 2 45 569 570
555 1 2 2 45 570 46
556 1 2 2 46 46 571
557 1 2 2 46 571 572
558 1 2 2 46 572 573
559 1 2 2 46 573 574
560 1 2 2 46 574 575
561 1 2 2 46 575 576
562 1 2 2 46 576 47
563 1 2 2 47 47 577
564 1 2 2 47 577 578
565 1 2 2 47 578 579
566 1 2 2 47 579 580
567 1 2 2 47 580 581
568 1 2 2 47 581 582
569 1 2 2 47 582 48
570 1 2 2 48 48 583
571 1 2 2 48 583 584
572 1 2 2 48 584 585
573 1 2 2 48 585 586
574 1 2 2 48 586 587
575 1 2 2 48 587 588
576 1 2 2 48 588 45
577 1 2 2 49 49 589
578 1 2 2 49 589 590
579 1 2 2 49 590 591
580 1 2 2 49 591 592
581 1 2 2 49 592 593
582 1 2 2 49 593 594
583 1 2 2 49 594 50
584 1 2 2 50 50 595
585 1 2 2 50 595 596
586 1 2 2 50 596 597
587 1 2 2 50 597 598
588 1 2 2 50 598 599
589 1 2 2 50 599 600
590 1 2 2 50 600 51
591 1 2 2 51 51 601
592 1 2 2 51 601 602
593 1 2 2 51 602 603
594 1 2 2 51 603 604
595 1 2 2 51 604 605
596 1 2 2 51 605 606
597 1 2 2 51 606 52
598 1 2 2 52 52 607
599 1 2 2 52 607 608
600 1 2 2 52 608 609
601 1 2 2 52 609 610
602 1 2 2 52 610 611
603 1 2 2 52 611 612
604 1 2 2 52 612 49
605 1 2 2 53 53 613
606 1 2 2 53 613 614
607 1 2 2 53 614 615
608 1 2 2 53 615 616
609 1 2 2 53 616 617
610 1 2 2 53 617 618
611 1 2 2 53 618 54
612 1 2 2 54 54 619
613 1 2 2 54 619 620
614 1 2 2 54 620 621
615 1 2 2 54 621 622
616 1 2 2 54 622 623
617 1 2 2 54 623 624
618 1 2 2 54 624 55
619 1 2 2 55 55 625
620 1 2 2 55 625 626
621 1 2 2 55 626 627
622 1 2 2 55 627 628
623 1 2 2 55 628 629
624 1 2 2 55 629 630
625 1 2 2 55 630 56
626 1 2 2 56 56 631
627 1 2 2 56 631 632
628 1 2 2 56 632 633
629 1 2 2 56 633 634
630 1 2 2 56 634 635
631 1 2 2 56 635 636
632 1 2 2 56 636 53
633 1 2 2 57 57 637
634 1 2 2 57 637 638
635 1 2 2 57 638 639
636 1 2 2 57 639 640
637 1 2 2 57 640 641
638 1 2 2 57 641 642
639 1 2 2 57 642 58
640 1 2 2 58 58 643
641 1 2 2 58 643 644
642 1 2 2 58 644 645
643 1 2 2 58 645 646
644 1 2 2 58 646 647
645 1 2 2 58 647 648
646 1 2 2 58 648 59
647 1 2 2 59 59 649
648 1 2 2 59 649 650
649 1 2 2 59 650 651
650 1 2 2 59 651 652
651 1 2 2 59 652 653
652 1 2 2 59 653 654
653 1 2 2 59 654 60
654 1 2 2 60 60 655
655 1 2 2 60 655 656
656 1 2 2 60 656 657
657 1 2 2 60 657 658
658 1 2 2 60 658 659
659 1 2 2 60 659 660
660 1 2 2 60 660 57
661 2 2 1 1 2221 2611 2920
662 2 2 1 1 2920 2611 4907
663 2 2 1 1 2660 3371 3372
664 2 2 1 1 1386 3015 4547
665 2 2 1 1 2709 3539 3540
666 2 2 1 1 3015 1386 3535
667 2 2 1 1 3025 713 4784
668 2 2 1 1 3482 3480 4785
669 2 2 1 1 2847 4040 4712
670 2 2 1 1 3189 3589 3590
671 2 2 1 1 918 920 4144
672 2 2 1 1 3024 1148 3845
673 2 2 1 1 1680 3087 3090
674 2 2 1 1 2660 3369 3371
675 2 2 1 1 3012 2947 3413
676 2 2 1 1 3540 3009 4248
677 2 2 1 1 2568 3010 4798
678 2 2 1 1 1628 3053 3852
679 2 2 1 1 3029 1629 3030
680 2 2 1 1 2948 3015 3535
681 2 2 1 1 3761 1098 3762
682 2 2 1 1 1884 3122 4143
683 2 2 1 1 4143 3122 4144
684 2 2 1 1 690 2987 4647
685 2 2 1 1 3373 3374 4570
686 2 2 1 1 1680 3086 3087
687 2 2 1 1 691 3532 4649
688 2 2 1 1 858 3021 3063
689 2 2 1 1 2655 3515 4319
690 2 2 1 1 1239 3890 3891
691 2 2 1 1 3058 669 3124
692 2 2 1 1 2565 3377 3378
693 2 2 1 1 4121 1888 4165
694 2 2 1 1 1045 3026 3833
695 2 2 1 1 2332 2980 4977
696 2 2 1 1 3009 3540 4974
697 2 2 1 1 4294 3598 4665
698 2 2 1 1 1148 3024 4964
699 2 2 1 1 2890 2332 4977
700 2 2 1 1 3092 1457 4171
701 2 2 1 1 3324 1915 4476
702 2 2 1 1 3184 2796 4761
703 2 2 1 1 3235 2077 3236
704 2 2 1 1 2870 3482 4785
705 2 2 1 1 2167 3311 4736
706 2 2 1 1 3313 2168 4738
707 2 2 1 1 3315 2169 4737
708 2 2 1 1 3297 2171 4739
709 2 2 1 1 2170 3295 4740
710 2 2 1 1 4476 1915 5044
711 2 2 1 1 2987 690 4969
712 2 2 1 1 3919 3889 3950
713 2 2 1 1 3046 4659 4888
714 2 2 1 1 3664 661 3665
715 2 2 1 1 3311 2167 4729
716 2 2 1 1 2168 3313 4727
717 2 2 1 1 2169 3315 4728
718 2 2 1 1 2171 3297 4730
719 2 2 1 1 3295 2170 4733
720 2 2 1 1 3037 1916 3327
721 2 2 1 1 2666 2842 3070
722 2 2 1 1 2077 3235 5023
723 2 2 1 1 1917 3038 3329
724 2 2 1 1 3532 691 4965
725 2 2 1 1 1985 2052 4870
726 2 2 1 1 1994 3034 4698
727 2 2 1 1 4870 2052 4970
728 2 2 1 1 3689 717 3690
729 2 2 1 1 3021 858 4973
730 2 2 1 1 2309 2965 3051
731 2 2 1 1 1916 3037 4826
732 2 2 1 1 2304 2963 3050
733 2 2 1 1 2997 2404 3106
734 2 2 1 1 2964 2305 4316
735 2 2 1 1 2050 3042 3067
736 2 2 1 1 3414 2959 4291
737 2 2 1 1 3428 2964 4316
738 2 2 1 1 276 2721 4682
739 2 2 1 1 3061 2567 3206
740 2 2 1 1 1004 3521 3522
741 2 2 1 1 3034 1994 4725
742 2 2 1 1 2959 2298 4291
743 2 2 1 1 2207 2947 3012
744 2 2 1 1 2670 3057 3355
745 2 2 1 1 2948 2210 3015
746 2 2 1 1 2395 2995 3105
747 2 2 1 1 2997 3106 4672
748 2 2 1 1 4040 2847 4840
749 2 2 1 1 3010 2568 4687
750 2 2 1 1 3038 1917 4789
751 2 2 1 1 2140 3028 3463
752 2 2 1 1 3105 2995 4673
753 2 2 1 1 1098 3761 4947
754 2 2 1 1 2709 3540 4859
755 2 2 1 1 4659 2340 4888
756 2 2 1 1 1888 4121 4959
757 2 2 1 1 4833 2888 4836
758 2 2 1 1 2853 3017 4382
759 2 2 1 1 3482 4833 4836
760 2 2 1 1 713 3025 5050
761 2 2 1 1 3566 4779 4941
762 2 2 1 1 3085 1434 3178
763 2 2 1 1 3579 3768 4845
764 2 2 1 1 3072 3529 4792
765 2 2 1 1 1134 3043 3097
766 2 2 1 1 3093 1646 3186
767 2 2 1 1 3111 1050 3112
768 2 2 1 1 2325 2736 3083
769 2 2 1 1 2737 2325 3083
770 2 2 1 1 3463 3028 5080
771 2 2 1 1 3044 702 3412
772 2 2 1 1 4779 2736 4941
773 2 2 1 1 3355 3403 4934
774 2 2 1 1 1604 4271 4324
775 2 2 1 1 3382 2617 3383
776 2 2 1 1 3051 2965 3213
777 2 2 1 1 3050 2963 3214
778 2 2 1 1 1457 3092 4955
779 2 2 1 1 2796 3184 4909
780 2 2 1 1 3113 1404 3151
781 2 2 1 1 3026 1045 4940
782 2 2 1 1 1628 3852 4891
783 2 2 1 1 1629 3029 4892
784 2 2 1 1 3403 2022 4934
785 2 2 1 1 438 24 3831
786 2 2 1 1 1809 3422 3424
787 2 2 1 1 3060 2567 3061
788 2 2 1 1 2855 2343 3094
789 2 2 1 1 1333 3414 4291
790 2 2 1 1 681 4790 4935
791 2 2 1 1 3598 4294 4967
792 2 2 1 1 2721 3115 4682
793 2 2 1 1 3374 2693 4570
794 2 2 1 1 3675 2665 4218
795 2 2 1 1 85 4673 5024
796 2 2 1 1 3126 4050 4803
797 2 2 1 1 4672 102 5026
798 2 2 1 1 3377 2565 4914
799 2 2 1 1 4319 3515 4751
800 2 2 1 1 713 3625 4784
801 2 2 1 1 1089 918 4144
802 2 2 1 1 920 4143 4144
803 2 2 1 1 3240 2509 3241
804 2 2 1 1 3048 1633 3109
805 2 2 1 1 4111 58 4529
806 2 2 1 1 2498 3189 3590
807 2 2 1 1 1389 3428 4316
808 2 2 1 1 4382 3017 5038
809 2 2 1 1 2204 3022 3668
810 2 2 1 1 934 3100 3739
811 2 2 1 1 2988 3205 4206
812 2 2 1 1 3124 669 4902
813 2 2 1 1 1262 3023 4752
814 2 2 1 1 3351 2992 3352
815 2 2 1 1 3023 1262 4768
816 2 2 1 1 2262 2264 3210
817 2 2 1 1 2429 3209 3936
818 2 2 1 1 4673 2995 5024
819 2 2 1 1 2997 4672 5026
820 2 2 1 1 4111 4529 5118
821 2 2 1 1 2101 3330 4912
822 2 2 1 1 2611 3401 4907
823 2 2 1 1 4396 4880 4952
824 2 2 1 1 3864 3862 4878
825 2 2 1 1 2617 3382 5175
826 2 2 1 1 2898 3675 4218
827 2 2 1 1 3291 2175 4802
828 2 2 1 1 3511 3510 4851
829 2 2 1 1 3004 2893 4008
830 2 2 1 1 1391 3050 3214
831 2 2 1 1 3036 1032 4786
832 2 2 1 1 1004 3522 4992
833 2 2 1 1 1032 3036 4805
834 2 2 1 1 1239 3891 4886
835 2 2 1 1 558 805 3893
836 2 2 1 1 3042 2050 4978
837 2 2 1 1 2670 3355 4934
838 2 2 1 1 2176 3293 4794
839 2 2 1 1 2173 3305 4796
840 2 2 1 1 1224 3082 3732
841 2 2 1 1 3768 3579 4801
842 2 2 1 1 3278 2661 3279
843 2 2 1 1 3049 2712 4540
844 2 2 1 1 2662 3275 3276
845 2 2 1 1 1633 3048 3205
846 2 2 1 1 3589 3189 4817
847 2 2 1 1 2175 3291 4743
848 2 2 1 1 938 3101 4884
849 2 2 1 1 2136 3276 4930
850 2 2 1 1 2934 3246 3440
851 2 2 1 1 2515 3187 3188
852 2 2 1 1 4594 1956 4757
853 2 2 1 1 3010 4154 4798
854 2 2 1 1 3101 938 4982
855 2 2 1 1 2601 2959 3193
856 2 2 1 1 3246 1402 3440
857 2 2 1 1 4777 2137 4931
858 2 2 1 1 3897 2855 4866
859 2 2 1 1 2042 2282 3777
860 2 2 1 1 3030 1629 3031
861 2 2 1 1 2569 2120 3275
862 2 2 1 1 3305 2173 4746
863 2 2 1 1 3307 2174 4745
864 2 2 1 1 3293 2176 4747
865 2 2 1 1 3076 2697 3180
866 2 2 1 1 2119 2566 3278
867 2 2 1 1 3275 2120 3276
868 2 2 1 1 2119 3278 3279
869 2 2 1 1 2132 3116 3754
870 2 2 1 1 2963 2606 3202
871 2 2 1 1 2604 2964 3196
872 2 2 1 1 4880 3238 4952
873 2 2 1 1 2965 2605 3199
874 2 2 1 1 2611 3400 3401
875 2 2 1 1 2855 3897 5007
876 2 2 1 1 2715 2364 3095
877 2 2 1 1 2697 2062 3180
878 2 2 1 1 3043 1134 5005
879 2 2 1 1 2343 1606 3103
880 2 2 1 1 2924 2289 3247
881 2 2 1 1 3665 661 4928
882 2 2 1 1 3279 4777 4931
883 2 2 1 1 3276 2136 4775
884 2 2 1 1 3268 2909 4084
885 2 2 1 1 3889 3919 4915
886 2 2 1 1 3208 2825 3874
887 2 2 1 1 1711 1309 3207
888 2 2 1 1 3023 1917 4752
889 2 2 1 1 3160 2743 3854
890 2 2 1 1 3188 3953 4901
891 2 2 1 1 3856 3862 3864
892 2 2 1 1 3953 3188 4984
893 2 2 1 1 2174 3307 4787
894 2 2 1 1 3389 1246 4060
895 2 2 1 1 1333 4291 5034
896 2 2 1 1 4050 3126 4976
897 2 2 1 1 4703 3323 4713
898 2 2 1 1 1604 4324 4988
899 2 2 1 1 3069 1263 3333
900 2 2 1 1 1917 3023 4789
901 2 2 1 1 3049 4540 5142
902 2 2 1 1 3817 2800 5065
903 2 2 1 1 3050 1391 4570
904 2 2 1 1 3163 2799 5054
905 2 2 1 1 2800 3817 4776
906 2 2 1 1 2799 3163 4772
907 2 2 1 1 2230 4703 4713
908 2 2 1 1 3422 1809 3425
909 2 2 1 1 3729 2344 4848
910 2 2 1 1 2282 3252 3777
911 2 2 1 1 1335 1334 3215
912 2 2 1 1 3830 2797 3831
913 2 2 1 1 717 3689 4987
914 2 2 1 1 3108 1965 4275
915 2 2 1 1 3293 2171 4730
916 2 2 1 1 3307 2169 4728
917 2 2 1 1 3305 2168 4727
918 2 2 1 1 2167 3309 4729
919 2 2 1 1 2772 3034 4725
920 2 2 1 1 3543 4893 4896
921 2 2 1 1 4040 2718 4712
922 2 2 1 1 3542 3543 4896
923 2 2 1 1 4412 3241 4889
924 2 2 1 1 3858 2603 3909
925 2 2 1 1 2681 3837 4035
926 2 2 1 1 2905 3840 4145
927 2 2 1 1 3216 2797 3830
928 2 2 1 1 2170 3291 4733
929 2 2 1 1 3124 1435 3125
930 2 2 1 1 702 3044 4981
931 2 2 1 1 2916 3930 4378
932 2 2 1 1 3241 4412 5014
933 2 2 1 1 2171 3293 4747
934 2 2 1 1 3309 2167 4744
935 2 2 1 1 2169 3307 4745
936 2 2 1 1 2168 3305 4746
937 2 2 1 1 2912 3945 4281
938 2 2 1 1 2920 3337 4379
939 2 2 1 1 2840 3251 4256
940 2 2 1 1 3529 3072 4932
941 2 2 1 1 3383 2617 3384
942 2 2 1 1 2910 3776 5186
943 2 2 1 1 2744 4498 4880
944 2 2 1 1 1389 4316 5036
945 2 2 1 1 3388 2910 5186
946 2 2 1 1 2615 4124 4125
947 2 2 1 1 2770 2769 4813
948 2 2 1 1 3359 2216 3385
949 2 2 1 1 2770 4813 4827
950 2 2 1 1 3291 2170 4743
951 2 2 1 1 671 3892 3964
952 2 2 1 1 1916 3036 4786
953 2 2 1 1 2053 3057 3354
954 2 2 1 1 1755 1494 4677
955 2 2 1 1 3034 2772 5127
956 2 2 1 1 3424 1617 4883
957 2 2 1 1 3151 1404 4980
958 2 2 1 1 3348 3662 4911
959 2 2 1 1 3125 1435 3126
960 2 2 1 1 3346 2357 3348
961 2 2 1 1 2875 2876 4897
962 2 2 1 1 4897 2876 4899
963 2 2 1 1 3178 1434 4943
964 2 2 1 1 4808 2766 5039
965 2 2 1 1 3186 1646 4950
966 2 2 1 1 3112 1050 4948
967 2 2 1 1 1617 3424 5021
968 2 2 1 1 2103 3281 3282
969 2 2 1 1 3036 1916 4826
970 2 2 1 1 2609 3838 4831
971 2 2 1 1 3106 1388 4672
972 2 2 1 1 3136 4463 4527
973 2 2 1 1 4836 2888 4842
974 2 2 1 1 1387 3105 4673
975 2 2 1 1 3364 3365 4671
976 2 2 1 1 2888 2889 4842
977 2 2 1 1 3572 1924 4605
978 2 2 1 1 3071 795 3520
979 2 2 1 1 3022 2204 5006
980 2 2 1 1 1391 3373 4570
981 2 2 1 1 3515 2655 4782
982 2 2 1 1 557 558 3893
983 2 2 1 1 2992 3351 5019
984 2 2 1 1 3004 4008 5025
985 2 2 1 1 4827 3453 4844
986 2 2 1 1 3073 715 3139
987 2 2 1 1 2618 2997 5026
988 2 2 1 1 1063 438 3831
989 2 2 1 1 24 3830 3831
990 2 2 1 1 2995 2616 5024
991 2 2 1 1 2062 1755 3180
992 2 2 1 1 3665 1420 3688
993 2 2 1 1 3640 4458 4486
994 2 2 1 1 3858 3909 4894
995 2 2 1 1 3890 1239 4525
996 2 2 1 1 799 3640 4486
997 2 2 1 1 4710 2710 4921
998 2 2 1 1 2520 3184 4761
999 2 2 1 1 2616 3402 5024
1000 2 2 1 1 3370 1770 4942
1001 2 2 1 1 2683 3918 4272
1002 2 2 1 1 2101 2181 3330
1003 2 2 1 1 3070 2842 4838
1004 2 2 1 1 3142 1663 3143
1005 2 2 1 1 3399 2618 5026
1006 2 2 1 1 3105 1387 3410
1007 2 2 1 1 2896 2892 3141
1008 2 2 1 1 1770 3370 4986
1009 2 2 1 1 3539 2709 4763
1010 2 2 1 1 3154 2929 4609
1011 2 2 1 1 1388 3106 3365
1012 2 2 1 1 2738 3511 4851
1013 2 2 1 1 3078 2186 3207
1014 2 2 1 1 1749 3079 3207
1015 2 2 1 1 3079 1749 3208
1016 2 2 1 1 3056 1632 4589
1017 2 2 1 1 2770 4827 4844
1018 2 2 1 1 2216 3359 3386
1019 2 2 1 1 1265 3772 4755
1020 2 2 1 1 3688 1420 3689
1021 2 2 1 1 2842 3901 4838
1022 2 2 1 1 4852 3511 4853
1023 2 2 1 1 3053 1628 4601
1024 2 2 1 1 3054 1630 4603
1025 2 2 1 1 3330 2956 4912
1026 2 2 1 1 3443 4808 5039
1027 2 2 1 1 2668 3081 3247
1028 2 2 1 1 2759 4852 4853
1029 2 2 1 1 4162 3941 4793
1030 2 2 1 1 2883 4001 4869
1031 2 2 1 1 3178 1099 3179
1032 2 2 1 1 4037 4598 4690
1033 2 2 1 1 3205 3048 4206
1034 2 2 1 1 3078 3061 3206
1035 2 2 1 1 2186 3078 3206
1036 2 2 1 1 3080 2262 3210
1037 2 2 1 1 2265 3080 3210
1038 2 2 1 1 3074 1219 3209
1039 2 2 1 1 3209 1219 3936
1040 2 2 1 1 3081 2668 3209
1041 2 2 1 1 2429 3081 3209
1042 2 2 1 1 3082 1224 3210
1043 2 2 1 1 2264 3082 3210
1044 2 2 1 1 1612 3701 4792
1045 2 2 1 1 3005 4835 5017
1046 2 2 1 1 3754 3116 4528
1047 2 2 1 1 4498 2744 5064
1048 2 2 1 1 2666 3070 4698
1049 2 2 1 1 2988 3086 3205
1050 2 2 1 1 3112 3828 3869
1051 2 2 1 1 3117 2326 3119
1052 2 2 1 1 3822 1705 4027
1053 2 2 1 1 3186 1104 3187
1054 2 2 1 1 3561 3139 4705
1055 2 2 1 1 1680 3090 4707
1056 2 2 1 1 3901 2842 5083
1057 2 2 1 1 3768 2205 4845
1058 2 2 1 1 3342 2378 3343
1059 2 2 1 1 2654 4105 5003
1060 2 2 1 1 3270 2610 3271
1061 2 2 1 1 2716 3388 3389
1062 2 2 1 1 1699 2910 3387
1063 2 2 1 1 3129 1506 3760
1064 2 2 1 1 3052 4594 4757
1065 2 2 1 1 858 3063 3064
1066 2 2 1 1 3095 2364 3251
1067 2 2 1 1 3299 4669 4688
1068 2 2 1 1 2344 3729 5002
1069 2 2 1 1 3143 785 3755
1070 2 2 1 1 3337 2619 4379
1071 2 2 1 1 1219 3074 3714
1072 2 2 1 1 3080 2265 3715
1073 2 2 1 1 3144 4722 4741
1074 2 2 1 1 2951 2936 4588
1075 2 2 1 1 3480 796 4785
1076 2 2 1 1 2567 3060 4919
1077 2 2 1 1 3094 2343 4920
1078 2 2 1 1 3215 1699 3387
1079 2 2 1 1 1430 4294 4665
1080 2 2 1 1 3838 2609 5055
1081 2 2 1 1 4001 2883 5056
1082 2 2 1 1 3854 2743 5057
1083 2 2 1 1 3840 2905 5060
1084 2 2 1 1 3837 2681 5061
1085 2 2 1 1 3930 2916 5063
1086 2 2 1 1 2697 3076 4394
1087 2 2 1 1 3945 2912 5068
1088 2 2 1 1 4523 1377 4535
1089 2 2 1 1 4119 4913 4936
1090 2 2 1 1 1535 3144 4394
1091 2 2 1 1 4722 789 4741
1092 2 2 1 1 3132 2713 4434
1093 2 2 1 1 3138 3821 4444
1094 2 2 1 1 4666 3289 4689
1095 2 2 1 1 3180 1755 4677
1096 2 2 1 1 3941 4162 5078
1097 2 2 1 1 3381 2260 4933
1098 2 2 1 1 2715 3095 3215
1099 2 2 1 1 3404 4679 4863
1100 2 2 1 1 4105 2654 5072
1101 2 2 1 1 3135 2328 4459
1102 2 2 1 1 2166 3295 4717
1103 2 2 1 1 3297 2165 4716
1104 2 2 1 1 3313 2163 4714
1105 2 2 1 1 2164 3311 4715
1106 2 2 1 1 4463 847 4527
1107 2 2 1 1 4124 2615 5076
1108 2 2 1 1 2545 2528 3212
1109 2 2 1 1 3084 2885 3844
1110 2 2 1 1 3354 3057 4713
1111 2 2 1 1 4790 3353 4935
1112 2 2 1 1 2943 4523 4535
1113 2 2 1 1 3698 3978 4193
1114 2 2 1 1 3386 3359 4843
1115 2 2 1 1 4669 2150 4688
1116 2 2 1 1 3759 4107 4766
1117 2 2 1 1 4913 1608 4936
1118 2 2 1 1 643 1053 4529
1119 2 2 1 1 3082 3208 3732
1120 2 2 1 1 1660 3268 4084
1121 2 2 1 1 3079 3208 3874
1122 2 2 1 1 3082 2825 3208
1123 2 2 1 1 2186 1711 3207
1124 2 2 1 1 1309 1749 3207
1125 2 2 1 1 2356 3596 3597
1126 2 2 1 1 2050 3067 3068
1127 2 2 1 1 2716 3387 3388
1128 2 2 1 1 1612 4792 5031
1129 2 2 1 1 2289 2668 3247
1130 2 2 1 1 2716 3389 4060
1131 2 2 1 1 2847 1246 3389
1132 2 2 1 1 2151 4666 4689
1133 2 2 1 1 4850 3437 4904
1134 2 2 1 1 1373 3132 4434
1135 2 2 1 1 3365 2939 4671
1136 2 2 1 1 3950 3889 4593
1137 2 2 1 1 3187 1104 3188
1138 2 2 1 1 3019 4141 4776
1139 2 2 1 1 1593 3055 4774
1140 2 2 1 1 3630 4899 5020
1141 2 2 1 1 2495 3138 4444
1142 2 2 1 1 3065 2022 4710
1143 2 2 1 1 714 3570 3599
1144 2 2 1 1 2661 3278 5115
1145 2 2 1 1 3095 1335 3215
1146 2 2 1 1 1334 1699 3215
1147 2 2 1 1 2948 3535 5099
1148 2 2 1 1 3411 2941 4574
1149 2 2 1 1 3529 3530 4792
1150 2 2 1 1 3275 2662 5116
1151 2 2 1 1 4107 3759 5171
1152 2 2 1 1 3057 2053 3355
1153 2 2 1 1 2521 3135 4459
1154 2 2 1 1 2769 3443 4813
1155 2 2 1 1 3008 4226 4255
1156 2 2 1 1 3413 2947 5098
1157 2 2 1 1 3649 2899 4380
1158 2 2 1 1 1542 4528 4576
1159 2 2 1 1 3075 1032 4805
1160 2 2 1 1 2041 2042 3777
1161 2 2 1 1 2163 3195 4714
1162 2 2 1 1 3769 2731 3772
1163 2 2 1 1 3295 2166 4740
1164 2 2 1 1 2165 3297 4739
1165 2 2 1 1 2162 3315 4737
1166 2 2 1 1 2163 3313 4738
1167 2 2 1 1 3311 2164 4736
1168 2 2 1 1 3066 1293 4817
1169 2 2 1 1 2731 3769 4073
1170 2 2 1 1 3769 847 4073
1171 2 2 1 1 2165 3198 4716
1172 2 2 1 1 3201 2164 4715
1173 2 2 1 1 3204 2166 4717
1174 2 2 1 1 1630 3054 5164
1175 2 2 1 1 661 3664 4619
1176 2 2 1 1 669 3058 4793
1177 2 2 1 1 3739 3100 4923
1178 2 2 1 1 1050 3111 3332
1179 2 2 1 1 3862 3863 4878
1180 2 2 1 1 2929 3154 5173
1181 2 2 1 1 3443 2769 4808
1182 2 2 1 1 3055 1593 5168
1183 2 2 1 1 2990 3026 3829
1184 2 2 1 1 3251 2282 4256
1185 2 2 1 1 3410 3409 4610
1186 2 2 1 1 880 4658 4871
1187 2 2 1 1 3123 1383 3554
1188 2 2 1 1 1632 3056 5172
1189 2 2 1 1 4141 3019 5179
1190 2 2 1 1 2840 3095 3251
1191 2 2 1 1 2565 3378 4753
1192 2 2 1 1 3474 2466 4052
1193 2 2 1 1 4835 767 5017
1194 2 2 1 1 2606 2158 3203
1195 2 2 1 1 2605 2156 3200
1196 2 2 1 1 2157 2604 3197
1197 2 2 1 1 3065 4710 4921
1198 2 2 1 1 2155 2601 3194
1199 2 2 1 1 4073 847 4463
1200 2 2 1 1 3344 2357 3346
1201 2 2 1 1 1872 3356 3357
1202 2 2 1 1 1872 3357 3385
1203 2 2 1 1 531 532 4142
1204 2 2 1 1 3714 3074 3715
1205 2 2 1 1 2265 3714 3715
1206 2 2 1 1 3781 3784 4632
1207 2 2 1 1 1259 3523 3524
1208 2 2 1 1 3151 2341 3152
1209 2 2 1 1 4659 3046 4811
1210 2 2 1 1 2282 3251 3252
1211 2 2 1 1 3532 2961 4649
1212 2 2 1 1 3372 713 5050
1213 2 2 1 1 2987 2962 4647
1214 2 2 1 1 2990 3829 4964
1215 2 2 1 1 3104 718 4487
1216 2 2 1 1 275 276 4682
1217 2 2 1 1 2924 3247 5009
1218 2 2 1 1 4899 2876 5020
1219 2 2 1 1 1323 3282 4419
1220 2 2 1 1 1293 3066 5143
1221 2 2 1 1 4272 3918 5069
1222 2 2 1 1 3662 3348 4963
1223 2 2 1 1 2566 2948 3277
1224 2 2 1 1 2947 2569 3274
1225 2 2 1 1 3627 4542 4750
1226 2 2 1 1 3102 1347 4891
1227 2 2 1 1 3103 1606 4892
1228 2 2 1 1 2260 3381 4914
1229 2 2 1 1 2509 3240 4946
1230 2 2 1 1 2342 1171 3394
1231 2 2 1 1 3144 2697 4394
1232 2 2 1 1 3357 3359 3385
1233 2 2 1 1 128 4723 4797
1234 2 2 1 1 3059 3356 3591
1235 2 2 1 1 3193 2959 5092
1236 2 2 1 1 4679 3283 4863
1237 2 2 1 1 2913 3773 4583
1238 2 2 1 1 1377 3107 4509
1239 2 2 1 1 2468 3134 3473
1240 2 2 1 1 2763 1945 3325
1241 2 2 1 1 2571 4676 4862
1242 2 2 1 1 1866 1868 3385
1243 2 2 1 1 2528 2529 3212
1244 2 2 1 1 3538 4110 4111
1245 2 2 1 1 2103 3282 5022
1246 2 2 1 1 2963 3202 5106
1247 2 2 1 1 3196 2964 5107
1248 2 2 1 1 3389 3388 4840
1249 2 2 1 1 2965 3199 5108
1250 2 2 1 1 3760 1506 3761
1251 2 2 1 1 3057 2230 4713
1252 2 2 1 1 1052 3993 4469
1253 2 2 1 1 2951 4588 5155
1254 2 2 1 1 2889 3543 4842
1255 2 2 1 1 1809 3424 4883
1256 2 2 1 1 1434 3085 4628
1257 2 2 1 1 4770 3707 4879
1258 2 2 1 1 3107 1377 4523
1259 2 2 1 1 2851 3121 3981
1260 2 2 1 1 3386 4843 5140
1261 2 2 1 1 3690 717 4662
1262 2 2 1 1 12 3239 3240
1263 2 2 1 1 715 3073 5037
1264 2 2 1 1 2459 3179 4994
1265 2 2 1 1 3179 2459 5000
1266 2 2 1 1 2855 3094 4866
1267 2 2 1 1 1646 3093 4634
1268 2 2 1 1 12 367 3239
1269 2 2 1 1 3083 2736 4779
1270 2 2 1 1 4169 3088 4969
1271 2 2 1 1 368 369 4475
1272 2 2 1 1 2418 3565 3566
1273 2 2 1 1 2356 3597 3598
1274 2 2 1 1 3412 702 4651
1275 2 2 1 1 3134 2468 3474
1276 2 2 1 1 3762 1098 4763
1277 2 2 1 1 1032 3075 5151
1278 2 2 1 1 3100 934 4884
1279 2 2 1 1 2529 3697 3698
1280 2 2 1 1 1060 3232 3234
1281 2 2 1 1 3241 2509 4889
1282 2 2 1 1 3077 719 4898
1283 2 2 1 1 3139 3140 4705
1284 2 2 1 1 4327 4170 4394
1285 2 2 1 1 12 3240 3241
1286 2 2 1 1 3352 2992 3353
1287 2 2 1 1 4268 2372 5042
1288 2 2 1 1 2933 4234 4551
1289 2 2 1 1 2355 3808 4380
1290 2 2 1 1 4150 3484 4877
1291 2 2 1 1 3831 2797 4909
1292 2 2 1 1 3108 4275 4708
1293 2 2 1 1 4168 2979 4965
1294 2 2 1 1 3187 2515 4993
1295 2 2 1 1 1688 3133 3474
1296 2 2 1 1 3893 805 4886
1297 2 2 1 1 434 435 3735
1298 2 2 1 1 3099 1129 4903
1299 2 2 1 1 3040 4541 4543
1300 2 2 1 1 829 3120 4599
1301 2 2 1 1 281 282 3384
1302 2 2 1 1 3315 2162 5214
1303 2 2 1 1 2957 3433 4623
1304 2 2 1 1 3772 2731 4755
1305 2 2 1 1 3262 4360 4613
1306 2 2 1 1 3340 4490 5044
1307 2 2 1 1 2581 3040 4543
1308 2 2 1 1 458 459 4384
1309 2 2 1 1 679 4895 4975
1310 2 2 1 1 2416 2753 3565
1311 2 2 1 1 1072 3462 3917
1312 2 2 1 1 1356 397 3608
1313 2 2 1 1 3542 2875 4897
1314 2 2 1 1 4857 684 4860
1315 2 2 1 1 1149 3157 3158
1316 2 2 1 1 2378 3342 4686
1317 2 2 1 1 2983 3410 4610
1318 2 2 1 1 3804 3791 4323
1319 2 2 1 1 2547 3121 3408
1320 2 2 1 1 2884 1983 3836
1321 2 2 1 1 3447 477 3564
1322 2 2 1 1 476 477 3447
1323 2 2 1 1 477 478 3564
1324 2 2 1 1 374 375 3459
1325 2 2 1 1 1416 3574 3991
1326 2 2 1 1 3168 1424 3169
1327 2 2 1 1 584 585 3644
1328 2 2 1 1 489 490 3588
1329 2 2 1 1 3431 489 3588
1330 2 2 1 1 488 489 3431
1331 2 2 1 1 1044 3164 3270
1332 2 2 1 1 562 563 3746
1333 2 2 1 1 3603 1427 4048
1334 2 2 1 1 3172 1427 3603
1335 2 2 1 1 380 381 3516
1336 2 2 1 1 3817 1048 4108
1337 2 2 1 1 1161 3153 3804
1338 2 2 1 1 3161 2362 3609
1339 2 2 1 1 3800 1432 3801
1340 2 2 1 1 4674 3406 4718
1341 2 2 1 1 2418 3566 4941
1342 2 2 1 1 2494 3472 4106
1343 2 2 1 1 3746 563 3748
1344 2 2 1 1 4598 3031 4690
1345 2 2 1 1 2779 3742 4056
1346 2 2 1 1 2952 4857 4860
1347 2 2 1 1 563 564 3748
1348 2 2 1 1 3092 4171 4756
1349 2 2 1 1 367 1060 3239
1350 2 2 1 1 2343 3103 4920
1351 2 2 1 1 2758 2785 3174
1352 2 2 1 1 4512 3468 4521
1353 2 2 1 1 1792 3237 3238
1354 2 2 1 1 2756 3161 3609
1355 2 2 1 1 369 370 3242
1356 2 2 1 1 1161 3804 4323
1357 2 2 1 1 4629 3604 4635
1358 2 2 1 1 2411 2075 3518
1359 2 2 1 1 2361 2359 3992
1360 2 2 1 1 500 501 3456
1361 2 2 1 1 502 503 3449
1362 2 2 1 1 461 462 3458
1363 2 2 1 1 1423 3148 3695
1364 2 2 1 1 2362 3161 4135
1365 2 2 1 1 2875 3542 4896
1366 2 2 1 1 3316 3317 4556
1367 2 2 1 1 3319 3318 4554
1368 2 2 1 1 3320 3321 4555
1369 2 2 1 1 3195 2163 5100
1370 2 2 1 1 1422 3149 3734
1371 2 2 1 1 14 4057 4272
1372 2 2 1 1 2654 4629 4635
1373 2 2 1 1 1060 3234 3239
1374 2 2 1 1 3198 2165 5101
1375 2 2 1 1 2164 3201 5102
1376 2 2 1 1 2166 3204 5103
1377 2 2 1 1 3281 2103 3283
1378 2 2 1 1 542 543 3803
1379 2 2 1 1 1542 3754 4528
1380 2 2 1 1 1787 1785 3486
1381 2 2 1 1 3451 3785 4774
1382 2 2 1 1 1791 1789 3526
1383 2 2 1 1 2326 3117 4941
1384 2 2 1 1 2979 4168 4959
1385 2 2 1 1 3183 2500 3810
1386 2 2 1 1 1053 3742 4529
1387 2 2 1 1 2204 2203 3267
1388 2 2 1 1 1428 3150 3806
1389 2 2 1 1 1423 3695 3900
1390 2 2 1 1 2797 2796 4909
1391 2 2 1 1 2508 3183 3810
1392 2 2 1 1 369 3242 4475
1393 2 2 1 1 592 593 3807
1394 2 2 1 1 4121 4165 4778
1395 2 2 1 1 3473 3134 4662
1396 2 2 1 1 3783 2854 4658
1397 2 2 1 1 3463 3462 3918
1398 2 2 1 1 4694 848 4719
1399 2 2 1 1 1081 4095 4096
1400 2 2 1 1 2942 4694 4719
1401 2 2 1 1 2764 4095 4443
1402 2 2 1 1 3662 2048 4911
1403 2 2 1 1 590 591 3805
1404 2 2 1 1 3695 3694 3900
1405 2 2 1 1 1347 3102 5052
1406 2 2 1 1 459 3159 4384
1407 2 2 1 1 3096 796 4762
1408 2 2 1 1 4944 1622 4953
1409 2 2 1 1 719 3077 5124
1410 2 2 1 1 2150 3303 4688
1411 2 2 1 1 2854 3783 4655
1412 2 2 1 1 2353 3150 3808
1413 2 2 1 1 3237 1792 5023
1414 2 2 1 1 2612 3688 3689
1415 2 2 1 1 459 460 3159
1416 2 2 1 1 3088 4169 4955
1417 2 2 1 1 4844 3453 4858
1418 2 2 1 1 3971 3016 4522
1419 2 2 1 1 2452 3747 4148
1420 2 2 1 1 41 541 3802
1421 2 2 1 1 3006 3021 4376
1422 2 2 1 1 2728 3645 4016
1423 2 2 1 1 2593 3448 4012
1424 2 2 1 1 2594 3457 3899
1425 2 2 1 1 2458 3460 3825
1426 2 2 1 1 2464 2462 3461
1427 2 2 1 1 32 487 3271
1428 2 2 1 1 370 1102 3242
1429 2 2 1 1 112 113 3214
1430 2 2 1 1 2022 3065 4934
1431 2 2 1 1 3271 2610 5110
1432 2 2 1 1 3694 1062 3900
1433 2 2 1 1 178 179 3213
1434 2 2 1 1 3120 829 5135
1435 2 2 1 1 3323 2151 4689
1436 2 2 1 1 2805 4210 4349
1437 2 2 1 1 4621 2141 4622
1438 2 2 1 1 2713 3133 4434
1439 2 2 1 1 3217 1061 4455
1440 2 2 1 1 3231 1102 3243
1441 2 2 1 1 1102 3231 3242
1442 2 2 1 1 1129 3099 5113
1443 2 2 1 1 4095 1081 4443
1444 2 2 1 1 3821 3132 4444
1445 2 2 1 1 3491 3492 4125
1446 2 2 1 1 3365 3106 4819
1447 2 2 1 1 2468 2466 3474
1448 2 2 1 1 1688 3474 4052
1449 2 2 1 1 3814 3607 4559
1450 2 2 1 1 2885 3084 5088
1451 2 2 1 1 2337 2338 4557
1452 2 2 1 1 1081 4096 4097
1453 2 2 1 1 1685 4512 4521
1454 2 2 1 1 3130 2884 4471
1455 2 2 1 1 3451 2596 4557
1456 2 2 1 1 3978 3698 5062
1457 2 2 1 1 2871 3096 5182
1458 2 2 1 1 3143 1663 5011
1459 2 2 1 1 3000 3010 4687
1460 2 2 1 1 1263 3069 4966
1461 2 2 1 1 436 437 3736
1462 2 2 1 1 4574 2941 5187
1463 2 2 1 1 2328 3138 4459
1464 2 2 1 1 634 635 3696
1465 2 2 1 1 3453 3454 4858
1466 2 2 1 1 274 275 4856
1467 2 2 1 1 3007 3009 4480
1468 2 2 1 1 3032 2330 4602
1469 2 2 1 1 3892 671 4958
1470 2 2 1 1 3176 3517 4546
1471 2 2 1 1 3484 4150 5077
1472 2 2 1 1 4547 2871 5182
1473 2 2 1 1 3133 1688 4434
1474 2 2 1 1 3136 3135 4463
1475 2 2 1 1 282 3383 3384
1476 2 2 1 1 727 3491 4125
1477 2 2 1 1 1051 3155 3448
1478 2 2 1 1 2612 3689 3690
1479 2 2 1 1 1157 3167 3460
1480 2 2 1 1 1160 3170 3457
1481 2 2 1 1 3166 1425 3461
1482 2 2 1 1 1159 3643 3645
1483 2 2 1 1 1418 3745 3747
1484 2 2 1 1 4210 2088 4349
1485 2 2 1 1 1149 3158 3159
1486 2 2 1 1 1044 3270 3271
1487 2 2 1 1 2465 2028 4563
1488 2 2 1 1 3356 1872 3591
1489 2 2 1 1 4234 2933 5120
1490 2 2 1 1 4605 1924 5043
1491 2 2 1 1 796 3096 4785
1492 2 2 1 1 3014 2580 3266
1493 2 2 1 1 2774 281 3384
1494 2 2 1 1 2412 2410 4561
1495 2 2 1 1 776 751 3220
1496 2 2 1 1 1509 776 3220
1497 2 2 1 1 2032 3799 4567
1498 2 2 1 1 1171 2134 3394
1499 2 2 1 1 3570 714 5114
1500 2 2 1 1 3132 1373 4444
1501 2 2 1 1 1432 3800 3802
1502 2 2 1 1 3743 3744 4548
1503 2 2 1 1 3462 3461 3917
1504 2 2 1 1 4228 2996 4960
1505 2 2 1 1 1508 3257 3259
1506 2 2 1 1 811 531 4142
1507 2 2 1 1 3266 2580 3272
1508 2 2 1 1 4309 4591 4648
1509 2 2 1 1 3522 3523 4182
1510 2 2 1 1 1945 2384 3325
1511 2 2 1 1 4050 1837 4803
1512 2 2 1 1 2903 4850 4904
1513 2 2 1 1 1062 3694 3901
1514 2 2 1 1 2018 2019 4590
1515 2 2 1 1 3482 2870 4833
1516 2 2 1 1 3181 1509 3220
1517 2 2 1 1 3115 2721 4711
1518 2 2 1 1 3011 4944 4953
1519 2 2 1 1 3073 3002 4209
1520 2 2 1 1 3499 4162 4423
1521 2 2 1 1 3086 1680 4991
1522 2 2 1 1 994 996 3211
1523 2 2 1 1 3325 2342 3394
1524 2 2 1 1 2203 3043 3267
1525 2 2 1 1 3337 2920 4907
1526 2 2 1 1 3059 3125 3356
1527 2 2 1 1 2515 3188 4901
1528 2 2 1 1 3138 2495 4459
1529 2 2 1 1 3203 2158 3204
1530 2 2 1 1 3200 2156 3201
1531 2 2 1 1 2157 3197 3198
1532 2 2 1 1 2763 3325 3394
1533 2 2 1 1 2665 3675 4881
1534 2 2 1 1 2216 1866 3385
1535 2 2 1 1 3145 2384 3391
1536 2 2 1 1 1868 1872 3385
1537 2 2 1 1 2384 3145 3325
1538 2 2 1 1 3596 2356 4956
1539 2 2 1 1 3135 2521 4463
1540 2 2 1 1 1508 3259 3265
1541 2 2 1 1 2081 2079 4545
1542 2 2 1 1 2155 3194 3195
1543 2 2 1 1 3727 3729 4848
1544 2 2 1 1 3317 2125 4556
1545 2 2 1 1 2123 3319 4554
1546 2 2 1 1 3321 2124 4555
1547 2 2 1 1 1509 3181 3244
1548 2 2 1 1 3141 2892 4530
1549 2 2 1 1 671 3964 4915
1550 2 2 1 1 795 3071 4999
1551 2 2 1 1 2527 3148 3697
1552 2 2 1 1 2529 2527 3697
1553 2 2 1 1 844 4674 4718
1554 2 2 1 1 2896 3141 5018
1555 2 2 1 1 3781 4632 5188
1556 2 2 1 1 1873 3768 4801
1557 2 2 1 1 4162 2591 4423
1558 2 2 1 1 4658 2854 4871
1559 2 2 1 1 1063 3184 3736
1560 2 2 1 1 3540 4248 4859
1561 2 2 1 1 3593 4230 5138
1562 2 2 1 1 460 1149 3159
1563 2 2 1 1 4408 3265 4416
1564 2 2 1 1 3747 3745 4148
1565 2 2 1 1 3139 715 3140
1566 2 2 1 1 1045 3833 4831
1567 2 2 1 1 3403 3355 4616
1568 2 2 1 1 3457 3170 3899
1569 2 2 1 1 3645 3643 4016
1570 2 2 1 1 3448 3155 4012
1571 2 2 1 1 3460 3167 3825
1572 2 2 1 1 2462 3166 3461
1573 2 2 1 1 2996 4228 5046
1574 2 2 1 1 487 1044 3271
1575 2 2 1 1 3148 1423 3696
1576 2 2 1 1 988 990 4097
1577 2 2 1 1 541 1432 3802
1578 2 2 1 1 58 643 4529
1579 2 2 1 1 3149 1422 3736
1580 2 2 1 1 1494 1591 4677
1581 2 2 1 1 3177 2463 5080
1582 2 2 1 1 2355 2353 3808
1583 2 2 1 1 681 4935 5122
1584 2 2 1 1 3217 2791 4368
1585 2 2 1 1 708 3505 4640
1586 2 2 1 1 3125 3126 3127
1587 2 2 1 1 3909 1343 4894
1588 2 2 1 1 2601 3193 3194
1589 2 2 1 1 1915 3340 5044
1590 2 2 1 1 3515 3514 4751
1591 2 2 1 1 3150 1428 3807
1592 2 2 1 1 3607 3608 4559
1593 2 2 1 1 1061 3217 4368
1594 2 2 1 1 3538 4111 4917
1595 2 2 1 1 3382 3381 4933
1596 2 2 1 1 113 1391 3214
1597 2 2 1 1 179 1390 3213
1598 2 2 1 1 753 3419 3420
1599 2 2 1 1 3153 1161 3805
1600 2 2 1 1 3649 4380 5079
1601 2 2 1 1 2418 2416 3565
1602 2 2 1 1 996 1000 3211
1603 2 2 1 1 397 398 3608
1604 2 2 1 1 3156 3600 4392
1605 2 2 1 1 2743 3160 3458
1606 2 2 1 1 1061 434 3735
1607 2 2 1 1 435 1422 3735
1608 2 2 1 1 3157 1149 3458
1609 2 2 1 1 3303 2150 4704
1610 2 2 1 1 2464 3461 3462
1611 2 2 1 1 1591 1944 4664
1612 2 2 1 1 3785 3451 5066
1613 2 2 1 1 3269 3416 4183
1614 2 2 1 1 3801 1432 3803
1615 2 2 1 1 3517 3518 4546
1616 2 2 1 1 1061 3735 4455
1617 2 2 1 1 3163 1049 3992
1618 2 2 1 1 3991 3574 3992
1619 2 2 1 1 3076 4327 4394
1620 2 2 1 1 3170 1160 3456
1621 2 2 1 1 3169 1424 3449
1622 2 2 1 1 1424 3168 3456
1623 2 2 1 1 3993 3747 4469
1624 2 2 1 1 1158 3173 3517
1625 2 2 1 1 3348 2357 4963
1626 2 2 1 1 2604 3196 3197
1627 2 2 1 1 3199 2605 3200
1628 2 2 1 1 3543 2889 4893
1629 2 2 1 1 2372 4268 4929
1630 2 2 1 1 564 1144 3748
1631 2 2 1 1 3742 1053 4056
1632 2 2 1 1 3015 2311 4996
1633 2 2 1 1 3202 2606 3203
1634 2 2 1 1 1393 3362 3363
1635 2 2 1 1 1044 488 3431
1636 2 2 1 1 3164 1044 3431
1637 2 2 1 1 3462 1072 3918
1638 2 2 1 1 3269 2379 3416
1639 2 2 1 1 1158 380 3516
1640 2 2 1 1 3173 1158 3516
1641 2 2 1 1 1157 374 3459
1642 2 2 1 1 3167 1157 3459
1643 2 2 1 1 2609 3834 3836
1644 2 2 1 1 1983 2609 3836
1645 2 2 1 1 3084 2420 3835
1646 2 2 1 1 3155 1051 3447
1647 2 2 1 1 1051 476 3447
1648 2 2 1 1 478 1151 3564
1649 2 2 1 1 1425 3166 3459
1650 2 2 1 1 375 1425 3459
1651 2 2 1 1 585 1426 3644
1652 2 2 1 1 1426 3642 3644
1653 2 2 1 1 4840 3388 5186
1654 2 2 1 1 3643 1159 3644
1655 2 2 1 1 1159 584 3644
1656 2 2 1 1 885 3364 4671
1657 2 2 1 1 2075 1783 3518
1658 2 2 1 1 13 3156 3473
1659 2 2 1 1 2758 3174 3486
1660 2 2 1 1 3156 13 3600
1661 2 2 1 1 3171 1876 3607
1662 2 2 1 1 490 1152 3588
1663 2 2 1 1 710 4868 4890
1664 2 2 1 1 3182 4497 4499
1665 2 2 1 1 1876 3171 3609
1666 2 2 1 1 4542 2180 4750
1667 2 2 1 1 3169 3450 3472
1668 2 2 1 1 1000 3190 3211
1669 2 2 1 1 3162 1359 3740
1670 2 2 1 1 1427 3172 3516
1671 2 2 1 1 2494 3169 3472
1672 2 2 1 1 381 1427 3516
1673 2 2 1 1 3472 2338 4106
1674 2 2 1 1 2830 3603 4048
1675 2 2 1 1 3606 3607 3814
1676 2 2 1 1 1359 3162 3743
1677 2 2 1 1 2412 3606 3814
1678 2 2 1 1 4170 1535 4394
1679 2 2 1 1 3641 2496 4064
1680 2 2 1 1 2151 3323 4703
1681 2 2 1 1 2496 2032 4064
1682 2 2 1 1 3174 2785 3526
1683 2 2 1 1 2753 3564 3565
1684 2 2 1 1 1876 1356 3608
1685 2 2 1 1 3745 1418 3746
1686 2 2 1 1 775 792 3265
1687 2 2 1 1 3574 1416 4059
1688 2 2 1 1 3169 3449 3450
1689 2 2 1 1 3600 3460 4392
1690 2 2 1 1 990 1081 4097
1691 2 2 1 1 4501 2269 4586
1692 2 2 1 1 3574 2361 3992
1693 2 2 1 1 2359 3163 3992
1694 2 2 1 1 1160 500 3456
1695 2 2 1 1 501 1424 3456
1696 2 2 1 1 1424 502 3449
1697 2 2 1 1 503 1073 3449
1698 2 2 1 1 2465 3573 4059
1699 2 2 1 1 1661 3272 3326
1700 2 2 1 1 1149 461 3458
1701 2 2 1 1 462 2743 3458
1702 2 2 1 1 3642 1426 4128
1703 2 2 1 1 4497 1299 4499
1704 2 2 1 1 3655 3162 3740
1705 2 2 1 1 1591 4664 4677
1706 2 2 1 1 199 4861 4864
1707 2 2 1 1 2038 3655 3740
1708 2 2 1 1 14 3558 4057
1709 2 2 1 1 3475 3243 4265
1710 2 2 1 1 1956 4594 4942
1711 2 2 1 1 3024 3845 4869
1712 2 2 1 1 1944 2763 4656
1713 2 2 1 1 1418 562 3746
1714 2 2 1 1 2737 3083 4870
1715 2 2 1 1 3517 3176 3558
1716 2 2 1 1 2496 3641 4128
1717 2 2 1 1 3175 2684 4057
1718 2 2 1 1 1468 1466 3397
1719 2 2 1 1 3171 2756 3609
1720 2 2 1 1 3264 1887 4416
1721 2 2 1 1 543 1076 3803
1722 2 2 1 1 1432 542 3803
1723 2 2 1 1 2779 3655 3742
1724 2 2 1 1 1785 2362 3486
1725 2 2 1 1 3573 3574 4059
1726 2 2 1 1 3174 1787 3486
1727 2 2 1 1 947 3253 3255
1728 2 2 1 1 3173 2411 3518
1729 2 2 1 1 3641 3642 4128
1730 2 2 1 1 3243 3475 3700
1731 2 2 1 1 3523 1259 5095
1732 2 2 1 1 3190 1000 3335
1733 2 2 1 1 1789 3174 3526
1734 2 2 1 1 3175 2786 4191
1735 2 2 1 1 4191 2786 4213
1736 2 2 1 1 3486 2362 4135
1737 2 2 1 1 4067 1875 4597
1738 2 2 1 1 2684 3175 4191
1739 2 2 1 1 2079 1791 3526
1740 2 2 1 1 1896 2379 4446
1741 2 2 1 1 3339 3263 3405
1742 2 2 1 1 3471 4519 4520
1743 2 2 1 1 4057 2684 4272
1744 2 2 1 1 1428 592 3807
1745 2 2 1 1 593 1074 3807
1746 2 2 1 1 3558 3176 4057
1747 2 2 1 1 718 3104 5136
1748 2 2 1 1 1554 3249 3284
1749 2 2 1 1 3391 3397 4473
1750 2 2 1 1 4360 1504 4613
1751 2 2 1 1 3145 3391 4473
1752 2 2 1 1 3183 4213 4263
1753 2 2 1 1 1161 590 3805
1754 2 2 1 1 591 1428 3805
1755 2 2 1 1 3791 3792 4323
1756 2 2 1 1 4519 2118 4520
1757 2 2 1 1 4213 2786 4263
1758 2 2 1 1 3338 3339 3405
1759 2 2 1 1 1944 4656 4664
1760 2 2 1 1 4721 3534 4781
1761 2 2 1 1 1685 3146 4512
1762 2 2 1 1 1048 458 4384
1763 2 2 1 1 4895 3003 4975
1764 2 2 1 1 1887 3264 4405
1765 2 2 1 1 3253 947 4236
1766 2 2 1 1 3146 1685 4507
1767 2 2 1 1 3206 2567 4916
1768 2 2 1 1 266 267 3418
1769 2 2 1 1 1887 4408 4416
1770 2 2 1 1 4723 3152 4797
1771 2 2 1 1 3257 1508 4146
1772 2 2 1 1 1555 1554 3284
1773 2 2 1 1 832 850 4146
1774 2 2 1 1 3834 2609 4831
1775 2 2 1 1 4108 1048 4384
1776 2 2 1 1 3792 49 4323
1777 2 2 1 1 2500 3183 4263
1778 2 2 1 1 2566 3277 3278
1779 2 2 1 1 1558 1555 3284
1780 2 2 1 1 3415 2817 4538
1781 2 2 1 1 1393 3361 3362
1782 2 2 1 1 3231 3243 3700
1783 2 2 1 1 1422 3734 3735
1784 2 2 1 1 2909 3268 4989
1785 2 2 1 1 792 1508 3265
1786 2 2 1 1 3693 2382 3901
1787 2 2 1 1 1060 368 4475
1788 2 2 1 1 3272 2580 3326
1789 2 2 1 1 753 3418 3419
1790 2 2 1 1 4676 3634 4862
1791 2 2 1 1 3274 2569 3275
1792 2 2 1 1 3263 3339 3406
1793 2 2 1 1 1498 3218 3395
1794 2 2 1 1 4528 2950 4576
1795 2 2 1 1 3810 2804 4357
1796 2 2 1 1 2574 4770 4879
1797 2 2 1 1 3150 3807 3808
1798 2 2 1 1 1422 436 3736
1799 2 2 1 1 437 1063 3736
1800 2 2 1 1 2393 4328 4390
1801 2 2 1 1 1582 3248 4266
1802 2 2 1 1 1423 634 3696
1803 2 2 1 1 635 1064 3696
1804 2 2 1 1 4477 3430 4483
1805 2 2 1 1 1470 1498 3395
1806 2 2 1 1 3254 3253 4236
1807 2 2 1 1 2860 3471 4470
1808 2 2 1 1 3179 1099 4994
1809 2 2 1 1 1753 2729 3252
1810 2 2 1 1 3805 1428 3806
1811 2 2 1 1 2763 3394 4660
1812 2 2 1 1 785 3143 5011
1813 2 2 1 1 2379 3269 4446
1814 2 2 1 1 3694 3693 3901
1815 2 2 1 1 2508 3810 4357
1816 2 2 1 1 3221 2209 3549
1817 2 2 1 1 1551 1549 4266
1818 2 2 1 1 4861 2978 4864
1819 2 2 1 1 1965 3108 4908
1820 2 2 1 1 2218 2009 3436
1821 2 2 1 1 3191 2805 4349
1822 2 2 1 1 3869 3828 4995
1823 2 2 1 1 1595 4477 4483
1824 2 2 1 1 268 269 3361
1825 2 2 1 1 3028 3177 5080
1826 2 2 1 1 2209 3475 4265
1827 2 2 1 1 2896 3435 4988
1828 2 2 1 1 1705 3822 4998
1829 2 2 1 1 3510 1613 4851
1830 2 2 1 1 2561 3191 4349
1831 2 2 1 1 1605 4015 4978
1832 2 2 1 1 3235 3237 5023
1833 2 2 1 1 2209 2208 3549
1834 2 2 1 1 3191 2561 4232
1835 2 2 1 1 3467 2707 3724
1836 2 2 1 1 3016 3971 5119
1837 2 2 1 1 49 3792 4403
1838 2 2 1 1 3387 2910 3388
1839 2 2 1 1 833 793 4249
1840 2 2 1 1 2338 3472 4557
1841 2 2 1 1 3829 1148 4964
1842 2 2 1 1 3232 1060 4475
1843 2 2 1 1 3363 3362 5217
1844 2 2 1 1 2218 3436 3437
1845 2 2 1 1 3460 2458 4392
1846 2 2 1 1 1435 3124 4902
1847 2 2 1 1 3335 2400 4411
1848 2 2 1 1 3646 3645 4603
1849 2 2 1 1 3602 3448 4602
1850 2 2 1 1 3008 4255 5013
1851 2 2 1 1 3601 3457 4601
1852 2 2 1 1 3434 3570 4453
1853 2 2 1 1 2009 1731 3438
1854 2 2 1 1 3245 854 4249
1855 2 2 1 1 3211 2764 4443
1856 2 2 1 1 3218 1498 3391
1857 2 2 1 1 2674 2673 3244
1858 2 2 1 1 3464 3467 3724
1859 2 2 1 1 3715 2572 3946
1860 2 2 1 1 1221 1218 3714
1861 2 2 1 1 2634 4686 4820
1862 2 2 1 1 2714 2613 3690
1863 2 2 1 1 2613 2612 3690
1864 2 2 1 1 3573 2465 4563
1865 2 2 1 1 3249 1554 4266
1866 2 2 1 1 1466 1740 3397
1867 2 2 1 1 3181 2674 3244
1868 2 2 1 1 3606 2412 4561
1869 2 2 1 1 4210 3110 4433
1870 2 2 1 1 3471 3470 4470
1871 2 2 1 1 3243 1102 4264
1872 2 2 1 1 4374 4605 4695
1873 2 2 1 1 4043 3254 4236
1874 2 2 1 1 4064 2032 4567
1875 2 2 1 1 4656 2763 4660
1876 2 2 1 1 1472 1470 3395
1877 2 2 1 1 947 3255 4146
1878 2 2 1 1 1359 3743 4548
1879 2 2 1 1 1393 268 3361
1880 2 2 1 1 3285 1728 3764
1881 2 2 1 1 3079 3078 3207
1882 2 2 1 1 1558 3284 4397
1883 2 2 1 1 882 3345 3346
1884 2 2 1 1 1234 1223 3732
1885 2 2 1 1 1560 1558 4397
1886 2 2 1 1 3182 3220 4489
1887 2 2 1 1 1981 3338 3405
1888 2 2 1 1 753 3420 4157
1889 2 2 1 1 3436 2009 3438
1890 2 2 1 1 882 3346 3347
1891 2 2 1 1 4226 3008 4575
1892 2 2 1 1 1299 3192 4499
1893 2 2 1 1 3033 3154 4609
1894 2 2 1 1 2079 3526 4545
1895 2 2 1 1 4426 2857 4451
1896 2 2 1 1 1728 3285 4147
1897 2 2 1 1 3106 2405 4819
1898 2 2 1 1 3288 2687 3289
1899 2 2 1 1 2775 3290 3291
1900 2 2 1 1 1383 3123 4982
1901 2 2 1 1 3498 2560 4391
1902 2 2 1 1 3322 2711 3323
1903 2 2 1 1 3133 3134 3474
1904 2 2 1 1 3109 1633 4791
1905 2 2 1 1 2088 4210 4433
1906 2 2 1 1 753 266 3418
1907 2 2 1 1 1498 1468 3397
1908 2 2 1 1 1474 1472 4415
1909 2 2 1 1 4244 4829 4830
1910 2 2 1 1 3632 3003 4895
1911 2 2 1 1 2600 3760 3761
1912 2 2 1 1 217 1754 3401
1913 2 2 1 1 1508 832 4146
1914 2 2 1 1 3450 3451 4557
1915 2 2 1 1 854 3245 4328
1916 2 2 1 1 4795 3671 4841
1917 2 2 1 1 1716 3895 5154
1918 2 2 1 1 3105 3410 4873
1919 2 2 1 1 2767 3248 4540
1920 2 2 1 1 267 1393 3418
1921 2 2 1 1 3409 886 4610
1922 2 2 1 1 882 270 3345
1923 2 2 1 1 2209 3221 3475
1924 2 2 1 1 2364 1753 3252
1925 2 2 1 1 3182 4489 4497
1926 2 2 1 1 3705 3254 4043
1927 2 2 1 1 3033 3032 4607
1928 2 2 1 1 3430 747 4451
1929 2 2 1 1 1026 3273 3612
1930 2 2 1 1 3148 3696 3697
1931 2 2 1 1 4099 1728 4147
1932 2 2 1 1 3316 2375 3317
1933 2 2 1 1 2376 3318 3319
1934 2 2 1 1 3320 2374 3321
1935 2 2 1 1 3484 1595 4483
1936 2 2 1 1 3030 3031 4598
1937 2 2 1 1 4357 2804 4507
1938 2 2 1 1 3490 3491 4516
1939 2 2 1 1 3265 3259 4416
1940 2 2 1 1 3190 3335 4411
1941 2 2 1 1 2977 3266 3272
1942 2 2 1 1 1661 1448 3328
1943 2 2 1 1 3375 1981 4223
1944 2 2 1 1 4404 1716 5154
1945 2 2 1 1 3272 1661 3328
1946 2 2 1 1 1106 1015 3763
1947 2 2 1 1 3498 3499 4423
1948 2 2 1 1 2662 3276 4775
1949 2 2 1 1 4577 3363 5217
1950 2 2 1 1 1549 1582 4266
1951 2 2 1 1 2019 4407 4590
1952 2 2 1 1 2208 3013 3549
1953 2 2 1 1 850 947 4146
1954 2 2 1 1 747 4426 4451
1955 2 2 1 1 4437 2865 4496
1956 2 2 1 1 3192 1299 4504
1957 2 2 1 1 2600 3761 3762
1958 2 2 1 1 4328 3245 4390
1959 2 2 1 1 4200 1679 5111
1960 2 2 1 1 318 2687 3288
1961 2 2 1 1 108 2723 3294
1962 2 2 1 1 2775 105 3290
1963 2 2 1 1 2749 213 3292
1964 2 2 1 1 2722 211 3296
1965 2 2 1 1 68 2662 3298
1966 2 2 1 1 2746 81 3304
1967 2 2 1 1 2747 279 3306
1968 2 2 1 1 172 2745 3308
1969 2 2 1 1 66 2688 3302
1970 2 2 1 1 2625 225 3300
1971 2 2 1 1 2626 159 3301
1972 2 2 1 1 2719 79 3312
1973 2 2 1 1 2721 277 3314
1974 2 2 1 1 174 2720 3310
1975 2 2 1 1 162 2375 3316
1976 2 2 1 1 2376 157 3318
1977 2 2 1 1 228 2374 3320
1978 2 2 1 1 3184 3149 3736
1979 2 2 1 1 3747 2452 4469
1980 2 2 1 1 2915 3350 3351
1981 2 2 1 1 320 2711 3322
1982 2 2 1 1 2019 3561 4705
1983 2 2 1 1 2394 3331 3613
1984 2 2 1 1 3252 2729 3777
1985 2 2 1 1 3121 2851 5091
1986 2 2 1 1 4318 2849 4447
1987 2 2 1 1 4591 2575 4648
1988 2 2 1 1 3287 1516 4308
1989 2 2 1 1 3003 3632 4900
1990 2 2 1 1 3332 4621 4622
1991 2 2 1 1 269 882 3361
1992 2 2 1 1 994 3211 4443
1993 2 2 1 1 2791 3280 4368
1994 2 2 1 1 164 1915 3324
1995 2 2 1 1 3420 3423 4157
1996 2 2 1 1 2216 3386 4518
1997 2 2 1 1 3279 2661 4777
1998 2 2 1 1 1981 3405 4223
1999 2 2 1 1 1472 3395 4415
2000 2 2 1 1 2977 3272 3328
2001 2 2 1 1 793 1509 4249
2002 2 2 1 1 1916 155 3327
2003 2 2 1 1 1805 3470 3699
2004 2 2 1 1 1661 3326 4445
2005 2 2 1 1 3563 3335 4301
2006 2 2 1 1 1554 1551 4266
2007 2 2 1 1 690 4169 4969
2008 2 2 1 1 2915 3351 3352
2009 2 2 1 1 3334 2881 4474
2010 2 2 1 1 3243 4264 4265
2011 2 2 1 1 1392 3341 3343
2012 2 2 1 1 230 1917 3329
2013 2 2 1 1 2915 2391 3350
2014 2 2 1 1 224 2625 3404
2015 2 2 1 1 270 271 3345
2016 2 2 1 1 3071 3520 4932
2017 2 2 1 1 2351 2349 3806
2018 2 2 1 1 1445 1661 4445
2019 2 2 1 1 988 4097 4436
2020 2 2 1 1 3296 2749 3297
2021 2 2 1 1 3292 2776 3293
2022 2 2 1 1 2748 3294 3295
2023 2 2 1 1 2688 3298 3299
2024 2 2 1 1 2772 3308 3309
2025 2 2 1 1 3304 2773 3305
2026 2 2 1 1 3306 2774 3307
2027 2 2 1 1 2710 3302 3303
2028 2 2 1 1 2745 3310 3311
2029 2 2 1 1 3312 2746 3313
2030 2 2 1 1 3314 2747 3315
2031 2 2 1 1 3420 3419 3421
2032 2 2 1 1 1263 167 3333
2033 2 2 1 1 3074 2572 3715
2034 2 2 1 1 1218 1219 3714
2035 2 2 1 1 3080 3715 3946
2036 2 2 1 1 2265 1221 3714
2037 2 2 1 1 3490 4516 4532
2038 2 2 1 1 104 2775 3399
2039 2 2 1 1 2715 3215 3387
2040 2 2 1 1 219 1323 3336
2041 2 2 1 1 2711 321 3354
2042 2 2 1 1 2135 2695 3338
2043 2 2 1 1 3624 4636 4639
2044 2 2 1 1 4339 3283 4679
2045 2 2 1 1 3248 3249 4266
2046 2 2 1 1 1049 3163 5054
2047 2 2 1 1 3331 1713 3613
2048 2 2 1 1 2114 3334 3560
2049 2 2 1 1 3338 2695 3339
2050 2 2 1 1 3379 287 3380
2051 2 2 1 1 3282 1323 5022
2052 2 2 1 1 4230 3593 4905
2053 2 2 1 1 288 795 3380
2054 2 2 1 1 166 1263 3340
2055 2 2 1 1 2118 3468 4520
2056 2 2 1 1 282 283 3383
2057 2 2 1 1 3254 3705 4250
2058 2 2 1 1 1026 3464 3724
2059 2 2 1 1 3255 3257 4146
2060 2 2 1 1 3273 1026 3724
2061 2 2 1 1 3244 2673 3245
2062 2 2 1 1 4532 812 4568
2063 2 2 1 1 1794 2941 4131
2064 2 2 1 1 3251 2364 3252
2065 2 2 1 1 3208 1749 3732
2066 2 2 1 1 3553 1106 3763
2067 2 2 1 1 854 833 4249
2068 2 2 1 1 73 1333 3413
2069 2 2 1 1 3341 3342 3343
2070 2 2 1 1 1392 272 3341
2071 2 2 1 1 1223 1224 3732
2072 2 2 1 1 1749 1234 3732
2073 2 2 1 1 1575 3562 4253
2074 2 2 1 1 1048 3817 5065
2075 2 2 1 1 1978 1981 3375
2076 2 2 1 1 3335 1000 4301
2077 2 2 1 1 205 1389 3366
2078 2 2 1 1 861 959 3605
2079 2 2 1 1 3125 3127 3356
2080 2 2 1 1 3367 872 3368
2081 2 2 1 1 1391 114 3373
2082 2 2 1 1 3376 970 3377
2083 2 2 1 1 775 3265 4408
2084 2 2 1 1 286 287 3379
2085 2 2 1 1 3334 2114 3559
2086 2 2 1 1 1157 3460 3600
2087 2 2 1 1 1160 3457 3601
2088 2 2 1 1 1051 3448 3602
2089 2 2 1 1 3497 3498 4391
2090 2 2 1 1 3461 1425 3917
2091 2 2 1 1 1159 3645 3646
2092 2 2 1 1 3548 2535 4320
2093 2 2 1 1 2642 4611 4654
2094 2 2 1 1 182 183 3371
2095 2 2 1 1 2464 3462 3463
2096 2 2 1 1 4067 4597 5130
2097 2 2 1 1 1025 1026 3612
2098 2 2 1 1 1027 3571 4374
2099 2 2 1 1 239 664 3455
2100 2 2 1 1 3376 3377 3381
2101 2 2 1 1 1418 3747 3993
2102 2 2 1 1 1754 3336 3337
2103 2 2 1 1 1448 1715 3328
2104 2 2 1 1 62 2022 3403
2105 2 2 1 1 3705 1618 4250
2106 2 2 1 1 3159 3158 3704
2107 2 2 1 1 885 99 3364
2108 2 2 1 1 3039 3041 4630
2109 2 2 1 1 181 872 3367
2110 2 2 1 1 3349 1546 3756
2111 2 2 1 1 1134 1133 3393
2112 2 2 1 1 1017 1034 3444
2113 2 2 1 1 235 754 3442
2114 2 2 1 1 3571 3572 4374
2115 2 2 1 1 2560 3498 4423
2116 2 2 1 1 999 997 3699
2117 2 2 1 1 1381 1536 3567
2118 2 2 1 1 3508 4708 4748
2119 2 2 1 1 4849 676 4865
2120 2 2 1 1 2787 4501 4586
2121 2 2 1 1 1011 1097 4221
2122 2 2 1 1 285 970 3376
2123 2 2 1 1 4804 4383 4814
2124 2 2 1 1 1894 1896 4446
2125 2 2 1 1 2729 4755 4758
2126 2 2 1 1 4388 3677 4462
2127 2 2 1 1 2512 3287 4308
2128 2 2 1 1 2400 3335 3563
2129 2 2 1 1 1015 890 3763
2130 2 2 1 1 2393 3552 4328
2131 2 2 1 1 1393 3363 3418
2132 2 2 1 1 1190 1106 3553
2133 2 2 1 1 1506 3129 4990
2134 2 2 1 1 1420 3665 4928
2135 2 2 1 1 2941 3411 4131
2136 2 2 1 1 4636 838 4639
2137 2 2 1 1 3626 863 4726
2138 2 2 1 1 4075 4734 4788
2139 2 2 1 1 3777 2729 4758
2140 2 2 1 1 4328 3552 4427
2141 2 2 1 1 3562 2809 4253
2142 2 2 1 1 2115 3548 4320
2143 2 2 1 1 1529 1637 3407
2144 2 2 1 1 1383 942 4211
2145 2 2 1 1 3104 3014 4549
2146 2 2 1 1 2688 67 3298
2147 2 2 1 1 106 2748 3290
2148 2 2 1 1 2661 317 3288
2149 2 2 1 1 212 2749 3296
2150 2 2 1 1 214 2776 3292
2151 2 2 1 1 2748 107 3294
2152 2 2 1 1 82 2773 3304
2153 2 2 1 1 280 2774 3306
2154 2 2 1 1 2772 171 3308
2155 2 2 1 1 226 2627 3300
2156 2 2 1 1 160 2628 3301
2157 2 2 1 1 2710 65 3302
2158 2 2 1 1 2745 173 3310
2159 2 2 1 1 80 2746 3312
2160 2 2 1 1 278 2747 3314
2161 2 2 1 1 2628 161 3316
2162 2 2 1 1 3347 3346 3348
2163 2 2 1 1 158 2626 3318
2164 2 2 1 1 2627 227 3320
2165 2 2 1 1 91 709 3501
2166 2 2 1 1 3341 1962 3342
2167 2 2 1 1 2687 319 3322
2168 2 2 1 1 774 3584 3706
2169 2 2 1 1 2776 215 3400
2170 2 2 1 1 3638 3637 4874
2171 2 2 1 1 4247 3691 4402
2172 2 2 1 1 2773 83 3402
2173 2 2 1 1 3350 2391 3567
2174 2 2 1 1 2402 3392 3757
2175 2 2 1 1 2857 2237 3398
2176 2 2 1 1 3468 2118 4521
2177 2 2 1 1 3667 3666 4278
2178 2 2 1 1 2375 163 3324
2179 2 2 1 1 1449 3396 4305
2180 2 2 1 1 1326 1190 3553
2181 2 2 1 1 1167 1085 3654
2182 2 2 1 1 3400 216 3401
2183 2 2 1 1 2679 3427 3752
2184 2 2 1 1 2729 1265 4755
2185 2 2 1 1 88 886 3409
2186 2 2 1 1 3513 3514 3515
2187 2 2 1 1 1977 1978 3375
2188 2 2 1 1 3862 3856 4847
2189 2 2 1 1 3503 3502 3504
2190 2 2 1 1 156 2376 3327
2191 2 2 1 1 3220 751 4489
2192 2 2 1 1 306 712 3544
2193 2 2 1 1 1027 263 4418
2194 2 2 1 1 1936 1453 3390
2195 2 2 1 1 1333 74 3414
2196 2 2 1 1 2374 229 3329
2197 2 2 1 1 3503 3504 3505
2198 2 2 1 1 4183 3416 4461
2199 2 2 1 1 3147 1672 5007
2200 2 2 1 1 2817 4441 4538
2201 2 2 1 1 1731 1495 4410
2202 2 2 1 1 3429 2590 3430
2203 2 2 1 1 1757 3381 3382
2204 2 2 1 1 168 1994 3333
2205 2 2 1 1 3364 1388 3365
2206 2 2 1 1 118 720 3513
2207 2 2 1 1 799 3639 3640
2208 2 2 1 1 2733 3585 4091
2209 2 2 1 1 3525 2497 4220
2210 2 2 1 1 3513 720 3514
2211 2 2 1 1 1757 3376 3381
2212 2 2 1 1 2638 3493 3494
2213 2 2 1 1 3069 3333 5015
2214 2 2 1 1 287 288 3380
2215 2 2 1 1 2408 3499 4161
2216 2 2 1 1 1940 2817 3415
2217 2 2 1 1 2245 2590 3429
2218 2 2 1 1 2006 4318 4447
2219 2 2 1 1 1754 218 3336
2220 2 2 1 1 3438 1731 4410
2221 2 2 1 1 273 1962 3341
2222 2 2 1 1 1173 1095 3417
2223 2 2 1 1 1389 206 3428
2224 2 2 1 1 2861 3778 4399
2225 2 2 1 1 1525 2400 3563
2226 2 2 1 1 1509 3244 4249
2227 2 2 1 1 3584 3582 3706
2228 2 2 1 1 3615 4391 4435
2229 2 2 1 1 1799 2315 3432
2230 2 2 1 1 1915 165 3340
2231 2 2 1 1 1387 3409 3410
2232 2 2 1 1 799 143 3639
2233 2 2 1 1 2844 2812 3412
2234 2 2 1 1 747 3430 4477
2235 2 2 1 1 2349 3153 3806
2236 2 2 1 1 3150 2351 3806
2237 2 2 1 1 108 109 2723
2238 2 2 1 1 210 211 2722
2239 2 2 1 1 106 107 2748
2240 2 2 1 1 104 105 2775
2241 2 2 1 1 316 317 2661
2242 2 2 1 1 318 319 2687
2243 2 2 1 1 214 215 2776
2244 2 2 1 1 212 213 2749
2245 2 2 1 1 68 69 2662
2246 2 2 1 1 226 227 2627
2247 2 2 1 1 160 161 2628
2248 2 2 1 1 170 171 2772
2249 2 2 1 1 82 83 2773
2250 2 2 1 1 280 281 2774
2251 2 2 1 1 66 67 2688
2252 2 2 1 1 221 222 2103
2253 2 2 1 1 168 169 1994
2254 2 2 1 1 62 63 2022
2255 2 2 1 1 64 65 2710
2256 2 2 1 1 224 225 2625
2257 2 2 1 1 158 159 2626
2258 2 2 1 1 80 81 2746
2259 2 2 1 1 278 279 2747
2260 2 2 1 1 172 173 2745
2261 2 2 1 1 78 79 2719
2262 2 2 1 1 276 277 2721
2263 2 2 1 1 174 175 2720
2264 2 2 1 1 273 274 1962
2265 2 2 1 1 309 796 3480
2266 2 2 1 1 4088 2834 4091
2267 2 2 1 1 223 224 3404
2268 2 2 1 1 162 163 2375
2269 2 2 1 1 3499 1521 4161
2270 2 2 1 1 156 157 2376
2271 2 2 1 1 228 229 2374
2272 2 2 1 1 1133 1164 3393
2273 2 2 1 1 834 861 3605
2274 2 2 1 1 238 239 3455
2275 2 2 1 1 2058 2669 2976
2276 2 2 1 1 3582 1405 3706
2277 2 2 1 1 3452 1398 3453
2278 2 2 1 1 320 321 2711
2279 2 2 1 1 1980 2135 3338
2280 2 2 1 1 3417 3612 4199
2281 2 2 1 1 98 885 3502
2282 2 2 1 1 997 1805 3699
2283 2 2 1 1 76 77 3193
2284 2 2 1 1 2957 4623 5216
2285 2 2 1 1 1572 3525 4220
2286 2 2 1 1 216 217 3401
2287 2 2 1 1 1580 3435 4440
2288 2 2 1 1 3568 4846 5211
2289 2 2 1 1 1402 3439 3440
2290 2 2 1 1 1713 1584 3613
2291 2 2 1 1 4110 3538 5016
2292 2 2 1 1 1546 3349 4114
2293 2 2 1 1 2307 1936 3390
2294 2 2 1 1 97 3502 3503
2295 2 2 1 1 2957 3432 3433
2296 2 2 1 1 2135 2377 2695
2297 2 2 1 1 3491 2369 3492
2298 2 2 1 1 3373 873 3374
2299 2 2 1 1 1616 1381 3567
2300 2 2 1 1 1099 3178 4943
2301 2 2 1 1 103 104 3399
2302 2 2 1 1 1007 2327 4356
2303 2 2 1 1 3499 2408 4162
2304 2 2 1 1 203 871 3508
2305 2 2 1 1 2402 4099 4147
2306 2 2 1 1 208 209 3196
2307 2 2 1 1 3598 3597 4479
2308 2 2 1 1 176 177 3199
2309 2 2 1 1 3144 1535 4722
2310 2 2 1 1 830 779 4239
2311 2 2 1 1 110 111 3202
2312 2 2 1 1 73 74 1333
2313 2 2 1 1 2114 1019 3559
2314 2 2 1 1 100 1388 3364
2315 2 2 1 1 1636 1794 4131
2316 2 2 1 1 3244 3245 4249
2317 2 2 1 1 1441 1449 4305
2318 2 2 1 1 322 2053 3354
2319 2 2 1 1 164 165 1915
2320 2 2 1 1 217 218 1754
2321 2 2 1 1 1390 180 3367
2322 2 2 1 1 1645 1799 3432
2323 2 2 1 1 1292 2116 3493
2324 2 2 1 1 3391 1498 3397
2325 2 2 1 1 2240 2249 4132
2326 2 2 1 1 1088 1017 3444
2327 2 2 1 1 1527 1529 3407
2328 2 2 1 1 2242 2240 4132
2329 2 2 1 1 70 71 3274
2330 2 2 1 1 691 4168 4965
2331 2 2 1 1 314 315 3277
2332 2 2 1 1 959 2114 3605
2333 2 2 1 1 3660 4367 4431
2334 2 2 1 1 3137 3624 4126
2335 2 2 1 1 1715 2012 2058
2336 2 2 1 1 2380 2791 3217
2337 2 2 1 1 72 73 3413
2338 2 2 1 1 3612 3273 4199
2339 2 2 1 1 1029 3680 3681
2340 2 2 1 1 3476 4336 4371
2341 2 2 1 1 100 101 1388
2342 2 2 1 1 3783 3782 5043
2343 2 2 1 1 1022 1013 3469
2344 2 2 1 1 205 206 1389
2345 2 2 1 1 179 180 1390
2346 2 2 1 1 113 114 1391
2347 2 2 1 1 2892 2307 3390
2348 2 2 1 1 1810 3616 3660
2349 2 2 1 1 3426 1431 4231
2350 2 2 1 1 3554 1383 4211
2351 2 2 1 1 154 155 1916
2352 2 2 1 1 3489 2369 3490
2353 2 2 1 1 3407 1637 4204
2354 2 2 1 1 3478 1167 3654
2355 2 2 1 1 871 204 3366
2356 2 2 1 1 3417 1095 3612
2357 2 2 1 1 1485 1497 3536
2358 2 2 1 1 1536 3350 3567
2359 2 2 1 1 3580 1405 3582
2360 2 2 1 1 2117 3667 4278
2361 2 2 1 1 3529 3528 3530
2362 2 2 1 1 3828 3112 4948
2363 2 2 1 1 728 201 3509
2364 2 2 1 1 1757 284 3376
2365 2 2 1 1 2019 2016 3561
2366 2 2 1 1 115 873 3373
2367 2 2 1 1 3119 2326 4949
2368 2 2 1 1 3441 3442 3443
2369 2 2 1 1 2976 2669 4175
2370 2 2 1 1 1547 1550 3756
2371 2 2 1 1 1095 1025 3612
2372 2 2 1 1 3584 774 4091
2373 2 2 1 1 1085 1018 3654
2374 2 2 1 1 1482 1485 3536
2375 2 2 1 1 1071 2890 5121
2376 2 2 1 1 709 92 3445
2377 2 2 1 1 95 708 3446
2378 2 2 1 1 1737 1292 3493
2379 2 2 1 1 230 231 1917
2380 2 2 1 1 3483 2689 3484
2381 2 2 1 1 1402 148 3439
2382 2 2 1 1 219 220 1323
2383 2 2 1 1 791 773 3590
2384 2 2 1 1 2596 2337 4557
2385 2 2 1 1 237 1398 3452
2386 2 2 1 1 3432 2315 3433
2387 2 2 1 1 2882 1713 3331
2388 2 2 1 1 3637 4872 4874
2389 2 2 1 1 1925 2369 3489
2390 2 2 1 1 3280 23 4368
2391 2 2 1 1 3505 4494 4640
2392 2 2 1 1 1392 3343 3344
2393 2 2 1 1 2243 2245 3429
2394 2 2 1 1 3527 3528 3529
2395 2 2 1 1 2058 2976 2977
2396 2 2 1 1 2251 2689 3483
2397 2 2 1 1 283 284 1757
2398 2 2 1 1 1386 312 3535
2399 2 2 1 1 1097 3506 4221
2400 2 2 1 1 2052 1439 5125
2401 2 2 1 1 3624 2403 4126
2402 2 2 1 1 271 1392 3345
2403 2 2 1 1 889 1011 4221
2404 2 2 1 1 3377 970 3378
2405 2 2 1 1 4433 3110 4513
2406 2 2 1 1 665 963 3682
2407 2 2 1 1 1029 3681 3682
2408 2 2 1 1 3467 3468 4512
2409 2 2 1 1 166 167 1263
2410 2 2 1 1 1405 3580 3586
2411 2 2 1 1 773 2498 3590
2412 2 2 1 1 2380 3217 3703
2413 2 2 1 1 1019 1086 3559
2414 2 2 1 1 3527 663 3528
2415 2 2 1 1 2537 3947 4303
2416 2 2 1 1 305 306 3544
2417 2 2 1 1 4290 3013 4291
2418 2 2 1 1 1262 233 3441
2419 2 2 1 1 1978 1980 1981
2420 2 2 1 1 3541 1400 3542
2421 2 2 1 1 712 307 3481
2422 2 2 1 1 3629 3630 3631
2423 2 2 1 1 734 750 3586
2424 2 2 1 1 4336 1153 4371
2425 2 2 1 1 3648 4308 4362
2426 2 2 1 1 708 3503 3505
2427 2 2 1 1 1104 3186 4950
2428 2 2 1 1 1747 2130 3587
2429 2 2 1 1 3539 1091 3540
2430 2 2 1 1 232 233 1262
2431 2 2 1 1 2037 2871 4155
2432 2 2 1 1 4015 1605 5032
2433 2 2 1 1 3481 3480 3482
2434 2 2 1 1 3007 4480 5093
2435 2 2 1 1 800 3629 3631
2436 2 2 1 1 1109 1808 3496
2437 2 2 1 1 4470 3673 4505
2438 2 2 1 1 2369 1926 3492
2439 2 2 1 1 2696 2697 3144
2440 2 2 1 1 2977 2976 3120
2441 2 2 1 1 3493 2116 3494
2442 2 2 1 1 1981 1980 3338
2443 2 2 1 1 3331 2394 4309
2444 2 2 1 1 1977 1976 1978
2445 2 2 1 1 750 1405 3586
2446 2 2 1 1 1305 4437 4496
2447 2 2 1 1 3434 2315 3569
2448 2 2 1 1 3427 2177 3752
2449 2 2 1 1 4311 1103 4322
2450 2 2 1 1 1583 1568 1585
2451 2 2 1 1 1013 999 3699
2452 2 2 1 1 4142 532 4981
2453 2 2 1 1 67 68 3298
2454 2 2 1 1 171 172 3308
2455 2 2 1 1 81 82 3304
2456 2 2 1 1 279 280 3306
2457 2 2 1 1 317 318 3288
2458 2 2 1 1 105 106 3290
2459 2 2 1 1 107 108 3294
2460 2 2 1 1 213 214 3292
2461 2 2 1 1 211 212 3296
2462 2 2 1 1 65 66 3302
2463 2 2 1 1 225 226 3300
2464 2 2 1 1 159 160 3301
2465 2 2 1 1 79 80 3312
2466 2 2 1 1 277 278 3314
2467 2 2 1 1 173 174 3310
2468 2 2 1 1 1084 740 3497
2469 2 2 1 1 3487 2100 3532
2470 2 2 1 1 161 162 3316
2471 2 2 1 1 3550 4311 4322
2472 2 2 1 1 157 158 3318
2473 2 2 1 1 227 228 3320
2474 2 2 1 1 1583 1585 1693
2475 2 2 1 1 4449 921 4491
2476 2 2 1 1 1394 1031 3556
2477 2 2 1 1 1898 1940 3415
2478 2 2 1 1 319 320 3322
2479 2 2 1 1 2534 3426 4231
2480 2 2 1 1 1564 1560 4397
2481 2 2 1 1 1975 1974 1976
2482 2 2 1 1 2400 1527 3407
2483 2 2 1 1 3549 3013 4290
2484 2 2 1 1 215 216 3400
2485 2 2 1 1 2891 2307 2892
2486 2 2 1 1 1250 2402 3757
2487 2 2 1 1 1975 1976 1977
2488 2 2 1 1 1693 1694 1925
2489 2 2 1 1 2501 3595 4229
2490 2 2 1 1 2237 2239 3398
2491 2 2 1 1 1387 87 3409
2492 2 2 1 1 241 1613 3510
2493 2 2 1 1 2393 1802 3551
2494 2 2 1 1 2857 3398 4451
2495 2 2 1 1 1693 1585 1694
2496 2 2 1 1 1379 1167 3478
2497 2 2 1 1 3257 3256 3258
2498 2 2 1 1 3259 3258 3260
2499 2 2 1 1 3470 3469 3699
2500 2 2 1 1 309 310 796
2501 2 2 1 1 872 182 3371
2502 2 2 1 1 2098 2961 3532
2503 2 2 1 1 74 75 3414
2504 2 2 1 1 1546 1547 3756
2505 2 2 1 1 1485 1490 1494
2506 2 2 1 1 3490 2369 3491
2507 2 2 1 1 1724 1974 1975
2508 2 2 1 1 3605 3560 4406
2509 2 2 1 1 3822 4027 4951
2510 2 2 1 1 2191 1771 2192
2511 2 2 1 1 83 84 3402
2512 2 2 1 1 963 1029 3682
2513 2 2 1 1 163 164 3324
2514 2 2 1 1 1482 1484 1485
2515 2 2 1 1 2696 2062 2697
2516 2 2 1 1 3368 3369 3370
2517 2 2 1 1 3552 3763 4427
2518 2 2 1 1 1012 1091 3539
2519 2 2 1 1 3160 3157 3458
2520 2 2 1 1 3398 2243 3429
2521 2 2 1 1 271 272 1392
2522 2 2 1 1 795 289 3520
2523 2 2 1 1 886 89 3500
2524 2 2 1 1 3368 872 3369
2525 2 2 1 1 4391 2560 4435
2526 2 2 1 1 3441 234 3442
2527 2 2 1 1 1529 1543 1636
2528 2 2 1 1 670 4242 4261
2529 2 2 1 1 1525 1527 2400
2530 2 2 1 1 3494 2116 3495
2531 2 2 1 1 2063 2062 2696
2532 2 2 1 1 779 1811 4239
2533 2 2 1 1 321 322 3354
2534 2 2 1 1 1516 3287 4363
2535 2 2 1 1 3636 710 3637
2536 2 2 1 1 1307 1306 1645
2537 2 2 1 1 4047 1286 4135
2538 2 2 1 1 970 286 3379
2539 2 2 1 1 3519 887 3656
2540 2 2 1 1 1925 1926 2369
2541 2 2 1 1 1097 1183 3506
2542 2 2 1 1 1461 1459 4090
2543 2 2 1 1 3420 3421 3422
2544 2 2 1 1 2814 2998 3044
2545 2 2 1 1 3255 2388 3256
2546 2 2 1 1 3469 1013 3699
2547 2 2 1 1 1527 1528 1529
2548 2 2 1 1 2102 2100 3487
2549 2 2 1 1 3571 1027 4418
2550 2 2 1 1 2834 2733 4091
2551 2 2 1 1 322 323 2053
2552 2 2 1 1 3255 3256 3257
2553 2 2 1 1 1384 1385 1651
2554 2 2 1 1 3464 1301 3465
2555 2 2 1 1 3947 1433 4303
2556 2 2 1 1 2600 2312 3760
2557 2 2 1 1 155 156 3327
2558 2 2 1 1 2192 2391 2914
2559 2 2 1 1 3433 2315 3434
2560 2 2 1 1 1637 1636 1702
2561 2 2 1 1 88 89 886
2562 2 2 1 1 98 99 885
2563 2 2 1 1 3434 3569 3570
2564 2 2 1 1 3257 3258 3259
2565 2 2 1 1 203 204 871
2566 2 2 1 1 61 62 3403
2567 2 2 1 1 152 153 1032
2568 2 2 1 1 3512 3513 3515
2569 2 2 1 1 2239 2243 3398
2570 2 2 1 1 1756 1755 2062
2571 2 2 1 1 206 207 3428
2572 2 2 1 1 1031 966 3556
2573 2 2 1 1 1802 1328 3551
2574 2 2 1 1 181 182 872
2575 2 2 1 1 3260 3262 3264
2576 2 2 1 1 115 116 873
2577 2 2 1 1 1574 3610 3611
2578 2 2 1 1 1930 2208 2209
2579 2 2 1 1 2108 4247 4402
2580 2 2 1 1 2608 1651 2930
2581 2 2 1 1 1812 1645 3432
2582 2 2 1 1 292 663 3527
2583 2 2 1 1 229 230 3329
2584 2 2 1 1 2957 1812 3432
2585 2 2 1 1 2695 2377 3477
2586 2 2 1 1 2063 2696 3707
2587 2 2 1 1 143 144 3639
2588 2 2 1 1 3651 3650 4205
2589 2 2 1 1 1482 1479 1484
2590 2 2 1 1 121 798 3593
2591 2 2 1 1 1925 1694 1926
2592 2 2 1 1 3260 3261 3262
2593 2 2 1 1 2217 2009 2218
2594 2 2 1 1 296 679 3533
2595 2 2 1 1 663 293 3534
2596 2 2 1 1 1575 1577 3562
2597 2 2 1 1 4832 2958 4834
2598 2 2 1 1 800 300 3629
2599 2 2 1 1 285 286 970
2600 2 2 1 1 1714 1616 1771
2601 2 2 1 1 1529 1636 1637
2602 2 2 1 1 218 219 3336
2603 2 2 1 1 2058 2012 2669
2604 2 2 1 1 1577 1579 1580
2605 2 2 1 1 2192 2933 3488
2606 2 2 1 1 967 881 3485
2607 2 2 1 1 1445 1448 1661
2608 2 2 1 1 724 716 4099
2609 2 2 1 1 2247 2251 3483
2610 2 2 1 1 2932 3000 3001
2611 2 2 1 1 2507 2146 2638
2612 2 2 1 1 1924 3572 4922
2613 2 2 1 1 3349 2844 4442
2614 2 2 1 1 1475 1487 4207
2615 2 2 1 1 1381 1380 1536
2616 2 2 1 1 1645 1306 1798
2617 2 2 1 1 3453 1398 3454
2618 2 2 1 1 2392 2879 2881
2619 2 2 1 1 1940 2635 2817
2620 2 2 1 1 2393 3551 3552
2621 2 2 1 1 3500 90 3501
2622 2 2 1 1 2235 2237 2857
2623 2 2 1 1 3495 2116 3666
2624 2 2 1 1 234 235 3442
2625 2 2 1 1 304 1400 3541
2626 2 2 1 1 2384 3218 3391
2627 2 2 1 1 664 3510 3511
2628 2 2 1 1 1485 1484 1490
2629 2 2 1 1 247 766 3545
2630 2 2 1 1 167 168 3333
2631 2 2 1 1 2379 3415 3416
2632 2 2 1 1 1645 1798 1799
2633 2 2 1 1 676 244 3546
2634 2 2 1 1 204 205 3366
2635 2 2 1 1 711 135 3547
2636 2 2 1 1 1459 2558 4090
2637 2 2 1 1 2911 1812 2957
2638 2 2 1 1 1579 1604 3435
2639 2 2 1 1 1261 1088 1380
2640 2 2 1 1 114 115 3373
2641 2 2 1 1 1494 1490 1591
2642 2 2 1 1 1703 1702 2015
2643 2 2 1 1 1005 1020 4074
2644 2 2 1 1 2008 1731 2009
2645 2 2 1 1 3521 2586 3522
2646 2 2 1 1 3022 3001 3077
2647 2 2 1 1 1794 2907 2941
2648 2 2 1 1 3744 3748 4548
2649 2 2 1 1 734 3586 3753
2650 2 2 1 1 882 3347 3361
2651 2 2 1 1 312 313 3535
2652 2 2 1 1 2192 2914 2933
2653 2 2 1 1 1926 2372 3492
2654 2 2 1 1 3616 1810 3661
2655 2 2 1 1 1384 1651 2608
2656 2 2 1 1 3542 1400 3543
2657 2 2 1 1 165 166 3340
2658 2 2 1 1 1804 3527 3529
2659 2 2 1 1 2663 3488 4356
2660 2 2 1 1 2930 2931 2932
2661 2 2 1 1 1112 2287 3568
2662 2 2 1 1 708 96 3503
2663 2 2 1 1 2811 2812 2844
2664 2 2 1 1 1497 1494 1755
2665 2 2 1 1 873 116 3512
2666 2 2 1 1 283 1757 3383
2667 2 2 1 1 2239 2242 2243
2668 2 2 1 1 3392 2402 4147
2669 2 2 1 1 3585 3584 4091
2670 2 2 1 1 766 248 3555
2671 2 2 1 1 4829 1401 4830
2672 2 2 1 1 3506 2107 3507
2673 2 2 1 1 2608 2930 3267
2674 2 2 1 1 269 270 882
2675 2 2 1 1 1744 2121 2392
2676 2 2 1 1 2015 2303 2700
2677 2 2 1 1 2243 2244 2245
2678 2 2 1 1 1715 2058 3328
2679 2 2 1 1 2114 3560 3605
2680 2 2 1 1 2192 1771 2391
2681 2 2 1 1 1433 3476 4303
2682 2 2 1 1 2392 2121 2879
2683 2 2 1 1 202 3508 3509
2684 2 2 1 1 86 87 1387
2685 2 2 1 1 969 887 3519
2686 2 2 1 1 4157 3423 4418
2687 2 2 1 1 2812 2814 3412
2688 2 2 1 1 2315 2043 3569
2689 2 2 1 1 14 379 3558
2690 2 2 1 1 1637 1702 1703
2691 2 2 1 1 1304 1173 1306
2692 2 2 1 1 2700 3002 3073
2693 2 2 1 1 3812 4059 4063
2694 2 2 1 1 1677 1679 3621
2695 2 2 1 1 2671 2184 2672
2696 2 2 1 1 1049 3991 3992
2697 2 2 1 1 774 4088 4091
2698 2 2 1 1 97 98 3502
2699 2 2 1 1 3168 3170 3456
2700 2 2 1 1 2400 3407 4411
2701 2 2 1 1 770 746 3661
2702 2 2 1 1 2183 1952 2184
2703 2 2 1 1 1807 250 3557
2704 2 2 1 1 149 767 3439
2705 2 2 1 1 3680 1029 4074
2706 2 2 1 1 3663 2808 3664
2707 2 2 1 1 2675 2674 2676
2708 2 2 1 1 1536 2389 2724
2709 2 2 1 1 1024 1301 3464
2710 2 2 1 1 2407 2808 3663
2711 2 2 1 1 311 312 1386
2712 2 2 1 1 308 309 3480
2713 2 2 1 1 2100 2098 3532
2714 2 2 1 1 302 748 3628
2715 2 2 1 1 3404 2625 4553
2716 2 2 1 1 1571 1568 1583
2717 2 2 1 1 3491 727 4516
2718 2 2 1 1 1956 1713 2882
2719 2 2 1 1 308 3480 3481
2720 2 2 1 1 2379 1898 3415
2721 2 2 1 1 2552 3014 3104
2722 2 2 1 1 3629 3628 3630
2723 2 2 1 1 3530 3528 3531
2724 2 2 1 1 1307 1645 1812
2725 2 2 1 1 90 91 3501
2726 2 2 1 1 3464 3465 3467
2727 2 2 1 1 4237 3797 4258
2728 2 2 1 1 1951 1802 1952
2729 2 2 1 1 299 800 3632
2730 2 2 1 1 1030 966 1031
2731 2 2 1 1 1724 1973 1974
2732 2 2 1 1 1896 1898 2379
2733 2 2 1 1 1091 967 3485
2734 2 2 1 1 2269 3478 3479
2735 2 2 1 1 1521 736 4161
2736 2 2 1 1 1034 969 3519
2737 2 2 1 1 93 1396 3445
2738 2 2 1 1 1396 94 3446
2739 2 2 1 1 145 710 3636
2740 2 2 1 1 1481 1479 1482
2741 2 2 1 1 2146 1737 3493
2742 2 2 1 1 272 273 3341
2743 2 2 1 1 2584 2692 3524
2744 2 2 1 1 754 236 3452
2745 2 2 1 1 1431 3426 4242
2746 2 2 1 1 1650 2810 2811
2747 2 2 1 1 3423 3571 4418
2748 2 2 1 1 2394 1925 3489
2749 2 2 1 1 2590 2247 3483
2750 2 2 1 1 1536 1380 2389
2751 2 2 1 1 4117 3790 4128
2752 2 2 1 1 3356 3127 3357
2753 2 2 1 1 2016 2015 3561
2754 2 2 1 1 2245 2247 2590
2755 2 2 1 1 2387 1977 2388
2756 2 2 1 1 1164 1340 1384
2757 2 2 1 1 1183 1314 3506
2758 2 2 1 1 2135 2194 2377
2759 2 2 1 1 4547 3015 4996
2760 2 2 1 1 3560 4385 4406
2761 2 2 1 1 3495 3666 3667
2762 2 2 1 1 1909 1910 3677
2763 2 2 1 1 716 1728 4099
2764 2 2 1 1 2672 2673 2674
2765 2 2 1 1 4242 3426 4261
2766 2 2 1 1 1525 1526 1527
2767 2 2 1 1 1164 1384 3393
2768 2 2 1 1 3512 117 3513
2769 2 2 1 1 2914 2391 2915
2770 2 2 1 1 3470 1805 4470
2771 2 2 1 1 2690 2177 3427
2772 2 2 1 1 1100 4237 4258
2773 2 2 1 1 2932 3001 3022
2774 2 2 1 1 1872 1870 3591
2775 2 2 1 1 2700 3139 3561
2776 2 2 1 1 1270 1070 4214
2777 2 2 1 1 1567 1564 1568
2778 2 2 1 1 2501 3594 3595
2779 2 2 1 1 2288 2586 3521
2780 2 2 1 1 2388 1977 3375
2781 2 2 1 1 2028 2755 4563
2782 2 2 1 1 3682 3683 4192
2783 2 2 1 1 1512 1525 3563
2784 2 2 1 1 1636 1543 1794
2785 2 2 1 1 1098 1012 3539
2786 2 2 1 1 2904 2677 3192
2787 2 2 1 1 940 942 1383
2788 2 2 1 1 1306 1173 3417
2789 2 2 1 1 2865 2535 3548
2790 2 2 1 1 2755 3165 4564
2791 2 2 1 1 117 118 3513
2792 2 2 1 1 149 150 767
2793 2 2 1 1 4563 2755 4564
2794 2 2 1 1 202 203 3508
2795 2 2 1 1 4564 3165 4565
2796 2 2 1 1 2268 1773 2269
2797 2 2 1 1 3253 2388 3255
2798 2 2 1 1 2320 2522 3550
2799 2 2 1 1 3165 3588 4565
2800 2 2 1 1 1111 1112 3568
2801 2 2 1 1 1799 1800 2043
2802 2 2 1 1 1574 1610 3610
2803 2 2 1 1 3666 1135 4278
2804 2 2 1 1 2676 3181 3182
2805 2 2 1 1 1529 1528 1543
2806 2 2 1 1 1261 1380 1381
2807 2 2 1 1 99 100 3364
2808 2 2 1 1 3222 2790 3223
2809 2 2 1 1 1721 1328 1802
2810 2 2 1 1 1714 1771 2191
2811 2 2 1 1 1451 4638 4654
2812 2 2 1 1 3467 3465 3468
2813 2 2 1 1 1478 1477 1479
2814 2 2 1 1 1318 1320 1377
2815 2 2 1 1 2617 2174 4787
2816 2 2 1 1 1314 1316 2107
2817 2 2 1 1 2707 2657 3724
2818 2 2 1 1 2183 2184 2671
2819 2 2 1 1 180 181 3367
2820 2 2 1 1 2675 2676 2677
2821 2 2 1 1 993 1169 3673
2822 2 2 1 1 2043 2044 2587
2823 2 2 1 1 3801 3803 4544
2824 2 2 1 1 187 863 3626
2825 2 2 1 1 942 943 944
2826 2 2 1 1 1773 1379 3478
2827 2 2 1 1 2672 2674 2675
2828 2 2 1 1 1131 1133 1134
2829 2 2 1 1 3350 2724 3351
2830 2 2 1 1 3471 2860 4519
2831 2 2 1 1 1951 1952 2183
2832 2 2 1 1 1314 2107 3506
2833 2 2 1 1 2245 2246 2247
2834 2 2 1 1 2811 3349 3756
2835 2 2 1 1 3422 3421 3424
2836 2 2 1 1 2700 2303 3002
2837 2 2 1 1 4507 2804 4696
2838 2 2 1 1 1884 928 3739
2839 2 2 1 1 1926 2045 2372
2840 2 2 1 1 3778 685 4399
2841 2 2 1 1 2977 3120 3266
2842 2 2 1 1 1477 1474 4415
2843 2 2 1 1 1980 1982 2135
2844 2 2 1 1 1703 2015 2016
2845 2 2 1 1 2675 2678 3749
2846 2 2 1 1 3564 1151 3565
2847 2 2 1 1 1441 1443 1449
2848 2 2 1 1 3636 3637 3638
2849 2 2 1 1 2811 2810 2812
2850 2 2 1 1 4118 2268 4119
2851 2 2 1 1 3640 3638 4876
2852 2 2 1 1 2554 4560 4561
2853 2 2 1 1 2554 3603 4560
2854 2 2 1 1 2018 2016 2019
2855 2 2 1 1 944 965 966
2856 2 2 1 1 2410 2554 4561
2857 2 2 1 1 2183 2671 3619
2858 2 2 1 1 865 791 3590
2859 2 2 1 1 1940 1941 2635
2860 2 2 1 1 2000 2268 4118
2861 2 2 1 1 2512 2541 3287
2862 2 2 1 1 2877 2497 3525
2863 2 2 1 1 2811 2844 3349
2864 2 2 1 1 944 966 1030
2865 2 2 1 1 284 285 3376
2866 2 2 1 1 940 941 942
2867 2 2 1 1 699 1397 3575
2868 2 2 1 1 2672 2675 3749
2869 2 2 1 1 1580 1579 3435
2870 2 2 1 1 1111 1031 1112
2871 2 2 1 1 1721 1802 1951
2872 2 2 1 1 3587 2130 4101
2873 2 2 1 1 2085 2559 4208
2874 2 2 1 1 1025 1024 1026
2875 2 2 1 1 1978 1979 1980
2876 2 2 1 1 1012 967 1091
2877 2 2 1 1 3551 1326 3553
2878 2 2 1 1 235 236 754
2879 2 2 1 1 664 240 3510
2880 2 2 1 1 50 1297 3649
2881 2 2 1 1 3466 3470 3471
2882 2 2 1 1 1345 1690 3617
2883 2 2 1 1 2932 2931 3000
2884 2 2 1 1 1158 3517 3558
2885 2 2 1 1 3575 1397 3576
2886 2 2 1 1 4308 1516 4362
2887 2 2 1 1 2015 1702 2303
2888 2 2 1 1 3418 3363 3419
2889 2 2 1 1 3517 3173 3518
2890 2 2 1 1 3620 1900 3621
2891 2 2 1 1 91 92 709
2892 2 2 1 1 93 94 1396
2893 2 2 1 1 95 96 708
2894 2 2 1 1 942 944 4211
2895 2 2 1 1 2398 2550 3537
2896 2 2 1 1 3607 1876 3608
2897 2 2 1 1 1951 2679 3752
2898 2 2 1 1 4578 2161 4581
2899 2 2 1 1 2534 3684 3738
2900 2 2 1 1 3562 1580 4401
2901 2 2 1 1 1021 1006 4156
2902 2 2 1 1 1030 1031 1111
2903 2 2 1 1 2501 1889 3594
2904 2 2 1 1 1792 3238 4498
2905 2 2 1 1 1721 1951 3752
2906 2 2 1 1 87 88 3409
2907 2 2 1 1 1109 1117 1808
2908 2 2 1 1 1610 1914 3610
2909 2 2 1 1 821 1109 3496
2910 2 2 1 1 1255 3757 4163
2911 2 2 1 1 3449 1073 3450
2912 2 2 1 1 1659 1584 1713
2913 2 2 1 1 1398 238 3455
2914 2 2 1 1 1226 1332 4114
2915 2 2 1 1 1799 1798 1800
2916 2 2 1 1 2930 1651 2931
2917 2 2 1 1 2043 2587 3569
2918 2 2 1 1 4192 3683 4198
2919 2 2 1 1 1892 1894 4432
2920 2 2 1 1 1510 3563 4301
2921 2 2 1 1 200 201 728
2922 2 2 1 1 1618 1723 1724
2923 2 2 1 1 1799 2043 2315
2924 2 2 1 1 237 238 1398
2925 2 2 1 1 3182 3181 3220
2926 2 2 1 1 1473 1475 4207
2927 2 2 1 1 2247 2248 2251
2928 2 2 1 1 1642 2407 4079
2929 2 2 1 1 254 880 3635
2930 2 2 1 1 1574 3611 3647
2931 2 2 1 1 1086 1744 3559
2932 2 2 1 1 1591 1796 1944
2933 2 2 1 1 2689 2288 3521
2934 2 2 1 1 3595 4174 4229
2935 2 2 1 1 1771 1616 3567
2936 2 2 1 1 2116 1137 3666
2937 2 2 1 1 379 1158 3558
2938 2 2 1 1 740 738 3497
2939 2 2 1 1 2897 2257 2979
2940 2 2 1 1 1017 969 1034
2941 2 2 1 1 1914 2852 3610
2942 2 2 1 1 1577 1580 3562
2943 2 2 1 1 1550 1650 3756
2944 2 2 1 1 3475 3222 3700
2945 2 2 1 1 1029 1005 4074
2946 2 2 1 1 2490 3671 3815
2947 2 2 1 1 2814 3044 3412
2948 2 2 1 1 966 1028 3556
2949 2 2 1 1 2392 3334 3559
2950 2 2 1 1 1776 2583 3627
2951 2 2 1 1 2243 2242 2244
2952 2 2 1 1 1024 1022 1301
2953 2 2 1 1 290 1804 3520
2954 2 2 1 1 2251 2288 2689
2955 2 2 1 1 1023 1022 1024
2956 2 2 1 1 3757 3392 4163
2957 2 2 1 1 3051 3213 5162
2958 2 2 1 1 3798 3797 4217
2959 2 2 1 1 2700 3073 3139
2960 2 2 1 1 1328 1326 3551
2961 2 2 1 1 2638 2146 3493
2962 2 2 1 1 1898 1899 1940
2963 2 2 1 1 239 240 664
2964 2 2 1 1 2015 2700 3561
2965 2 2 1 1 147 148 1402
2966 2 2 1 1 1784 1876 3609
2967 2 2 1 1 2956 1111 3568
2968 2 2 1 1 2269 1773 3478
2969 2 2 1 1 1718 2510 3648
2970 2 2 1 1 3794 1103 4311
2971 2 2 1 1 3570 3569 3599
2972 2 2 1 1 118 119 720
2973 2 2 1 1 725 734 3753
2974 2 2 1 1 3614 1084 3615
2975 2 2 1 1 1431 4198 4231
2976 2 2 1 1 2191 2192 3488
2977 2 2 1 1 1804 291 3527
2978 2 2 1 1 1730 1495 1731
2979 2 2 1 1 2362 1784 3609
2980 2 2 1 1 1900 1677 3621
2981 2 2 1 1 1020 3670 4074
2982 2 2 1 1 1304 1306 1307
2983 2 2 1 1 3222 3223 3224
2984 2 2 1 1 1910 1907 3653
2985 2 2 1 1 4120 2897 4121
2986 2 2 1 1 746 744 3661
2987 2 2 1 1 2777 2778 3743
2988 2 2 1 1 1026 1024 3464
2989 2 2 1 1 1604 1602 4271
2990 2 2 1 1 2570 3650 3651
2991 2 2 1 1 3260 3258 3261
2992 2 2 1 1 2891 2892 2896
2993 2 2 1 1 2600 3762 4132
2994 2 2 1 1 3161 4047 4135
2995 2 2 1 1 1806 295 3533
2996 2 2 1 1 294 1806 3534
2997 2 2 1 1 2587 2044 3604
2998 2 2 1 1 3162 2777 3743
2999 2 2 1 1 13 373 3600
3000 2 2 1 1 373 1157 3600
3001 2 2 1 1 499 1160 3601
3002 2 2 1 1 34 499 3601
3003 2 2 1 1 4217 3797 4237
3004 2 2 1 1 1625 1290 3650
3005 2 2 1 1 2672 2184 2673
3006 2 2 1 1 881 830 4239
3007 2 2 1 1 233 234 3441
3008 2 2 1 1 30 475 3602
3009 2 2 1 1 475 1051 3602
3010 2 2 1 1 301 3628 3629
3011 2 2 1 1 1174 1618 3705
3012 2 2 1 1 48 583 3646
3013 2 2 1 1 583 1159 3646
3014 2 2 1 1 1497 1755 1756
3015 2 2 1 1 738 736 1521
3016 2 2 1 1 3807 1074 3808
3017 2 2 1 1 1870 1874 3591
3018 2 2 1 1 1384 1340 1385
3019 2 2 1 1 267 268 1393
3020 2 2 1 1 729 3633 3634
3021 2 2 1 1 1311 1345 3617
3022 2 2 1 1 3256 2388 3375
3023 2 2 1 1 3299 2136 4669
3024 2 2 1 1 1914 2589 2852
3025 2 2 1 1 720 119 3592
3026 2 2 1 1 874 3659 3713
3027 2 2 1 1 3671 1957 3815
3028 2 2 1 1 2676 2674 3181
3029 2 2 1 1 3569 2587 3599
3030 2 2 1 1 4095 2582 4096
3031 2 2 1 1 2663 2191 3488
3032 2 2 1 1 1485 1494 1497
3033 2 2 1 1 2257 2102 3487
3034 2 2 1 1 2043 1800 2044
3035 2 2 1 1 96 97 3503
3036 2 2 1 1 1810 770 3661
3037 2 2 1 1 3262 3261 3263
3038 2 2 1 1 2583 3537 3538
3039 2 2 1 1 2991 1902 3620
3040 2 2 1 1 1112 1394 1395
3041 2 2 1 1 3498 1521 3499
3042 2 2 1 1 2251 2252 2288
3043 2 2 1 1 1380 1088 3444
3044 2 2 1 1 748 303 3541
3045 2 2 1 1 1744 1745 2121
3046 2 2 1 1 1466 1464 1740
3047 2 2 1 1 966 965 1028
3048 2 2 1 1 944 943 965
3049 2 2 1 1 942 941 943
3050 2 2 1 1 3326 4409 4445
3051 2 2 1 1 1395 1538 1539
3052 2 2 1 1 1399 246 3545
3053 2 2 1 1 245 1399 3546
3054 2 2 1 1 136 1401 3547
3055 2 2 1 1 1297 1683 3649
3056 2 2 1 1 3710 4159 4297
3057 2 2 1 1 742 1084 3614
3058 2 2 1 1 1070 45 4214
3059 2 2 1 1 3497 1521 3498
3060 2 2 1 1 1756 2062 2063
3061 2 2 1 1 3799 3801 4567
3062 2 2 1 1 2392 2881 3334
3063 2 2 1 1 1536 2724 3350
3064 2 2 1 1 1776 2398 2583
3065 2 2 1 1 2524 3694 3695
3066 2 2 1 1 2147 2146 2507
3067 2 2 1 1 1512 1524 1525
3068 2 2 1 1 3684 2534 4231
3069 2 2 1 1 1539 1538 1776
3070 2 2 1 1 1527 1526 1528
3071 2 2 1 1 874 783 3657
3072 2 2 1 1 290 291 1804
3073 2 2 1 1 1539 1776 3627
3074 2 2 1 1 2044 2656 3604
3075 2 2 1 1 2657 3273 3724
3076 2 2 1 1 906 835 3669
3077 2 2 1 1 251 729 3557
3078 2 2 1 1 3465 1301 3466
3079 2 2 1 1 1023 1024 1025
3080 2 2 1 1 1286 2758 4135
3081 2 2 1 1 1952 1802 2393
3082 2 2 1 1 1907 1891 3653
3083 2 2 1 1 2318 2320 3550
3084 2 2 1 1 3429 3430 4451
3085 2 2 1 1 1944 1945 2763
3086 2 2 1 1 1589 4329 4353
3087 2 2 1 1 2245 2244 2246
3088 2 2 1 1 2931 1651 4153
3089 2 2 1 1 288 289 795
3090 2 2 1 1 2536 2535 2865
3091 2 2 1 1 798 3674 3675
3092 2 2 1 1 2484 1620 3691
3093 2 2 1 1 713 185 3625
3094 2 2 1 1 1902 1900 3620
3095 2 2 1 1 249 1807 3555
3096 2 2 1 1 1896 1897 1898
3097 2 2 1 1 995 993 3673
3098 2 2 1 1 89 90 3500
3099 2 2 1 1 786 874 3713
3100 2 2 1 1 1254 1252 1255
3101 2 2 1 1 241 242 1613
3102 2 2 1 1 2750 3618 3765
3103 2 2 1 1 294 295 1806
3104 2 2 1 1 1112 1031 1394
3105 2 2 1 1 1566 1570 3647
3106 2 2 1 1 1071 3798 4217
3107 2 2 1 1 2814 2815 2998
3108 2 2 1 1 835 824 3669
3109 2 2 1 1 1117 1118 1119
3110 2 2 1 1 2403 3617 4126
3111 2 2 1 1 869 867 1293
3112 2 2 1 1 4059 1416 4063
3113 2 2 1 1 1476 1474 1477
3114 2 2 1 1 2868 2866 2886
3115 2 2 1 1 1903 1625 3650
3116 2 2 1 1 2535 1769 4320
3117 2 2 1 1 1250 857 2402
3118 2 2 1 1 301 302 3628
3119 2 2 1 1 869 1293 2131
3120 2 2 1 1 1119 1121 1680
3121 2 2 1 1 2664 4388 4462
3122 2 2 1 1 2812 2813 2814
3123 2 2 1 1 2288 2584 2586
3124 2 2 1 1 1483 1482 3536
3125 2 2 1 1 1119 1120 1121
3126 2 2 1 1 3224 3223 3225
3127 2 2 1 1 1256 1255 1257
3128 2 2 1 1 2312 2314 3760
3129 2 2 1 1 2597 1111 2956
3130 2 2 1 1 3684 3679 3738
3131 2 2 1 1 3576 3579 3686
3132 2 2 1 1 2085 2087 2559
3133 2 2 1 1 3596 2579 3597
3134 2 2 1 1 3659 3711 3713
3135 2 2 1 1 1109 1110 1117
3136 2 2 1 1 3812 2465 4059
3137 2 2 1 1 1395 1394 1538
3138 2 2 1 1 1681 948 4172
3139 2 2 1 1 866 865 867
3140 2 2 1 1 2320 2321 2322
3141 2 2 1 1 1006 1456 4156
3142 2 2 1 1 1112 1395 2287
3143 2 2 1 1 3622 2403 3624
3144 2 2 1 1 738 1521 3497
3145 2 2 1 1 1332 1546 4114
3146 2 2 1 1 891 1016 4043
3147 2 2 1 1 298 299 3632
3148 2 2 1 1 2570 1903 3650
3149 2 2 1 1 2247 2246 2248
3150 2 2 1 1 2522 2322 2523
3151 2 2 1 1 184 185 713
3152 2 2 1 1 2407 3663 4079
3153 2 2 1 1 1744 2392 3559
3154 2 2 1 1 144 145 3636
3155 2 2 1 1 2583 2398 3537
3156 2 2 1 1 874 3657 3658
3157 2 2 1 1 3153 3805 3806
3158 2 2 1 1 3945 670 4281
3159 2 2 1 1 1426 4117 4128
3160 2 2 1 1 3682 3681 3683
3161 2 2 1 1 2515 2227 2516
3162 2 2 1 1 1272 2725 3685
3163 2 2 1 1 92 93 3445
3164 2 2 1 1 94 95 3446
3165 2 2 1 1 302 303 748
3166 2 2 1 1 2258 2257 2897
3167 2 2 1 1 201 202 3509
3168 2 2 1 1 955 3723 4102
3169 2 2 1 1 2225 2226 2227
3170 2 2 1 1 304 305 1400
3171 2 2 1 1 299 300 800
3172 2 2 1 1 2320 2322 2522
3173 2 2 1 1 247 248 766
3174 2 2 1 1 2510 2511 2512
3175 2 2 1 1 3696 1064 3697
3176 2 2 1 1 3721 4122 4216
3177 2 2 1 1 1894 1895 1896
3178 2 2 1 1 245 246 1399
3179 2 2 1 1 251 252 729
3180 2 2 1 1 136 137 1401
3181 2 2 1 1 145 146 710
3182 2 2 1 1 306 307 712
3183 2 2 1 1 139 140 684
3184 2 2 1 1 142 143 799
3185 2 2 1 1 134 135 711
3186 2 2 1 1 292 293 663
3187 2 2 1 1 296 297 679
3188 2 2 1 1 243 244 676
3189 2 2 1 1 868 867 869
3190 2 2 1 1 3616 3615 4367
3191 2 2 1 1 1563 1560 1564
3192 2 2 1 1 2678 2677 2904
3193 2 2 1 1 1121 1122 1633
3194 2 2 1 1 236 237 3452
3195 2 2 1 1 1747 1942 2130
3196 2 2 1 1 955 3722 3723
3197 2 2 1 1 1933 2403 3622
3198 2 2 1 1 1254 1255 1256
3199 2 2 1 1 1086 1168 1744
3200 2 2 1 1 2225 2227 2515
3201 2 2 1 1 1488 1480 3692
3202 2 2 1 1 729 252 3633
3203 2 2 1 1 2017 2016 2018
3204 2 2 1 1 2370 2018 2582
3205 2 2 1 1 2372 2045 2767
3206 2 2 1 1 148 149 3439
3207 2 2 1 1 1570 1574 3647
3208 2 2 1 1 1618 1724 4250
3209 2 2 1 1 2633 3664 3665
3210 2 2 1 1 3148 2525 3695
3211 2 2 1 1 1949 2598 3767
3212 2 2 1 1 1470 1468 1498
3213 2 2 1 1 665 3682 4192
3214 2 2 1 1 3655 2038 3741
3215 2 2 1 1 3522 2586 3523
3216 2 2 1 1 3225 3223 3476
3217 2 2 1 1 3592 120 3593
3218 2 2 1 1 3044 2998 4142
3219 2 2 1 1 4198 3683 4231
3220 2 2 1 1 3575 3576 3686
3221 2 2 1 1 742 740 1084
3222 2 2 1 1 1693 1925 2394
3223 2 2 1 1 2853 2131 3017
3224 2 2 1 1 837 791 865
3225 2 2 1 1 1620 1493 3691
3226 2 2 1 1 1292 1137 2116
3227 2 2 1 1 820 818 4086
3228 2 2 1 1 1926 1694 2045
3229 2 2 1 1 3691 1493 3692
3230 2 2 1 1 2318 2319 2320
3231 2 2 1 1 2178 2177 2690
3232 2 2 1 1 1954 1902 2991
3233 2 2 1 1 1683 1905 2899
3234 2 2 1 1 952 946 3722
3235 2 2 1 1 819 3496 4279
3236 2 2 1 1 1329 1328 1721
3237 2 2 1 1 1975 1977 2387
3238 2 2 1 1 3138 2007 3821
3239 2 2 1 1 120 121 3593
3240 2 2 1 1 1912 1909 3677
3241 2 2 1 1 1327 1326 1328
3242 2 2 1 1 2320 2319 2321
3243 2 2 1 1 2685 2187 2942
3244 2 2 1 1 2633 3663 3664
3245 2 2 1 1 3790 2496 4128
3246 2 2 1 1 1020 1080 3670
3247 2 2 1 1 2007 1709 4112
3248 2 2 1 1 1679 1513 3652
3249 2 2 1 1 3614 3615 3616
3250 2 2 1 1 2223 2224 2225
3251 2 2 1 1 249 250 1807
3252 2 2 1 1 783 777 3657
3253 2 2 1 1 938 939 940
3254 2 2 1 1 1683 2899 3649
3255 2 2 1 1 2249 2600 4132
3256 2 2 1 1 1503 1718 3648
3257 2 2 1 1 3651 4205 4241
3258 2 2 1 1 2512 2513 2541
3259 2 2 1 1 2196 1903 2570
3260 2 2 1 1 2588 2491 3755
3261 2 2 1 1 1493 1488 3692
3262 2 2 1 1 2225 2224 2226
3263 2 2 1 1 3010 2931 4153
3264 2 2 1 1 2706 2707 3146
3265 2 2 1 1 3077 3001 4517
3266 2 2 1 1 920 922 4143
3267 2 2 1 1 2791 2792 3280
3268 2 2 1 1 1345 1344 1642
3269 2 2 1 1 819 821 3496
3270 2 2 1 1 197 797 3672
3271 2 2 1 1 1905 2579 3596
3272 2 2 1 1 2497 1843 4220
3273 2 2 1 1 3224 3225 3226
3274 2 2 1 1 1311 1344 1345
3275 2 2 1 1 3221 2790 3222
3276 2 2 1 1 955 952 3722
3277 2 2 1 1 3680 3679 3681
3278 2 2 1 1 2979 2257 3487
3279 2 2 1 1 2182 2102 2257
3280 2 2 1 1 2656 2657 2706
3281 2 2 1 1 307 308 3481
3282 2 2 1 1 2251 2248 2252
3283 2 2 1 1 821 823 1109
3284 2 2 1 1 2134 1170 4472
3285 2 2 1 1 1124 1126 1127
3286 2 2 1 1 1400 305 3544
3287 2 2 1 1 4498 3238 4880
3288 2 2 1 1 3361 3347 3362
3289 2 2 1 1 3479 3478 3654
3290 2 2 1 1 2633 3665 3688
3291 2 2 1 1 3625 186 3626
3292 2 2 1 1 240 241 3510
3293 2 2 1 1 798 122 3674
3294 2 2 1 1 744 742 3614
3295 2 2 1 1 1643 1642 4079
3296 2 2 1 1 3589 865 3590
3297 2 2 1 1 2044 2386 2656
3298 2 2 1 1 2232 2591 3058
3299 2 2 1 1 289 290 3520
3300 2 2 1 1 2370 2582 4095
3301 2 2 1 1 3226 3225 3229
3302 2 2 1 1 1464 1461 4090
3303 2 2 1 1 2144 1737 2146
3304 2 2 1 1 3466 3469 3470
3305 2 2 1 1 1892 1893 1894
3306 2 2 1 1 4868 3246 4890
3307 2 2 1 1 985 1272 3685
3308 2 2 1 1 1677 1513 1679
3309 2 2 1 1 1513 1191 3652
3310 2 2 1 1 2525 2524 3695
3311 2 2 1 1 1252 1250 3757
3312 2 2 1 1 874 3658 3659
3313 2 2 1 1 1718 2189 2510
3314 2 2 1 1 2261 2131 2853
3315 2 2 1 1 699 703 1397
3316 2 2 1 1 1256 1257 1310
3317 2 2 1 1 2510 2512 4308
3318 2 2 1 1 1310 1257 1311
3319 2 2 1 1 1121 1120 1122
3320 2 2 1 1 1119 1118 1120
3321 2 2 1 1 3743 2778 3744
3322 2 2 1 1 725 733 734
3323 2 2 1 1 928 930 3739
3324 2 2 1 1 116 117 3512
3325 2 2 1 1 2387 2388 3253
3326 2 2 1 1 3091 3089 3092
3327 2 2 1 1 1385 1751 4153
3328 2 2 1 1 3678 3679 3680
3329 2 2 1 1 1311 1257 1344
3330 2 2 1 1 3780 3782 3783
3331 2 2 1 1 1674 1889 2501
3332 2 2 1 1 953 1165 3728
3333 2 2 1 1 1933 1707 2403
3334 2 2 1 1 4269 3556 4305
3335 2 2 1 1 946 3720 3722
3336 2 2 1 1 2288 2252 2584
3337 2 2 1 1 1889 2127 3594
3338 2 2 1 1 2187 1912 3677
3339 2 2 1 1 2098 1992 2961
3340 2 2 1 1 697 699 3575
3341 2 2 1 1 1117 1110 1118
3342 2 2 1 1 867 865 3589
3343 2 2 1 1 291 292 3527
3344 2 2 1 1 857 724 4099
3345 2 2 1 1 1103 3794 4329
3346 2 2 1 1 2598 1933 3622
3347 2 2 1 1 3789 3788 4072
3348 2 2 1 1 295 296 3533
3349 2 2 1 1 293 294 3534
3350 2 2 1 1 300 301 3629
3351 2 2 1 1 2899 1905 3596
3352 2 2 1 1 1815 2818 3670
3353 2 2 1 1 1923 2292 3678
3354 2 2 1 1 2679 2183 3619
3355 2 2 1 1 2881 4400 4474
3356 2 2 1 1 866 867 868
3357 2 2 1 1 1301 1022 3469
3358 2 2 1 1 303 304 3541
3359 2 2 1 1 1108 1174 3705
3360 2 2 1 1 246 247 3545
3361 2 2 1 1 1930 2209 4265
3362 2 2 1 1 244 245 3546
3363 2 2 1 1 135 136 3547
3364 2 2 1 1 3131 3789 4072
3365 2 2 1 1 2803 2063 3707
3366 2 2 1 1 968 3716 3717
3367 2 2 1 1 739 738 740
3368 2 2 1 1 2523 2524 2525
3369 2 2 1 1 2552 2580 3014
3370 2 2 1 1 2232 3058 3059
3371 2 2 1 1 778 777 783
3372 2 2 1 1 2000 1773 2268
3373 2 2 1 1 138 4832 4834
3374 2 2 1 1 2258 2897 4120
3375 2 2 1 1 3176 3175 4057
3376 2 2 1 1 771 770 777
3377 2 2 1 1 248 249 3555
3378 2 2 1 1 1501 1499 4166
3379 2 2 1 1 3224 3226 3227
3380 2 2 1 1 2516 2517 2518
3381 2 2 1 1 959 1019 2114
3382 2 2 1 1 3678 2292 3679
3383 2 2 1 1 778 783 784
3384 2 2 1 1 771 777 778
3385 2 2 1 1 3357 3127 3358
3386 2 2 1 1 2127 2859 2861
3387 2 2 1 1 1874 2092 2232
3388 2 2 1 1 2598 3622 3623
3389 2 2 1 1 759 770 771
3390 2 2 1 1 2314 2945 3129
3391 2 2 1 1 1430 4276 4294
3392 2 2 1 1 1384 2608 3393
3393 2 2 1 1 3633 253 3635
3394 2 2 1 1 968 3717 3718
3395 2 2 1 1 3727 3728 3729
3396 2 2 1 1 1345 1642 1643
3397 2 2 1 1 3227 3226 3228
3398 2 2 1 1 1727 1722 2177
3399 2 2 1 1 784 783 786
3400 2 2 1 1 693 16 3764
3401 2 2 1 1 1955 1912 2187
3402 2 2 1 1 1568 1564 4325
3403 2 2 1 1 186 187 3626
3404 2 2 1 1 2861 2859 2862
3405 2 2 1 1 940 939 941
3406 2 2 1 1 2485 2484 2849
3407 2 2 1 1 2391 1771 3567
3408 2 2 1 1 3345 3344 3346
3409 2 2 1 1 1476 1477 1478
3410 2 2 1 1 1080 1267 3670
3411 2 2 1 1 1908 1911 4177
3412 2 2 1 1 741 740 742
3413 2 2 1 1 1481 1482 1483
3414 2 2 1 1 1404 3113 4881
3415 2 2 1 1 824 820 4086
3416 2 2 1 1 2407 2807 2808
3417 2 2 1 1 4307 1585 4325
3418 2 2 1 1 250 251 3557
3419 2 2 1 1 3639 3638 3640
3420 2 2 1 1 2523 2525 2526
3421 2 2 1 1 1016 1108 4043
3422 2 2 1 1 1325 1190 1326
3423 2 2 1 1 144 3636 3639
3424 2 2 1 1 1310 1311 1707
3425 2 2 1 1 929 927 4186
3426 2 2 1 1 935 937 938
3427 2 2 1 1 946 884 3720
3428 2 2 1 1 2526 2544 3793
3429 2 2 1 1 2758 3486 4135
3430 2 2 1 1 703 725 3753
3431 2 2 1 1 3256 3375 4223
3432 2 2 1 1 3793 2544 3794
3433 2 2 1 1 2293 2296 3738
3434 2 2 1 1 759 746 770
3435 2 2 1 1 784 787 3676
3436 2 2 1 1 2667 2497 2877
3437 2 2 1 1 253 254 3635
3438 2 2 1 1 3577 1397 3753
3439 2 2 1 1 2149 1769 2535
3440 2 2 1 1 997 995 1805
3441 2 2 1 1 3226 3229 3820
3442 2 2 1 1 744 3614 3661
3443 2 2 1 1 1909 1907 1910
3444 2 2 1 1 765 774 3706
3445 2 2 1 1 786 783 874
3446 2 2 1 1 2490 2588 3671
3447 2 2 1 1 3728 1165 3729
3448 2 2 1 1 3396 4269 4305
3449 2 2 1 1 951 953 3728
3450 2 2 1 1 185 186 3625
3451 2 2 1 1 743 742 744
3452 2 2 1 1 2849 2484 4247
3453 2 2 1 1 2363 1781 3770
3454 2 2 1 1 1137 1135 3666
3455 2 2 1 1 3087 2989 3088
3456 2 2 1 1 3059 3058 3124
3457 2 2 1 1 1707 1311 3617
3458 2 2 1 1 968 860 3716
3459 2 2 1 1 2879 2121 2880
3460 2 2 1 1 3010 4153 4154
3461 2 2 1 1 3779 1607 3780
3462 2 2 1 1 777 1810 3657
3463 2 2 1 1 1874 2232 3591
3464 2 2 1 1 3681 3679 3684
3465 2 2 1 1 1642 2051 2407
3466 2 2 1 1 4088 782 4109
3467 2 2 1 1 1267 1654 1815
3468 2 2 1 1 2127 2861 3594
3469 2 2 1 1 3586 3577 3753
3470 2 2 1 1 1963 2285 2717
3471 2 2 1 1 1108 3705 4043
3472 2 2 1 1 1175 3765 4042
3473 2 2 1 1 1815 1816 1817
3474 2 2 1 1 745 744 746
3475 2 2 1 1 1798 1306 3417
3476 2 2 1 1 2503 1949 3767
3477 2 2 1 1 1949 1933 2598
3478 2 2 1 1 784 786 787
3479 2 2 1 1 2597 2956 3330
3480 2 2 1 1 3653 1891 3702
3481 2 2 1 1 1600 1669 3774
3482 2 2 1 1 2296 2534 3738
3483 2 2 1 1 837 865 866
3484 2 2 1 1 1359 1358 3740
3485 2 2 1 1 197 198 797
3486 2 2 1 1 2523 2526 3793
3487 2 2 1 1 1591 1490 1796
3488 2 2 1 1 773 761 2498
3489 2 2 1 1 3657 1810 3660
3490 2 2 1 1 1700 1360 4053
3491 2 2 1 1 752 746 759
3492 2 2 1 1 1781 1657 3770
3493 2 2 1 1 2113 2000 4118
3494 2 2 1 1 3669 824 4086
3495 2 2 1 1 1974 2048 3662
3496 2 2 1 1 3565 1151 3566
3497 2 2 1 1 2526 2525 2527
3498 2 2 1 1 2482 3704 3824
3499 2 2 1 1 913 911 3765
3500 2 2 1 1 1267 1815 3670
3501 2 2 1 1 2491 2698 3755
3502 2 2 1 1 915 2757 4178
3503 2 2 1 1 1815 1817 2818
3504 2 2 1 1 2901 3730 3809
3505 2 2 1 1 2550 2551 2552
3506 2 2 1 1 2403 1707 3617
3507 2 2 1 1 2008 2009 2217
3508 2 2 1 1 3655 3741 3742
3509 2 2 1 1 1817 1923 3678
3510 2 2 1 1 121 122 798
3511 2 2 1 1 3704 3158 3824
3512 2 2 1 1 1293 867 3589
3513 2 2 1 1 3039 2256 3041
3514 2 2 1 1 1030 1111 2597
3515 2 2 1 1 119 120 3592
3516 2 2 1 1 911 2750 3765
3517 2 2 1 1 3780 3781 3782
3518 2 2 1 1 1984 1620 2484
3519 2 2 1 1 1709 1692 1752
3520 2 2 1 1 785 784 3676
3521 2 2 1 1 1752 1988 2301
3522 2 2 1 1 2523 2322 2524
3523 2 2 1 1 1253 1252 1254
3524 2 2 1 1 2301 2633 3688
3525 2 2 1 1 787 786 788
3526 2 2 1 1 985 1082 1272
3527 2 2 1 1 1805 995 3673
3528 2 2 1 1 1690 1643 1691
3529 2 2 1 1 265 266 753
3530 2 2 1 1 2516 2227 2517
3531 2 2 1 1 2973 2213 2974
3532 2 2 1 1 1708 1707 1933
3533 2 2 1 1 2177 1722 3752
3534 2 2 1 1 1174 1617 1618
3535 2 2 1 1 1579 1602 1604
3536 2 2 1 1 2818 1817 3678
3537 2 2 1 1 3821 2007 4112
3538 2 2 1 1 1858 2255 3731
3539 2 2 1 1 2516 2518 2519
3540 2 2 1 1 1724 1723 1973
3541 2 2 1 1 2671 2672 3749
3542 2 2 1 1 3285 3764 4619
3543 2 2 1 1 2256 1700 4053
3544 2 2 1 1 1691 1692 1709
3545 2 2 1 1 2974 2213 4173
3546 2 2 1 1 695 697 701
3547 2 2 1 1 788 786 3713
3548 2 2 1 1 3479 3654 4386
3549 2 2 1 1 2559 2087 3668
3550 2 2 1 1 2586 2584 3524
3551 2 2 1 1 1691 1643 1692
3552 2 2 1 1 2498 761 3766
3553 2 2 1 1 1405 756 3706
3554 2 2 1 1 3765 3618 4042
3555 2 2 1 1 2398 2549 2550
3556 2 2 1 1 1766 1379 1773
3557 2 2 1 1 930 932 934
3558 2 2 1 1 1525 1524 1526
3559 2 2 1 1 2017 2018 2370
3560 2 2 1 1 1478 1479 1481
3561 2 2 1 1 1650 2809 2810
3562 2 2 1 1 3708 1406 3709
3563 2 2 1 1 3261 3258 4223
3564 2 2 1 1 1868 1870 1872
3565 2 2 1 1 1940 1899 1941
3566 2 2 1 1 1316 1317 1318
3567 2 2 1 1 860 841 3716
3568 2 2 1 1 2818 3678 3680
3569 2 2 1 1 1320 1321 1608
3570 2 2 1 1 2301 1988 2633
3571 2 2 1 1 2175 2618 4802
3572 2 2 1 1 2698 3142 3143
3573 2 2 1 1 2635 1941 4140
3574 2 2 1 1 2505 2503 2637
3575 2 2 1 1 1318 1319 1320
3576 2 2 1 1 1815 1654 1816
3577 2 2 1 1 3227 3228 3230
3578 2 2 1 1 1650 2811 3756
3579 2 2 1 1 1600 1657 1669
3580 2 2 1 1 252 253 3633
3581 2 2 1 1 925 928 1884
3582 2 2 1 1 777 770 1810
3583 2 2 1 1 1403 196 3672
3584 2 2 1 1 922 925 4143
3585 2 2 1 1 826 788 827
3586 2 2 1 1 4102 3723 4149
3587 2 2 1 1 787 788 826
3588 2 2 1 1 1358 1656 3740
3589 2 2 1 1 930 934 3739
3590 2 2 1 1 1730 1731 2008
3591 2 2 1 1 2314 3129 3760
3592 2 2 1 1 1669 1913 3774
3593 2 2 1 1 1752 1692 1988
3594 2 2 1 1 862 835 906
3595 2 2 1 1 1703 2016 2017
3596 2 2 1 1 3708 3709 3710
3597 2 2 1 1 1776 2397 2398
3598 2 2 1 1 2527 2525 3148
3599 2 2 1 1 827 1406 3708
3600 2 2 1 1 3450 1073 3451
3601 2 2 1 1 2522 2523 3793
3602 2 2 1 1 1502 1696 1892
3603 2 2 1 1 2760 2113 3011
3604 2 2 1 1 3730 1165 3809
3605 2 2 1 1 869 2131 2261
3606 2 2 1 1 2698 3143 3755
3607 2 2 1 1 1656 2038 3740
3608 2 2 1 1 4122 1878 4216
3609 2 2 1 1 1191 1021 4156
3610 2 2 1 1 2232 2092 2591
3611 2 2 1 1 1510 1512 3563
3612 2 2 1 1 1559 1561 4222
3613 2 2 1 1 123 1404 3674
3614 2 2 1 1 1345 1643 1690
3615 2 2 1 1 1251 1250 1252
3616 2 2 1 1 2818 3680 4074
3617 2 2 1 1 863 188 3750
3618 2 2 1 1 826 827 840
3619 2 2 1 1 2292 2293 3738
3620 2 2 1 1 2520 2518 3149
3621 2 2 1 1 2302 2301 2612
3622 2 2 1 1 2637 2503 3767
3623 2 2 1 1 2490 2491 2588
3624 2 2 1 1 869 2261 3656
3625 2 2 1 1 1001 913 1175
3626 2 2 1 1 2861 2862 3778
3627 2 2 1 1 1109 823 1110
3628 2 2 1 1 3788 1734 4072
3629 2 2 1 1 1655 2490 3815
3630 2 2 1 1 2389 1380 3444
3631 2 2 1 1 670 4261 4281
3632 2 2 1 1 840 827 841
3633 2 2 1 1 2127 2858 2859
3634 2 2 1 1 3550 2522 4311
3635 2 2 1 1 2340 194 3737
3636 2 2 1 1 131 864 3751
3637 2 2 1 1 1954 2991 2992
3638 2 2 1 1 884 968 3720
3639 2 2 1 1 840 841 859
3640 2 2 1 1 3617 1690 4126
3641 2 2 1 1 778 784 785
3642 2 2 1 1 750 756 1405
3643 2 2 1 1 2097 1989 2962
3644 2 2 1 1 756 765 3706
3645 2 2 1 1 1710 1709 2007
3646 2 2 1 1 745 746 752
3647 2 2 1 1 3725 951 3728
3648 2 2 1 1 2692 3007 3008
3649 2 2 1 1 3679 2292 3738
3650 2 2 1 1 945 951 3725
3651 2 2 1 1 2669 2994 4175
3652 2 2 1 1 1752 2301 2302
3653 2 2 1 1 3718 3717 3719
3654 2 2 1 1 868 869 3656
3655 2 2 1 1 1991 3191 4133
3656 2 2 1 1 1656 1793 2038
3657 2 2 1 1 2519 2518 2520
3658 2 2 1 1 1272 1273 1599
3659 2 2 1 1 3576 1397 3577
3660 2 2 1 1 3221 3222 3475
3661 2 2 1 1 1075 3813 3814
3662 2 2 1 1 1944 1796 1945
3663 2 2 1 1 1674 2501 4181
3664 2 2 1 1 734 733 749
3665 2 2 1 1 2196 2570 2571
3666 2 2 1 1 743 744 745
3667 2 2 1 1 2261 2853 2996
3668 2 2 1 1 2561 2081 4545
3669 2 2 1 1 3614 3616 3661
3670 2 2 1 1 1314 1315 1316
3671 2 2 1 1 1266 2132 3754
3672 2 2 1 1 1690 4094 4126
3673 2 2 1 1 993 991 1169
3674 2 2 1 1 2520 3149 3184
3675 2 2 1 1 1642 1344 2051
3676 2 2 1 1 2526 2527 2528
3677 2 2 1 1 3059 3124 3125
3678 2 2 1 1 2819 3813 3931
3679 2 2 1 1 1817 1922 1923
3680 2 2 1 1 1084 3497 4391
3681 2 2 1 1 1923 2291 2292
3682 2 2 1 1 3729 1165 3730
3683 2 2 1 1 3716 3710 3717
3684 2 2 1 1 827 788 1406
3685 2 2 1 1 2524 3693 3694
3686 2 2 1 1 2725 1599 2726
3687 2 2 1 1 1544 1331 2138
3688 2 2 1 1 3813 1075 3931
3689 2 2 1 1 196 197 3672
3690 2 2 1 1 3231 3230 3242
3691 2 2 1 1 1385 1750 1751
3692 2 2 1 1 2296 2297 2532
3693 2 2 1 1 3476 1433 4336
3694 2 2 1 1 2612 2301 3688
3695 2 2 1 1 3230 3228 3232
3696 2 2 1 1 1669 1781 1882
3697 2 2 1 1 734 749 750
3698 2 2 1 1 2292 2291 2293
3699 2 2 1 1 1817 1816 1922
3700 2 2 1 1 1450 1175 4042
3701 2 2 1 1 2808 2807 3285
3702 2 2 1 1 1487 1503 4207
3703 2 2 1 1 1599 1273 1600
3704 2 2 1 1 2255 3758 3759
3705 2 2 1 1 3697 1064 3698
3706 2 2 1 1 3227 3230 3231
3707 2 2 1 1 1669 1657 1781
3708 2 2 1 1 3787 2819 4036
3709 2 2 1 1 2328 2007 3138
3710 2 2 1 1 2254 1843 2497
3711 2 2 1 1 1991 2805 3191
3712 2 2 1 1 3041 4053 4054
3713 2 2 1 1 122 123 3674
3714 2 2 1 1 741 742 743
3715 2 2 1 1 1728 693 3764
3716 2 2 1 1 2819 3931 4036
3717 2 2 1 1 2534 2532 3426
3718 2 2 1 1 859 860 883
3719 2 2 1 1 909 985 3685
3720 2 2 1 1 1575 1576 1577
3721 2 2 1 1 1599 1600 3774
3722 2 2 1 1 859 841 860
3723 2 2 1 1 2834 4088 4109
3724 2 2 1 1 1690 1691 4094
3725 2 2 1 1 3780 1607 3781
3726 2 2 1 1 3232 3233 3234
3727 2 2 1 1 989 1673 4158
3728 2 2 1 1 2302 2612 2613
3729 2 2 1 1 1175 913 3765
3730 2 2 1 1 1467 1466 1468
3731 2 2 1 1 1265 982 3772
3732 2 2 1 1 1710 2007 2328
3733 2 2 1 1 2713 2613 2714
3734 2 2 1 1 1691 1709 1710
3735 2 2 1 1 2293 2295 2296
3736 2 2 1 1 962 945 3725
3737 2 2 1 1 1864 1866 2216
3738 2 2 1 1 725 726 733
3739 2 2 1 1 841 827 3708
3740 2 2 1 1 2532 2297 2533
3741 2 2 1 1 1889 2126 2127
3742 2 2 1 1 1734 1376 4092
3743 2 2 1 1 1709 1752 4112
3744 2 2 1 1 1255 1252 3757
3745 2 2 1 1 2778 2451 4148
3746 2 2 1 1 1905 2578 2579
3747 2 2 1 1 883 884 945
3748 2 2 1 1 883 945 962
3749 2 2 1 1 750 749 755
3750 2 2 1 1 1272 1599 2725
3751 2 2 1 1 3744 2778 3745
3752 2 2 1 1 2296 2295 2297
3753 2 2 1 1 1882 2040 3771
3754 2 2 1 1 1882 1781 2039
3755 2 2 1 1 3819 1100 4258
3756 2 2 1 1 968 3718 3720
3757 2 2 1 1 2528 2527 2529
3758 2 2 1 1 1858 1860 2255
3759 2 2 1 1 2074 2819 3787
3760 2 2 1 1 1009 999 1013
3761 2 2 1 1 1550 1552 1650
3762 2 2 1 1 3263 3406 4360
3763 2 2 1 1 1744 1168 1745
3764 2 2 1 1 841 3708 3716
3765 2 2 1 1 756 755 764
3766 2 2 1 1 4159 1883 4297
3767 2 2 1 1 945 946 951
3768 2 2 1 1 765 764 768
3769 2 2 1 1 880 255 3779
3770 2 2 1 1 3720 3718 3721
3771 2 2 1 1 3708 3710 3716
3772 2 2 1 1 765 769 774
3773 2 2 1 1 3041 2256 4053
3774 2 2 1 1 2713 2714 3133
3775 2 2 1 1 826 840 858
3776 2 2 1 1 3709 3711 3712
3777 2 2 1 1 3076 2014 4327
3778 2 2 1 1 2249 2312 2600
3779 2 2 1 1 257 258 3784
3780 2 2 1 1 1923 2290 2291
3781 2 2 1 1 3227 3231 3700
3782 2 2 1 1 1655 1969 2490
3783 2 2 1 1 750 755 756
3784 2 2 1 1 1364 2074 3787
3785 2 2 1 1 3683 3681 3684
3786 2 2 1 1 1798 3417 4199
3787 2 2 1 1 195 1403 3737
3788 2 2 1 1 3133 2714 3134
3789 2 2 1 1 3726 3725 3727
3790 2 2 1 1 951 952 953
3791 2 2 1 1 1272 1082 1273
3792 2 2 1 1 1165 956 3809
3793 2 2 1 1 1176 1175 1450
3794 2 2 1 1 1567 1568 1571
3795 2 2 1 1 756 764 765
3796 2 2 1 1 765 768 769
3797 2 2 1 1 187 188 863
3798 2 2 1 1 2544 2528 2545
3799 2 2 1 1 953 956 1165
3800 2 2 1 1 953 954 956
3801 2 2 1 1 2675 2677 2678
3802 2 2 1 1 1267 1361 1654
3803 2 2 1 1 769 768 781
3804 2 2 1 1 1856 1858 3731
3805 2 2 1 1 1913 1882 3771
3806 2 2 1 1 982 876 3772
3807 2 2 1 1 845 847 3769
3808 2 2 1 1 962 3725 3726
3809 2 2 1 1 131 132 864
3810 2 2 1 1 2296 2532 2534
3811 2 2 1 1 3771 2040 3811
3812 2 2 1 1 1951 2183 2679
3813 2 2 1 1 2128 2592 2872
3814 2 2 1 1 3670 2818 4074
3815 2 2 1 1 195 196 1403
3816 2 2 1 1 1577 1578 1579
3817 2 2 1 1 1069 1268 1879
3818 2 2 1 1 1779 1780 2093
3819 2 2 1 1 2329 2328 3135
3820 2 2 1 1 2510 2189 2511
3821 2 2 1 1 2239 2240 2242
3822 2 2 1 1 1882 2039 2040
3823 2 2 1 1 2093 1780 2094
3824 2 2 1 1 1963 2717 4045
3825 2 2 1 1 739 740 741
3826 2 2 1 1 1530 1248 1542
3827 2 2 1 1 883 860 884
3828 2 2 1 1 907 909 1593
3829 2 2 1 1 1683 1904 1905
3830 2 2 1 1 956 957 984
3831 2 2 1 1 3232 3228 3233
3832 2 2 1 1 2293 2294 2295
3833 2 2 1 1 123 124 1404
3834 2 2 1 1 189 1407 3750
3835 2 2 1 1 1757 3382 3383
3836 2 2 1 1 1530 1542 2900
3837 2 2 1 1 1779 1450 1780
3838 2 2 1 1 1080 1162 1267
3839 2 2 1 1 3722 3721 3723
3840 2 2 1 1 2616 2173 4796
3841 2 2 1 1 2182 2257 2258
3842 2 2 1 1 1408 130 3751
3843 2 2 1 1 782 781 794
3844 2 2 1 1 1530 2901 3809
3845 2 2 1 1 1014 1022 1023
3846 2 2 1 1 1854 1856 2205
3847 2 2 1 1 825 794 828
3848 2 2 1 1 845 828 847
3849 2 2 1 1 2093 2094 2683
3850 2 2 1 1 769 781 782
3851 2 2 1 1 984 1035 1248
3852 2 2 1 1 1745 1747 3587
3853 2 2 1 1 876 3769 3772
3854 2 2 1 1 1708 1933 1949
3855 2 2 1 1 945 884 946
3856 2 2 1 1 1382 1381 1616
3857 2 2 1 1 2040 2039 2345
3858 2 2 1 1 2138 1331 4075
3859 2 2 1 1 2483 4102 4149
3860 2 2 1 1 2031 2595 3799
3861 2 2 1 1 2407 2051 2807
3862 2 2 1 1 846 845 876
3863 2 2 1 1 782 794 825
3864 2 2 1 1 984 1530 3809
3865 2 2 1 1 1848 2483 3775
3866 2 2 1 1 825 828 845
3867 2 2 1 1 3576 3578 3579
3868 2 2 1 1 1248 1266 3754
3869 2 2 1 1 1735 1734 3788
3870 2 2 1 1 984 1248 1530
3871 2 2 1 1 951 946 952
3872 2 2 1 1 884 860 968
3873 2 2 1 1 3727 3725 3728
3874 2 2 1 1 2255 1860 3758
3875 2 2 1 1 1851 1850 1852
3876 2 2 1 1 2880 3587 4101
3877 2 2 1 1 193 194 2340
3878 2 2 1 1 1881 2496 3790
3879 2 2 1 1 1669 1882 1913
3880 2 2 1 1 2094 2139 2140
3881 2 2 1 1 254 255 880
3882 2 2 1 1 954 955 3786
3883 2 2 1 1 1264 1265 1753
3884 2 2 1 1 1978 1976 1979
3885 2 2 1 1 2205 1856 3731
3886 2 2 1 1 953 952 954
3887 2 2 1 1 1284 1358 1359
3888 2 2 1 1 956 954 957
3889 2 2 1 1 3027 3823 4041
3890 2 2 1 1 2726 1599 3774
3891 2 2 1 1 1266 1652 2132
3892 2 2 1 1 876 845 3769
3893 2 2 1 1 3357 3358 3359
3894 2 2 1 1 1310 1707 1708
3895 2 2 1 1 1854 2205 3768
3896 2 2 1 1 3153 2347 3804
3897 2 2 1 1 2526 2528 2544
3898 2 2 1 1 2706 2657 2707
3899 2 2 1 1 1697 1501 4166
3900 2 2 1 1 3720 3721 3722
3901 2 2 1 1 1001 1175 1176
3902 2 2 1 1 1753 1265 2729
3903 2 2 1 1 1778 1450 1779
3904 2 2 1 1 1100 3819 4276
3905 2 2 1 1 877 876 982
3906 2 2 1 1 3841 2471 4081
3907 2 2 1 1 2004 1753 2364
3908 2 2 1 1 1264 982 1265
3909 2 2 1 1 4054 4053 4188
3910 2 2 1 1 1923 1922 2290
3911 2 2 1 1 2040 2345 2346
3912 2 2 1 1 3604 2656 4700
3913 2 2 1 1 983 982 1264
3914 2 2 1 1 2178 2690 4176
3915 2 2 1 1 262 1027 3795
3916 2 2 1 1 2140 2139 2795
3917 2 2 1 1 3791 2363 3792
3918 2 2 1 1 188 189 3750
3919 2 2 1 1 2094 1780 2139
3920 2 2 1 1 3234 3236 3239
3921 2 2 1 1 984 957 1035
3922 2 2 1 1 1542 1248 3754
3923 2 2 1 1 1860 1862 3758
3924 2 2 1 1 3185 3093 3186
3925 2 2 1 1 828 794 838
3926 2 2 1 1 1248 1035 1266
3927 2 2 1 1 2140 2795 3028
3928 2 2 1 1 2039 1781 2363
3929 2 2 1 1 130 131 3751
3930 2 2 1 1 1849 1848 1850
3931 2 2 1 1 2057 3175 3176
3932 2 2 1 1 2614 2613 2713
3933 2 2 1 1 2280 2796 2797
3934 2 2 1 1 3028 2795 3085
3935 2 2 1 1 2329 3135 3136
3936 2 2 1 1 125 126 2341
3937 2 2 1 1 1014 1013 1022
3938 2 2 1 1 3234 3233 3235
3939 2 2 1 1 2347 2345 3804
3940 2 2 1 1 1143 2105 2471
3941 2 2 1 1 2132 1652 3776
3942 2 2 1 1 2656 2386 2657
3943 2 2 1 1 3234 3235 3236
3944 2 2 1 1 189 190 1407
3945 2 2 1 1 2090 2089 2835
3946 2 2 1 1 1652 2054 3776
3947 2 2 1 1 2611 2176 4794
3948 2 2 1 1 825 845 846
3949 2 2 1 1 2352 2531 3818
3950 2 2 1 1 3799 3800 3801
3951 2 2 1 1 129 130 1408
3952 2 2 1 1 3823 2219 4041
3953 2 2 1 1 954 952 955
3954 2 2 1 1 194 195 3737
3955 2 2 1 1 1911 2128 4177
3956 2 2 1 1 1710 2328 2329
3957 2 2 1 1 846 876 877
3958 2 2 1 1 2039 2363 3791
3959 2 2 1 1 2346 2345 2347
3960 2 2 1 1 1410 3841 4081
3961 2 2 1 1 2093 2683 2684
3962 2 2 1 1 2147 2507 2632
3963 2 2 1 1 1879 1881 3790
3964 2 2 1 1 2042 1735 2089
3965 2 2 1 1 3638 4874 4876
3966 2 2 1 1 2293 2291 2294
3967 2 2 1 1 256 1607 3779
3968 2 2 1 1 1881 2032 2496
3969 2 2 1 1 3423 3422 3425
3970 2 2 1 1 3028 3085 3177
3971 2 2 1 1 2054 1774 4040
3972 2 2 1 1 3576 3577 3578
3973 2 2 1 1 3087 3088 3089
3974 2 2 1 1 1264 1753 2004
3975 2 2 1 1 1364 1782 1783
3976 2 2 1 1 2835 2089 2836
3977 2 2 1 1 1881 2031 2032
3978 2 2 1 1 1364 1783 2074
3979 2 2 1 1 1665 1376 1734
3980 2 2 1 1 3744 3745 3746
3981 2 2 1 1 1873 1852 3768
3982 2 2 1 1 1286 1287 2758
3983 2 2 1 1 1285 1363 1364
3984 2 2 1 1 2004 2364 2715
3985 2 2 1 1 3799 2595 3800
3986 2 2 1 1 1972 1697 2599
3987 2 2 1 1 1176 1450 1778
3988 2 2 1 1 255 256 3779
3989 2 2 1 1 1854 1855 1856
3990 2 2 1 1 2345 2039 3791
3991 2 2 1 1 1670 2059 2500
3992 2 2 1 1 1850 1848 3775
3993 2 2 1 1 262 263 1027
3994 2 2 1 1 2346 2347 2348
3995 2 2 1 1 3177 3085 3178
3996 2 2 1 1 1847 1846 1848
3997 2 2 1 1 877 982 983
3998 2 2 1 1 1879 1880 1881
3999 2 2 1 1 1285 1364 3787
4000 2 2 1 1 1852 1854 3768
4001 2 2 1 1 2348 2347 2349
4002 2 2 1 1 3709 1406 3711
4003 2 2 1 1 2401 2348 3796
4004 2 2 1 1 1369 1688 4052
4005 2 2 1 1 4116 2833 4129
4006 2 2 1 1 2237 2238 2239
4007 2 2 1 1 1788 1790 1792
4008 2 2 1 1 2090 2835 2837
4009 2 2 1 1 2042 2089 2090
4010 2 2 1 1 2032 2031 3799
4011 2 2 1 1 2345 3791 3804
4012 2 2 1 1 4070 2737 4076
4013 2 2 1 1 2074 1783 2075
4014 2 2 1 1 957 954 3786
4015 2 2 1 1 2346 2348 2401
4016 2 2 1 1 2348 2350 3796
4017 2 2 1 1 1881 1880 2031
4018 2 2 1 1 817 724 857
4019 2 2 1 1 1665 1734 1735
4020 2 2 1 1 2471 2472 2473
4021 2 2 1 1 1852 1850 1853
4022 2 2 1 1 2469 1367 4066
4023 2 2 1 1 2479 2482 3824
4024 2 2 1 1 1264 2004 4060
4025 2 2 1 1 2297 2295 2344
4026 2 2 1 1 2074 2075 2409
4027 2 2 1 1 3796 2350 3818
4028 2 2 1 1 2337 2336 2338
4029 2 2 1 1 3177 3178 3179
4030 2 2 1 1 2473 2474 2475
4031 2 2 1 1 1856 1857 1858
4032 2 2 1 1 2349 2347 3153
4033 2 2 1 1 2478 2475 2479
4034 2 2 1 1 703 704 725
4035 2 2 1 1 2061 261 3795
4036 2 2 1 1 2336 2334 2832
4037 2 2 1 1 2473 2475 2478
4038 2 2 1 1 3583 3584 3585
4039 2 2 1 1 1852 1853 1854
4040 2 2 1 1 2348 2349 2350
4041 2 2 1 1 957 3786 4080
4042 2 2 1 1 956 984 3809
4043 2 2 1 1 2232 3059 3591
4044 2 2 1 1 2089 1735 3788
4045 2 2 1 1 4072 1734 4092
4046 2 2 1 1 3262 3263 4360
4047 2 2 1 1 1530 2900 2901
4048 2 2 1 1 2145 2740 4317
4049 2 2 1 1 1848 1846 2483
4050 2 2 1 1 261 262 3795
4051 2 2 1 1 2478 2479 2480
4052 2 2 1 1 2473 2472 2474
4053 2 2 1 1 1840 2465 3812
4054 2 2 1 1 2836 3788 3789
4055 2 2 1 1 2479 2475 2482
4056 2 2 1 1 2401 3796 3797
4057 2 2 1 1 3744 3746 3748
4058 2 2 1 1 2350 2352 3818
4059 2 2 1 1 2819 2409 3813
4060 2 2 1 1 2350 2349 2351
4061 2 2 1 1 2074 2409 2819
4062 2 2 1 1 1364 1363 1782
4063 2 2 1 1 1266 1341 1652
4064 2 2 1 1 2409 2075 2410
4065 2 2 1 1 1438 1367 2469
4066 2 2 1 1 1183 1313 1314
4067 2 2 1 1 3818 2531 3819
4068 2 2 1 1 699 700 703
4069 2 2 1 1 3172 3173 3516
4070 2 2 1 1 769 782 4088
4071 2 2 1 1 2409 2412 3813
4072 2 2 1 1 780 831 848
4073 2 2 1 1 2467 2468 3156
4074 2 2 1 1 2533 2297 3773
4075 2 2 1 1 759 771 1663
4076 2 2 1 1 2310 1631 2610
4077 2 2 1 1 1851 1852 1873
4078 2 2 1 1 3642 2782 3643
4079 2 2 1 1 2057 2786 3175
4080 2 2 1 1 1652 1774 2054
4081 2 2 1 1 1838 1840 3812
4082 2 2 1 1 2350 2351 2352
4083 2 2 1 1 1932 1057 2537
4084 2 2 1 1 256 257 1607
4085 2 2 1 1 2480 2479 2481
4086 2 2 1 1 2554 2411 3172
4087 2 2 1 1 1354 1365 1777
4088 2 2 1 1 2554 3172 3603
4089 2 2 1 1 3170 2487 3899
4090 2 2 1 1 3813 2412 3814
4091 2 2 1 1 1774 1845 4040
4092 2 2 1 1 2755 2754 3164
4093 2 2 1 1 1840 2027 2028
4094 2 2 1 1 1838 1839 1840
4095 2 2 1 1 1840 2028 2465
4096 2 2 1 1 2004 2716 4060
4097 2 2 1 1 3149 2518 3734
4098 2 2 1 1 4080 3786 4093
4099 2 2 1 1 2028 2754 2755
4100 2 2 1 1 1840 1839 2027
4101 2 2 1 1 3172 2411 3173
4102 2 2 1 1 2401 3797 3798
4103 2 2 1 1 2480 2481 2493
4104 2 2 1 1 3642 3643 3644
4105 2 2 1 1 3168 2487 3170
4106 2 2 1 1 2137 3289 4666
4107 2 2 1 1 1093 1335 2489
4108 2 2 1 1 2028 2027 2754
4109 2 2 1 1 2401 3798 3811
4110 2 2 1 1 1438 2469 2954
4111 2 2 1 1 2410 2411 2554
4112 2 2 1 1 2297 2344 3773
4113 2 2 1 1 1849 1850 1851
4114 2 2 1 1 2518 2517 3734
4115 2 2 1 1 3745 2778 4148
4116 2 2 1 1 2755 3164 3165
4117 2 2 1 1 260 261 2061
4118 2 2 1 1 2538 2906 3822
4119 2 2 1 1 1600 1601 1657
4120 2 2 1 1 2480 2833 4028
4121 2 2 1 1 2493 2538 2539
4122 2 2 1 1 2480 2493 2833
4123 2 2 1 1 2409 2410 2412
4124 2 2 1 1 2493 2481 2538
4125 2 2 1 1 2538 2751 2906
4126 2 2 1 1 2410 2075 2411
4127 2 2 1 1 3704 2482 4108
4128 2 2 1 1 3165 3164 3431
4129 2 2 1 1 2906 2751 3157
4130 2 2 1 1 2539 2538 3822
4131 2 2 1 1 1693 2394 3613
4132 2 2 1 1 2494 2487 3168
4133 2 2 1 1 2906 3157 3160
4134 2 2 1 1 3165 3431 3588
4135 2 2 1 1 1788 1789 1790
4136 2 2 1 1 1143 2471 3841
4137 2 2 1 1 907 1593 3785
4138 2 2 1 1 2283 1920 2470
4139 2 2 1 1 2487 2024 3899
4140 2 2 1 1 2538 2481 2751
4141 2 2 1 1 1847 1848 1849
4142 2 2 1 1 2450 2453 2829
4143 2 2 1 1 3167 2461 3825
4144 2 2 1 1 1354 1777 4032
4145 2 2 1 1 1826 2030 2830
4146 2 2 1 1 1777 2467 4058
4147 2 2 1 1 2461 2457 3825
4148 2 2 1 1 2478 2480 4028
4149 2 2 1 1 2512 2511 2513
4150 2 2 1 1 2352 2351 2353
4151 2 2 1 1 3166 2461 3167
4152 2 2 1 1 2462 2461 3166
4153 2 2 1 1 1047 4116 4129
4154 2 2 1 1 1966 1967 2325
4155 2 2 1 1 1966 1919 1967
4156 2 2 1 1 2450 2829 4033
4157 2 2 1 1 919 917 1181
4158 2 2 1 1 1777 2466 2467
4159 2 2 1 1 2353 2351 3150
4160 2 2 1 1 2481 2479 3824
4161 2 2 1 1 2325 1967 2326
4162 2 2 1 1 1967 1919 2681
4163 2 2 1 1 3157 2751 3158
4164 2 2 1 1 2325 2326 2736
4165 2 2 1 1 1786 1787 1788
4166 2 2 1 1 1740 1464 4090
4167 2 2 1 1 3573 2361 3574
4168 2 2 1 1 1992 1270 4214
4169 2 2 1 1 2457 2455 3825
4170 2 2 1 1 1353 2455 2456
4171 2 2 1 1 1641 1351 1919
4172 2 2 1 1 4026 3958 4029
4173 2 2 1 1 3643 2782 4016
4174 2 2 1 1 3641 2782 3642
4175 2 2 1 1 3166 3167 3459
4176 2 2 1 1 1674 1686 1889
4177 2 2 1 1 1411 4023 4033
4178 2 2 1 1 1790 1791 2077
4179 2 2 1 1 1733 2646 2647
4180 2 2 1 1 1845 1847 2718
4181 2 2 1 1 1054 4021 4024
4182 2 2 1 1 3816 2477 3817
4183 2 2 1 1 3907 4019 4020
4184 2 2 1 1 2455 2458 3825
4185 2 2 1 1 2647 2646 2648
4186 2 2 1 1 2456 2455 2457
4187 2 2 1 1 1733 2647 3881
4188 2 2 1 1 3826 4026 4029
4189 2 2 1 1 2444 2442 3932
4190 2 2 1 1 2456 2459 2827
4191 2 2 1 1 2647 2648 2649
4192 2 2 1 1 2649 2648 2650
4193 2 2 1 1 2753 2415 3155
4194 2 2 1 1 2753 3155 3447
4195 2 2 1 1 2753 3447 3564
4196 2 2 1 1 2650 2648 2953
4197 2 2 1 1 3155 2415 4012
4198 2 2 1 1 2650 2953 3826
4199 2 2 1 1 3827 1417 4011
4200 2 2 1 1 1417 496 4011
4201 2 2 1 1 2821 3832 3843
4202 2 2 1 1 4019 2649 4020
4203 2 2 1 1 3858 2423 4010
4204 2 2 1 1 549 550 3829
4205 2 2 1 1 495 496 1417
4206 2 2 1 1 471 472 3828
4207 2 2 1 1 494 495 3850
4208 2 2 1 1 42 547 3838
4209 2 2 1 1 2603 3858 4010
4210 2 2 1 1 1410 443 3841
4211 2 2 1 1 3844 1150 4004
4212 2 2 1 1 1046 494 3850
4213 2 2 1 1 3832 2821 4005
4214 2 2 1 1 1146 2421 3851
4215 2 2 1 1 3103 2367 3853
4216 2 2 1 1 648 1146 3851
4217 2 2 1 1 3832 1821 3843
4218 2 2 1 1 1150 473 4004
4219 2 2 1 1 444 21 1143
4220 2 2 1 1 564 41 1144
4221 2 2 1 1 648 59 1146
4222 2 2 1 1 450 26 1139
4223 2 2 1 1 498 34 1141
4224 2 2 1 1 552 2883 3845
4225 2 2 1 1 1413 29 2742
4226 2 2 1 1 447 448 1416
4227 2 2 1 1 2359 2358 3163
4228 2 2 1 1 2069 3842 3853
4229 2 2 1 1 1413 2742 3843
4230 2 2 1 1 2367 2069 3853
4231 2 2 1 1 547 1045 3838
4232 2 2 1 1 495 1417 3850
4233 2 2 1 1 552 43 2883
4234 2 2 1 1 3848 1412 3849
4235 2 2 1 1 2620 2621 3833
4236 2 2 1 1 1627 1998 3849
4237 2 2 1 1 492 1412 3848
4238 2 2 1 1 1141 34 1142
4239 2 2 1 1 1146 59 1147
4240 2 2 1 1 550 1148 3829
4241 2 2 1 1 472 1150 3828
4242 2 2 1 1 3026 2620 3833
4243 2 2 1 1 2272 2270 3111
4244 2 2 1 1 1414 30 1619
4245 2 2 1 1 474 30 1414
4246 2 2 1 1 2021 2020 2358
4247 2 2 1 1 3842 2069 3994
4248 2 2 1 1 3833 2621 3834
4249 2 2 1 1 462 28 2743
4250 2 2 1 1 1148 551 3845
4251 2 2 1 1 2272 3111 3112
4252 2 2 1 1 1141 4007 4009
4253 2 2 1 1 1412 1627 3849
4254 2 2 1 1 2272 3112 3869
4255 2 2 1 1 2990 2620 3026
4256 2 2 1 1 1983 1587 2609
4257 2 2 1 1 3852 3053 3875
4258 2 2 1 1 1274 1275 1346
4259 2 2 1 1 2274 2275 2620
4260 2 2 1 1 492 29 1412
4261 2 2 1 1 1141 1142 1274
4262 2 2 1 1 480 31 1415
4263 2 2 1 1 1146 1147 1276
4264 2 2 1 1 1412 29 1413
4265 2 2 1 1 1152 491 3848
4266 2 2 1 1 1821 1413 3843
4267 2 2 1 1 1414 1619 1634
4268 2 2 1 1 1184 1185 1518
4269 2 2 1 1 1186 1187 1519
4270 2 2 1 1 1518 1596 1704
4271 2 2 1 1 3053 2424 3875
4272 2 2 1 1 1998 1997 2020
4273 2 2 1 1 442 443 1410
4274 2 2 1 1 1274 1346 1348
4275 2 2 1 1 646 647 1411
4276 2 2 1 1 1998 2020 2021
4277 2 2 1 1 2020 1997 3857
4278 2 2 1 1 2423 3832 4010
4279 2 2 1 1 444 1143 3841
4280 2 2 1 1 551 552 3845
4281 2 2 1 1 3018 2020 3857
4282 2 2 1 1 2021 2358 2359
4283 2 2 1 1 472 473 1150
4284 2 2 1 1 478 479 1151
4285 2 2 1 1 490 491 1152
4286 2 2 1 1 460 461 1149
4287 2 2 1 1 550 551 1148
4288 2 2 1 1 1274 1142 1275
4289 2 2 1 1 1280 1059 1587
4290 2 2 1 1 2423 1821 3832
4291 2 2 1 1 1280 1587 1588
4292 2 2 1 1 1276 1147 1294
4293 2 2 1 1 2620 2275 2621
4294 2 2 1 1 496 497 4011
4295 2 2 1 1 1819 2141 2142
4296 2 2 1 1 2267 2142 2270
4297 2 2 1 1 2277 3047 3855
4298 2 2 1 1 3861 2925 3863
4299 2 2 1 1 1634 1619 1653
4300 2 2 1 1 3857 2423 3858
4301 2 2 1 1 1294 1960 3867
4302 2 2 1 1 2925 3861 3898
4303 2 2 1 1 1411 647 3851
4304 2 2 1 1 2358 2020 3018
4305 2 2 1 1 901 2799 3865
4306 2 2 1 1 1627 1413 1821
4307 2 2 1 1 443 444 3841
4308 2 2 1 1 1518 1185 1596
4309 2 2 1 1 491 492 3848
4310 2 2 1 1 3859 1419 3860
4311 2 2 1 1 971 1038 1184
4312 2 2 1 1 1184 1038 1185
4313 2 2 1 1 975 1042 1186
4314 2 2 1 1 2421 1276 2442
4315 2 2 1 1 1186 1042 1187
4316 2 2 1 1 2424 3870 3875
4317 2 2 1 1 1146 1276 2421
4318 2 2 1 1 1276 1294 3867
4319 2 2 1 1 1039 1419 3859
4320 2 2 1 1 1653 2330 2331
4321 2 2 1 1 2331 2330 3032
4322 2 2 1 1 1653 1619 2330
4323 2 2 1 1 1519 1187 1597
4324 2 2 1 1 1412 1413 1627
4325 2 2 1 1 1960 2368 3867
4326 2 2 1 1 1997 1821 2423
4327 2 2 1 1 1997 2423 3857
4328 2 2 1 1 1627 1997 1998
4329 2 2 1 1 1588 2902 4000
4330 2 2 1 1 1346 1275 1347
4331 2 2 1 1 486 32 662
4332 2 2 1 1 901 25 2799
4333 2 2 1 1 1205 1203 3908
4334 2 2 1 1 1588 1587 1983
4335 2 2 1 1 2331 3032 3033
4336 2 2 1 1 2822 3827 4011
4337 2 2 1 1 1704 1596 1706
4338 2 2 1 1 647 648 3851
4339 2 2 1 1 2277 2278 3047
4340 2 2 1 1 1348 1886 2065
4341 2 2 1 1 1819 1818 2141
4342 2 2 1 1 1518 1704 1705
4343 2 2 1 1 2425 2277 3855
4344 2 2 1 1 2274 2620 2990
4345 2 2 1 1 1348 1885 1886
4346 2 2 1 1 1421 3880 3905
4347 2 2 1 1 3864 1684 3985
4348 2 2 1 1 1280 1588 4000
4349 2 2 1 1 3933 3912 3997
4350 2 2 1 1 1414 2419 4004
4351 2 2 1 1 2424 1829 3870
4352 2 2 1 1 1886 1885 2593
4353 2 2 1 1 2365 2366 3102
4354 2 2 1 1 1627 1821 1997
4355 2 2 1 1 3998 3879 3999
4356 2 2 1 1 395 396 717
4357 2 2 1 1 2419 1634 2420
4358 2 2 1 1 1348 1346 1885
4359 2 2 1 1 2273 2272 3869
4360 2 2 1 1 1203 1222 3908
4361 2 2 1 1 1653 2331 3130
4362 2 2 1 1 3912 3949 3997
4363 2 2 1 1 1414 1634 2419
4364 2 2 1 1 1958 1959 2365
4365 2 2 1 1 3861 1419 3898
4366 2 2 1 1 2427 2428 3980
4367 2 2 1 1 1300 2277 2425
4368 2 2 1 1 2365 1959 2366
4369 2 2 1 1 1300 1520 2277
4370 2 2 1 1 2277 1520 2278
4371 2 2 1 1 3896 3897 3975
4372 2 2 1 1 1194 1196 3882
4373 2 2 1 1 1205 3908 3963
4374 2 2 1 1 3866 1222 3929
4375 2 2 1 1 1825 3998 3999
4376 2 2 1 1 1222 3866 3907
4377 2 2 1 1 3859 3860 4003
4378 2 2 1 1 1958 1729 1959
4379 2 2 1 1 3880 1421 3894
4380 2 2 1 1 1193 2422 3877
4381 2 2 1 1 2442 1276 3867
4382 2 2 1 1 2824 3926 3939
4383 2 2 1 1 2141 1818 2821
4384 2 2 1 1 1278 1958 3870
4385 2 2 1 1 1141 1274 4007
4386 2 2 1 1 1279 1280 3873
4387 2 2 1 1 1684 900 3985
4388 2 2 1 1 393 394 1420
4389 2 2 1 1 2419 2420 3084
4390 2 2 1 1 1278 1630 1729
4391 2 2 1 1 1278 1729 1958
4392 2 2 1 1 3934 3987 3990
4393 2 2 1 1 3905 3866 3929
4394 2 2 1 1 897 37 3876
4395 2 2 1 1 3913 3883 3915
4396 2 2 1 1 895 893 1629
4397 2 2 1 1 807 898 3911
4398 2 2 1 1 3102 2366 3154
4399 2 2 1 1 2422 2816 3842
4400 2 2 1 1 1829 1277 3870
4401 2 2 1 1 3897 2049 3975
4402 2 2 1 1 1421 3905 3929
4403 2 2 1 1 674 3925 3967
4404 2 2 1 1 1196 2049 3882
4405 2 2 1 1 3883 1214 3915
4406 2 2 1 1 2159 2925 3898
4407 2 2 1 1 1277 1278 3870
4408 2 2 1 1 3874 2825 3939
4409 2 2 1 1 1294 1295 1667
4410 2 2 1 1 1186 1519 4001
4411 2 2 1 1 902 1322 3868
4412 2 2 1 1 2023 1829 2424
4413 2 2 1 1 2434 2070 3881
4414 2 2 1 1 898 1241 3911
4415 2 2 1 1 1519 1597 1818
4416 2 2 1 1 1308 3896 3975
4417 2 2 1 1 3842 2816 3853
4418 2 2 1 1 3949 3984 3989
4419 2 2 1 1 879 1240 3938
4420 2 2 1 1 1918 1194 3882
4421 2 2 1 1 1222 1201 3929
4422 2 2 1 1 613 614 3884
4423 2 2 1 1 535 536 3906
4424 2 2 1 1 903 901 3865
4425 2 2 1 1 2425 3855 3856
4426 2 2 1 1 3868 1322 3926
4427 2 2 1 1 1277 1068 1278
4428 2 2 1 1 1300 2425 3985
4429 2 2 1 1 1635 1342 3060
4430 2 2 1 1 2428 3896 3980
4431 2 2 1 1 2893 2186 3206
4432 2 2 1 1 2826 3974 3982
4433 2 2 1 1 3878 2433 3879
4434 2 2 1 1 3879 3880 3999
4435 2 2 1 1 1201 1199 3929
4436 2 2 1 1 904 1342 1635
4437 2 2 1 1 3938 1240 3976
4438 2 2 1 1 2594 2424 3053
4439 2 2 1 1 3860 3861 3862
4440 2 2 1 1 1712 2001 3946
4441 2 2 1 1 1590 1036 3877
4442 2 2 1 1 1308 1202 3910
4443 2 2 1 1 3926 1322 3939
4444 2 2 1 1 3923 3922 3968
4445 2 2 1 1 3924 3923 3968
4446 2 2 1 1 804 613 3884
4447 2 2 1 1 2441 3949 3989
4448 2 2 1 1 1193 1918 2422
4449 2 2 1 1 902 904 1322
4450 2 2 1 1 2025 1835 2727
4451 2 2 1 1 537 668 3979
4452 2 2 1 1 2072 3902 3903
4453 2 2 1 1 2365 3102 3852
4454 2 2 1 1 3894 1195 3955
4455 2 2 1 1 3984 1832 3989
4456 2 2 1 1 668 3920 3979
4457 2 2 1 1 1281 1349 1353
4458 2 2 1 1 2185 2186 2893
4459 2 2 1 1 633 1423 3900
4460 2 2 1 1 2825 2824 3939
4461 2 2 1 1 3925 3923 3967
4462 2 2 1 1 1036 1193 3877
4463 2 2 1 1 2422 1918 2816
4464 2 2 1 1 2072 3903 3904
4465 2 2 1 1 803 535 3906
4466 2 2 1 1 806 902 3868
4467 2 2 1 1 899 1188 1300
4468 2 2 1 1 902 903 904
4469 2 2 1 1 904 903 1342
4470 2 2 1 1 1337 1236 3922
4471 2 2 1 1 2070 1732 3881
4472 2 2 1 1 1958 2365 3875
4473 2 2 1 1 3880 2433 3905
4474 2 2 1 1 2069 1667 3994
4475 2 2 1 1 2278 2279 2280
4476 2 2 1 1 2425 3864 3985
4477 2 2 1 1 3944 3943 3948
4478 2 2 1 1 2071 2433 3878
4479 2 2 1 1 2072 3904 3961
4480 2 2 1 1 3904 3914 3935
4481 2 2 1 1 1039 1237 1419
4482 2 2 1 1 3860 1419 3861
4483 2 2 1 1 2823 2427 3980
4484 2 2 1 1 2072 1235 3902
4485 2 2 1 1 1242 1684 3895
4486 2 2 1 1 1704 1706 2067
4487 2 2 1 1 1294 1667 1960
4488 2 2 1 1 3911 3912 3977
4489 2 2 1 1 1824 1337 3922
4490 2 2 1 1 668 3933 3997
4491 2 2 1 1 376 377 3917
4492 2 2 1 1 1038 1039 3859
4493 2 2 1 1 2023 2424 2594
4494 2 2 1 1 649 650 1589
4495 2 2 1 1 2651 1823 3952
4496 2 2 1 1 3886 3885 3964
4497 2 2 1 1 1338 2159 3898
4498 2 2 1 1 3912 3933 3977
4499 2 2 1 1 463 464 3924
4500 2 2 1 1 1748 1712 3946
4501 2 2 1 1 3870 1958 3875
4502 2 2 1 1 3883 2823 3970
4503 2 2 1 1 2823 3910 3970
4504 2 2 1 1 377 1072 3917
4505 2 2 1 1 632 633 3900
4506 2 2 1 1 2728 2727 3054
4507 2 2 1 1 580 581 3916
4508 2 2 1 1 1834 1835 1836
4509 2 2 1 1 807 3911 3977
4510 2 2 1 1 2431 3883 3913
4511 2 2 1 1 582 1067 3957
4512 2 2 1 1 1436 1230 3956
4513 2 2 1 1 1635 3060 3061
4514 2 2 1 1 2727 1835 3873
4515 2 2 1 1 2025 2727 2728
4516 2 2 1 1 3914 1210 3935
4517 2 2 1 1 3060 1342 3909
4518 2 2 1 1 3868 3944 3948
4519 2 2 1 1 2365 3852 3875
4520 2 2 1 1 1300 1188 1520
4521 2 2 1 1 2419 3844 4004
4522 2 2 1 1 2824 2826 3926
4523 2 2 1 1 3904 3935 3961
4524 2 2 1 1 1716 1244 3895
4525 2 2 1 1 2001 3080 3946
4526 2 2 1 1 1188 897 3876
4527 2 2 1 1 1764 2055 3885
4528 2 2 1 1 2437 2439 3969
4529 2 2 1 1 2071 2432 2433
4530 2 2 1 1 879 878 1040
4531 2 2 1 1 1241 2073 3911
4532 2 2 1 1 2185 2893 3004
4533 2 2 1 1 1197 1195 3894
4534 2 2 1 1 1828 1277 1829
4535 2 2 1 1 3885 2055 3887
4536 2 2 1 1 2440 2438 3966
4537 2 2 1 1 591 592 1428
4538 2 2 1 1 1336 1759 3902
4539 2 2 1 1 1959 1729 2231
4540 2 2 1 1 3902 2426 3903
4541 2 2 1 1 3903 3913 3915
4542 2 2 1 1 1215 1662 3936
4543 2 2 1 1 1244 1242 3895
4544 2 2 1 1 1828 1829 1830
4545 2 2 1 1 1662 2429 3936
4546 2 2 1 1 2430 1824 3922
4547 2 2 1 1 513 514 1099
4548 2 2 1 1 579 580 1101
4549 2 2 1 1 585 586 1426
4550 2 2 1 1 1036 974 1037
4551 2 2 1 1 1732 1676 1733
4552 2 2 1 1 399 400 1075
4553 2 2 1 1 1101 580 3916
4554 2 2 1 1 3916 581 3957
4555 2 2 1 1 1232 1230 1436
4556 2 2 1 1 1437 1436 2437
4557 2 2 1 1 1833 1732 2070
4558 2 2 1 1 1830 1829 2023
4559 2 2 1 1 2437 2438 2439
4560 2 2 1 1 375 376 1425
4561 2 2 1 1 501 502 1424
4562 2 2 1 1 3879 2433 3880
4563 2 2 1 1 1278 1068 1630
4564 2 2 1 1 540 807 3977
4565 2 2 1 1 1222 3907 3908
4566 2 2 1 1 2299 3016 3408
4567 2 2 1 1 381 382 1427
4568 2 2 1 1 3924 464 3967
4569 2 2 1 1 537 538 668
4570 2 2 1 1 555 556 671
4571 2 2 1 1 573 574 1100
4572 2 2 1 1 615 616 675
4573 2 2 1 1 635 636 1064
4574 2 2 1 1 1235 1336 3902
4575 2 2 1 1 2001 2002 2262
4576 2 2 1 1 2002 2430 3974
4577 2 2 1 1 2440 3966 3983
4578 2 2 1 1 808 54 878
4579 2 2 1 1 1425 376 3917
4580 2 2 1 1 543 544 1076
4581 2 2 1 1 1419 1237 3898
4582 2 2 1 1 2278 1520 2279
4583 2 2 1 1 3943 467 3948
4584 2 2 1 1 1199 1421 3929
4585 2 2 1 1 1216 1215 3936
4586 2 2 1 1 1220 1223 1233
4587 2 2 1 1 1835 1279 3873
4588 2 2 1 1 2438 1436 3956
4589 2 2 1 1 437 438 1063
4590 2 2 1 1 581 582 3957
4591 2 2 1 1 1235 1309 1336
4592 2 2 1 1 1336 1711 1758
4593 2 2 1 1 1336 1758 1759
4594 2 2 1 1 466 467 3943
4595 2 2 1 1 898 897 899
4596 2 2 1 1 1037 974 3955
4597 2 2 1 1 3939 1322 3962
4598 2 2 1 1 1763 1822 3940
4599 2 2 1 1 20 415 1057
4600 2 2 1 1 1062 632 3900
4601 2 2 1 1 1836 1835 2025
4602 2 2 1 1 2435 2071 3878
4603 2 2 1 1 1057 415 3947
4604 2 2 1 1 465 466 674
4605 2 2 1 1 974 804 1825
4606 2 2 1 1 896 1606 1672
4607 2 2 1 1 1185 1038 3859
4608 2 2 1 1 1214 3883 3970
4609 2 2 1 1 2289 1748 2572
4610 2 2 1 1 2159 2924 2925
4611 2 2 1 1 3972 3916 3973
4612 2 2 1 1 672 673 677
4613 2 2 1 1 1338 1748 2159
4614 2 2 1 1 555 671 3919
4615 2 2 1 1 843 803 1827
4616 2 2 1 1 899 897 1188
4617 2 2 1 1 2001 1824 2002
4618 2 2 1 1 3913 2426 3940
4619 2 2 1 1 3926 2826 3944
4620 2 2 1 1 2429 2851 3081
4621 2 2 1 1 3959 3004 3960
4622 2 2 1 1 3868 3926 3944
4623 2 2 1 1 3987 3938 3990
4624 2 2 1 1 47 577 1154
4625 2 2 1 1 896 895 1606
4626 2 2 1 1 1043 976 1238
4627 2 2 1 1 1177 1066 1178
4628 2 2 1 1 1237 1337 1338
4629 2 2 1 1 1672 2343 2855
4630 2 2 1 1 2652 2651 3147
4631 2 2 1 1 3944 2826 3982
4632 2 2 1 1 415 416 3947
4633 2 2 1 1 633 634 1423
4634 2 2 1 1 1194 1195 1196
4635 2 2 1 1 1198 1199 1200
4636 2 2 1 1 1202 1203 1204
4637 2 2 1 1 1206 1207 1208
4638 2 2 1 1 1208 1209 1210
4639 2 2 1 1 1233 1235 2072
4640 2 2 1 1 2001 2262 3080
4641 2 2 1 1 3949 2441 3997
4642 2 2 1 1 3891 3892 3893
4643 2 2 1 1 805 44 893
4644 2 2 1 1 682 683 694
4645 2 2 1 1 1196 1198 2049
4646 2 2 1 1 2159 1748 2289
4647 2 2 1 1 2426 1761 3940
4648 2 2 1 1 1763 1803 1822
4649 2 2 1 1 2220 1764 3885
4650 2 2 1 1 1960 2367 2368
4651 2 2 1 1 2264 2824 2825
4652 2 2 1 1 522 38 1155
4653 2 2 1 1 654 60 1156
4654 2 2 1 1 1193 1037 1194
4655 2 2 1 1 1308 3910 3980
4656 2 2 1 1 1712 1824 2001
4657 2 2 1 1 1761 1763 3940
4658 2 2 1 1 1764 1762 2055
4659 2 2 1 1 2431 2427 2823
4660 2 2 1 1 2431 3913 3940
4661 2 2 1 1 2439 2438 2440
4662 2 2 1 1 3887 3888 3889
4663 2 2 1 1 342 8 666
4664 2 2 1 1 402 18 1056
4665 2 2 1 1 807 37 897
4666 2 2 1 1 435 436 1422
4667 2 2 1 1 1667 1820 3994
4668 2 2 1 1 1759 1760 1761
4669 2 2 1 1 3903 2426 3913
4670 2 2 1 1 2432 3866 3905
4671 2 2 1 1 593 594 1074
4672 2 2 1 1 1042 976 1043
4673 2 2 1 1 1200 1202 1308
4674 2 2 1 1 1203 1201 1222
4675 2 2 1 1 1202 1204 3910
4676 2 2 1 1 1204 1206 3970
4677 2 2 1 1 1206 1208 1214
4678 2 2 1 1 1209 1207 1213
4679 2 2 1 1 1210 1211 1212
4680 2 2 1 1 1296 1534 1831
4681 2 2 1 1 1541 1540 1676
4682 2 2 1 1 1759 1761 2426
4683 2 2 1 1 2431 2823 3883
4684 2 2 1 1 3892 3886 3964
4685 2 2 1 1 416 417 1433
4686 2 2 1 1 554 3919 3950
4687 2 2 1 1 677 673 678
4688 2 2 1 1 973 974 1036
4689 2 2 1 1 980 981 1225
4690 2 2 1 1 1036 1037 1193
4691 2 2 1 1 1195 1037 3955
4692 2 2 1 1 1210 1212 3935
4693 2 2 1 1 1212 1215 1216
4694 2 2 1 1 1212 1216 1217
4695 2 2 1 1 1220 1221 1223
4696 2 2 1 1 1233 1223 1234
4697 2 2 1 1 1235 1234 1309
4698 2 2 1 1 1336 1309 1711
4699 2 2 1 1 1541 1676 1732
4700 2 2 1 1 1732 1733 3881
4701 2 2 1 1 2428 1823 2651
4702 2 2 1 1 1832 1831 2547
4703 2 2 1 1 2220 3885 3886
4704 2 2 1 1 2264 2263 2824
4705 2 2 1 1 2299 2300 3016
4706 2 2 1 1 674 466 3943
4707 2 2 1 1 553 554 3950
4708 2 2 1 1 807 897 898
4709 2 2 1 1 894 893 895
4710 2 2 1 1 1217 1216 1218
4711 2 2 1 1 1220 1218 1221
4712 2 2 1 1 2437 1436 2438
4713 2 2 1 1 1763 1762 1764
4714 2 2 1 1 2262 2263 2264
4715 2 2 1 1 540 37 807
4716 2 2 1 1 40 803 842
4717 2 2 1 1 53 804 973
4718 2 2 1 1 618 54 808
4719 2 2 1 1 373 374 1157
4720 2 2 1 1 379 380 1158
4721 2 2 1 1 416 1433 3947
4722 2 2 1 1 418 419 1153
4723 2 2 1 1 519 520 1104
4724 2 2 1 1 571 572 1430
4725 2 2 1 1 583 584 1159
4726 2 2 1 1 589 590 1161
4727 2 2 1 1 3884 614 3927
4728 2 2 1 1 806 3868 3948
4729 2 2 1 1 1038 972 1039
4730 2 2 1 1 1196 1195 1197
4731 2 2 1 1 1217 1218 1220
4732 2 2 1 1 2816 1918 3094
4733 2 2 1 1 2071 2070 2432
4734 2 2 1 1 2159 2289 2924
4735 2 2 1 1 2433 2432 3905
4736 2 2 1 1 28 802 971
4737 2 2 1 1 971 802 972
4738 2 2 1 1 980 843 981
4739 2 2 1 1 971 972 1038
4740 2 2 1 1 1198 1197 1199
4741 2 2 1 1 1200 1201 1202
4742 2 2 1 1 1309 1234 1749
4743 2 2 1 1 2185 1711 2186
4744 2 2 1 1 2220 3886 3890
4745 2 2 1 1 43 553 801
4746 2 2 1 1 588 45 1069
4747 2 2 1 1 582 48 1067
4748 2 2 1 1 337 338 669
4749 2 2 1 1 377 378 1072
4750 2 2 1 1 391 392 661
4751 2 2 1 1 511 512 1434
4752 2 2 1 1 1825 804 3884
4753 2 2 1 1 894 895 896
4754 2 2 1 1 973 1036 1590
4755 2 2 1 1 1212 1211 1215
4756 2 2 1 1 1230 1228 3956
4757 2 2 1 1 1231 1232 1605
4758 2 2 1 1 1534 1244 1716
4759 2 2 1 1 1296 1831 1832
4760 2 2 1 1 1712 1337 1824
4761 2 2 1 1 1662 1928 2214
4762 2 2 1 1 1759 1758 1760
4763 2 2 1 1 1761 1760 1762
4764 2 2 1 1 2429 2214 2851
4765 2 2 1 1 2439 2440 2441
4766 2 2 1 1 40 535 803
4767 2 2 1 1 53 613 804
4768 2 2 1 1 499 500 1160
4769 2 2 1 1 651 652 1103
4770 2 2 1 1 677 678 682
4771 2 2 1 1 1827 803 3906
4772 2 2 1 1 1039 1236 1237
4773 2 2 1 1 1229 1230 1231
4774 2 2 1 1 1231 1230 1232
4775 2 2 1 1 1833 2071 2435
4776 2 2 1 1 2432 2070 2434
4777 2 2 1 1 3885 3887 3964
4778 2 2 1 1 456 27 665
4779 2 2 1 1 516 33 1054
4780 2 2 1 1 546 42 1058
4781 2 2 1 1 802 463 3924
4782 2 2 1 1 842 803 843
4783 2 2 1 1 805 893 894
4784 2 2 1 1 1039 972 1236
4785 2 2 1 1 1196 1197 1198
4786 2 2 1 1 1200 1199 1201
4787 2 2 1 1 1204 1205 1206
4788 2 2 1 1 1227 1228 1229
4789 2 2 1 1 1229 1228 1230
4790 2 2 1 1 1237 1236 1337
4791 2 2 1 1 3923 3924 3967
4792 2 2 1 1 451 452 670
4793 2 2 1 1 465 674 3967
4794 2 2 1 1 503 504 1073
4795 2 2 1 1 554 555 3919
4796 2 2 1 1 1242 900 1684
4797 2 2 1 1 1194 1037 1195
4798 2 2 1 1 1202 1201 1203
4799 2 2 1 1 1204 1203 1205
4800 2 2 1 1 1208 1207 1209
4801 2 2 1 1 1218 1216 1219
4802 2 2 1 1 1224 2265 3210
4803 2 2 1 1 1534 1716 1725
4804 2 2 1 1 666 8 667
4805 2 2 1 1 28 463 802
4806 2 2 1 1 558 44 805
4807 2 2 1 1 879 1040 1041
4808 2 2 1 1 1322 904 3962
4809 2 2 1 1 1233 1234 1235
4810 2 2 1 1 1763 1764 1803
4811 2 2 1 1 1822 2431 3940
4812 2 2 1 1 3887 2055 3888
4813 2 2 1 1 3896 2652 3897
4814 2 2 1 1 666 667 672
4815 2 2 1 1 672 667 673
4816 2 2 1 1 1243 1242 1244
4817 2 2 1 1 1296 1244 1534
4818 2 2 1 1 1761 1762 1763
4819 2 2 1 1 1803 1764 2220
4820 2 2 1 1 384 15 1065
4821 2 2 1 1 468 25 806
4822 2 2 1 1 576 47 1071
4823 2 2 1 1 1220 1233 3961
4824 2 2 1 1 1338 1712 1748
4825 2 2 1 1 1635 3062 3962
4826 2 2 1 1 1662 2214 2429
4827 2 2 1 1 2055 1762 3951
4828 2 2 1 1 2427 1823 2428
4829 2 2 1 1 2299 1928 2300
4830 2 2 1 1 3888 2055 3951
4831 2 2 1 1 1065 15 1066
4832 2 2 1 1 536 537 3979
4833 2 2 1 1 975 801 976
4834 2 2 1 1 1058 1279 1834
4835 2 2 1 1 1758 1711 2185
4836 2 2 1 1 43 801 975
4837 2 2 1 1 615 675 3927
4838 2 2 1 1 682 678 683
4839 2 2 1 1 694 683 695
4840 2 2 1 1 898 899 900
4841 2 2 1 1 1225 981 1227
4842 2 2 1 1 2824 2263 2826
4843 2 2 1 1 2264 2825 3082
4844 2 2 1 1 2289 2572 2668
4845 2 2 1 1 2441 2440 3920
4846 2 2 1 1 1065 1066 1177
4847 2 2 1 1 1212 1217 3935
4848 2 2 1 1 1241 1243 2073
4849 2 2 1 1 1759 2426 3902
4850 2 2 1 1 517 518 1646
4851 2 2 1 1 801 553 3950
4852 2 2 1 1 904 1635 3962
4853 2 2 1 1 1830 2024 2436
4854 2 2 1 1 2436 3972 3973
4855 2 2 1 1 370 371 1102
4856 2 2 1 1 1241 900 1242
4857 2 2 1 1 1210 1209 1211
4858 2 2 1 1 1223 1221 1224
4859 2 2 1 1 2262 2002 2263
4860 2 2 1 1 2668 2572 3074
4861 2 2 1 1 2668 3074 3209
4862 2 2 1 1 3951 3959 3960
4863 2 2 1 1 1067 1277 1828
4864 2 2 1 1 1338 1337 1712
4865 2 2 1 1 3062 3079 3874
4866 2 2 1 1 367 368 1060
4867 2 2 1 1 1227 981 1228
4868 2 2 1 1 1621 1211 3958
4869 2 2 1 1 2002 1824 2430
4870 2 2 1 1 894 896 1239
4871 2 2 1 1 1224 1221 2265
4872 2 2 1 1 1232 1436 1437
4873 2 2 1 1 2220 3890 3952
4874 2 2 1 1 2428 2652 3896
4875 2 2 1 1 879 1041 1240
4876 2 2 1 1 898 900 1241
4877 2 2 1 1 974 1825 3955
4878 2 2 1 1 1822 1823 2427
4879 2 2 1 1 975 976 1042
4880 2 2 1 1 1193 1194 1918
4881 2 2 1 1 2430 3923 3925
4882 2 2 1 1 1067 1828 3957
4883 2 2 1 1 1199 1197 1421
4884 2 2 1 1 1208 1210 3914
4885 2 2 1 1 1211 1209 3958
4886 2 2 1 1 1215 1211 1621
4887 2 2 1 1 1214 3914 3915
4888 2 2 1 1 1241 1242 1243
4889 2 2 1 1 1243 1244 1296
4890 2 2 1 1 1672 1606 2343
4891 2 2 1 1 1762 1760 3951
4892 2 2 1 1 1830 2023 2024
4893 2 2 1 1 2428 2651 2652
4894 2 2 1 1 631 632 1062
4895 2 2 1 1 1207 1205 3963
4896 2 2 1 1 1233 2072 3961
4897 2 2 1 1 1240 1540 1541
4898 2 2 1 1 1662 1621 1928
4899 2 2 1 1 1833 2070 2071
4900 2 2 1 1 2214 1928 2299
4901 2 2 1 1 2432 2434 3866
4902 2 2 1 1 539 540 3977
4903 2 2 1 1 3922 1236 3968
4904 2 2 1 1 1822 2427 2431
4905 2 2 1 1 3062 3874 3962
4906 2 2 1 1 1215 1621 1662
4907 2 2 1 1 1219 1216 3936
4908 2 2 1 1 2430 3922 3923
4909 2 2 1 1 433 434 1061
4910 2 2 1 1 464 465 3967
4911 2 2 1 1 1541 1732 1833
4912 2 2 1 1 1635 3061 3062
4913 2 2 1 1 3062 3061 3078
4914 2 2 1 1 467 468 3948
4915 2 2 1 1 973 804 974
4916 2 2 1 1 1343 903 3865
4917 2 2 1 1 1206 1205 1207
4918 2 2 1 1 1206 1214 3970
4919 2 2 1 1 3888 3951 3960
4920 2 2 1 1 1067 48 1068
4921 2 2 1 1 1834 1279 1835
4922 2 2 1 1 3874 3939 3962
4923 2 2 1 1 2430 3925 3974
4924 2 2 1 1 3062 3078 3079
4925 2 2 1 1 3890 3886 3891
4926 2 2 1 1 1822 1803 1823
4927 2 2 1 1 2263 2002 3974
4928 2 2 1 1 3927 675 3995
4929 2 2 1 1 2185 3004 3959
4930 2 2 1 1 468 806 3948
4931 2 2 1 1 1209 1213 3958
4932 2 2 1 1 3896 1308 3980
4933 2 2 1 1 3904 3903 3915
4934 2 2 1 1 1279 1059 1280
4935 2 2 1 1 3911 2073 3912
4936 2 2 1 1 675 3934 3988
4937 2 2 1 1 2572 1748 3946
4938 2 2 1 1 3094 1918 3882
4939 2 2 1 1 668 538 3933
4940 2 2 1 1 806 901 902
4941 2 2 1 1 1240 1041 1540
4942 2 2 1 1 808 879 3938
4943 2 2 1 1 1803 2220 3952
4944 2 2 1 1 1830 2436 3973
4945 2 2 1 1 3891 3886 3892
4946 2 2 1 1 981 843 3965
4947 2 2 1 1 3956 1228 3965
4948 2 2 1 1 3914 3904 3915
4949 2 2 1 1 1067 1068 1277
4950 2 2 1 1 3974 3925 3982
4951 2 2 1 1 802 3924 3968
4952 2 2 1 1 2438 3956 3966
4953 2 2 1 1 3951 1760 3959
4954 2 2 1 1 1217 1220 3961
4955 2 2 1 1 1541 1833 3976
4956 2 2 1 1 2547 1831 3121
4957 2 2 1 1 972 802 3968
4958 2 2 1 1 843 1827 3965
4959 2 2 1 1 3935 1217 3961
4960 2 2 1 1 1760 1758 3959
4961 2 2 1 1 2826 2263 3974
4962 2 2 1 1 3925 674 3982
4963 2 2 1 1 1823 1803 3952
4964 2 2 1 1 842 843 980
4965 2 2 1 1 1214 1208 3914
4966 2 2 1 1 1237 1338 3898
4967 2 2 1 1 1213 1207 3963
4968 2 2 1 1 2439 2441 3989
4969 2 2 1 1 538 539 3933
4970 2 2 1 1 1228 981 3965
4971 2 2 1 1 2049 1198 3975
4972 2 2 1 1 1421 1197 3894
4973 2 2 1 1 1758 2185 3959
4974 2 2 1 1 902 901 903
4975 2 2 1 1 3927 3995 3998
4976 2 2 1 1 675 616 3934
4977 2 2 1 1 1058 1834 3942
4978 2 2 1 1 545 546 3942
4979 2 2 1 1 1825 3884 3998
4980 2 2 1 1 3866 2434 3907
4981 2 2 1 1 546 1058 3942
4982 2 2 1 1 1101 3916 3972
4983 2 2 1 1 1832 2547 3969
4984 2 2 1 1 1236 972 3968
4985 2 2 1 1 3910 1204 3970
4986 2 2 1 1 1296 1832 3984
4987 2 2 1 1 1828 1830 3973
4988 2 2 1 1 1831 1534 3981
4989 2 2 1 1 3916 3957 3973
4990 2 2 1 1 900 899 3985
4991 2 2 1 1 3938 3976 3990
4992 2 2 1 1 3943 3944 3982
4993 2 2 1 1 616 617 3934
4994 2 2 1 1 674 3943 3982
4995 2 2 1 1 1833 2435 3976
4996 2 2 1 1 3912 2073 3949
4997 2 2 1 1 808 878 879
4998 2 2 1 1 1240 1541 3976
4999 2 2 1 1 618 808 3987
5000 2 2 1 1 3910 2823 3980
5001 2 2 1 1 3988 3934 3990
5002 2 2 1 1 1596 1185 4003
5003 2 2 1 1 614 615 3927
5004 2 2 1 1 808 3938 3987
5005 2 2 1 1 1294 1147 1295
5006 2 2 1 1 3121 1831 3981
5007 2 2 1 1 3949 2073 3984
5008 2 2 1 1 3920 2440 3983
5009 2 2 1 1 1200 1308 3975
5010 2 2 1 1 1198 1200 3975
5011 2 2 1 1 3862 3861 3863
5012 2 2 1 1 3965 1827 3966
5013 2 2 1 1 3956 3965 3966
5014 2 2 1 1 3906 536 3979
5015 2 2 1 1 3966 1827 3983
5016 2 2 1 1 3957 1828 3973
5017 2 2 1 1 675 3988 3995
5018 2 2 1 1 3979 3920 3983
5019 2 2 1 1 2368 2367 3029
5020 2 2 1 1 2073 1243 3984
5021 2 2 1 1 1534 1725 3981
5022 2 2 1 1 3969 2439 3989
5023 2 2 1 1 3894 3955 3999
5024 2 2 1 1 1342 1343 3909
5025 2 2 1 1 482 483 680
5026 2 2 1 1 1281 1282 1349
5027 2 2 1 1 1597 1687 1934
5028 2 2 1 1 1058 1059 1279
5029 2 2 1 1 1275 1142 1628
5030 2 2 1 1 617 618 3987
5031 2 2 1 1 899 1300 3985
5032 2 2 1 1 1058 42 1059
5033 2 2 1 1 1054 1055 1281
5034 2 2 1 1 3934 617 3987
5035 2 2 1 1 806 25 901
5036 2 2 1 1 3933 539 3977
5037 2 2 1 1 1243 1296 3984
5038 2 2 1 1 1832 3969 3989
5039 2 2 1 1 2435 3878 3988
5040 2 2 1 1 1342 903 1343
5041 2 2 1 1 1054 33 1055
5042 2 2 1 1 1827 3906 3983
5043 2 2 1 1 1605 1232 3971
5044 2 2 1 1 1960 2069 2367
5045 2 2 1 1 2279 1520 3986
5046 2 2 1 1 2274 2273 2275
5047 2 2 1 1 3832 4005 4010
5048 2 2 1 1 1188 3876 3986
5049 2 2 1 1 3880 3894 3999
5050 2 2 1 1 2902 2003 2929
5051 2 2 1 1 1232 1437 3971
5052 2 2 1 1 1349 1282 1350
5053 2 2 1 1 3995 3879 3998
5054 2 2 1 1 3906 3979 3983
5055 2 2 1 1 3873 1280 4000
5056 2 2 1 1 2425 3856 3864
5057 2 2 1 1 1520 1188 3986
5058 2 2 1 1 1960 1667 2069
5059 2 2 1 1 3976 2435 3990
5060 2 2 1 1 1588 1983 2003
5061 2 2 1 1 1042 1043 4002
5062 2 2 1 1 3920 668 3997
5063 2 2 1 1 1350 1282 1351
5064 2 2 1 1 1667 1295 1820
5065 2 2 1 1 1281 1055 1282
5066 2 2 1 1 3029 2367 3103
5067 2 2 1 1 1775 1596 4003
5068 2 2 1 1 3878 3879 3995
5069 2 2 1 1 2271 2270 2272
5070 2 2 1 1 3988 3878 3995
5071 2 2 1 1 3955 1825 3999
5072 2 2 1 1 4007 2822 4009
5073 2 2 1 1 1588 2003 2902
5074 2 2 1 1 1934 2133 2603
5075 2 2 1 1 3884 3927 3998
5076 2 2 1 1 2435 3988 3990
5077 2 2 1 1 2441 3920 3997
5078 2 2 1 1 3834 3835 3836
5079 2 2 1 1 1597 1187 1687
5080 2 2 1 1 2133 2446 2567
5081 2 2 1 1 1934 1687 2133
5082 2 2 1 1 2003 1983 2884
5083 2 2 1 1 2133 1687 2446
5084 2 2 1 1 2065 1886 2066
5085 2 2 1 1 2267 2270 2271
5086 2 2 1 1 2419 3084 3844
5087 2 2 1 1 1519 1819 4001
5088 2 2 1 1 2271 2273 2274
5089 2 2 1 1 2822 2413 3827
5090 2 2 1 1 1185 3859 4003
5091 2 2 1 1 1519 1818 1819
5092 2 2 1 1 473 474 4004
5093 2 2 1 1 2885 2273 3869
5094 2 2 1 1 2275 2273 2885
5095 2 2 1 1 474 1414 4004
5096 2 2 1 1 1706 1596 1775
5097 2 2 1 1 2065 2066 2413
5098 2 2 1 1 2266 2142 2267
5099 2 2 1 1 2067 1706 2068
5100 2 2 1 1 2820 3216 3830
5101 2 2 1 1 2067 2068 2820
5102 2 2 1 1 2820 2068 3216
5103 2 2 1 1 1187 1042 4002
5104 2 2 1 1 3834 2621 3835
5105 2 2 1 1 1819 2142 2266
5106 2 2 1 1 1597 1934 4005
5107 2 2 1 1 1818 1597 4005
5108 2 2 1 1 2446 1687 4002
5109 2 2 1 1 439 440 1047
5110 2 2 1 1 457 458 1048
5111 2 2 1 1 559 560 1052
5112 2 2 1 1 643 644 1053
5113 2 2 1 1 1687 1187 4002
5114 2 2 1 1 445 446 1049
5115 2 2 1 1 469 470 1050
5116 2 2 1 1 475 476 1051
5117 2 2 1 1 487 488 1044
5118 2 2 1 1 493 494 1046
5119 2 2 1 1 547 548 1045
5120 2 2 1 1 447 1416 3991
5121 2 2 1 1 2271 2272 2273
5122 2 2 1 1 4009 2822 4011
5123 2 2 1 1 2065 2413 2822
5124 2 2 1 1 2274 2990 4006
5125 2 2 1 1 2821 1818 4005
5126 2 2 1 1 497 498 4009
5127 2 2 1 1 4002 1043 4008
5128 2 2 1 1 2266 2267 3024
5129 2 2 1 1 1274 1348 4007
5130 2 2 1 1 1819 2266 4001
5131 2 2 1 1 1348 2065 4007
5132 2 2 1 1 2271 2274 4006
5133 2 2 1 1 2446 4002 4008
5134 2 2 1 1 4005 1934 4010
5135 2 2 1 1 3024 2267 4006
5136 2 2 1 1 2267 2271 4006
5137 2 2 1 1 498 1141 4009
5138 2 2 1 1 2065 2822 4007
5139 2 2 1 1 1934 2603 4010
5140 2 2 1 1 446 447 3991
5141 2 2 1 1 497 4009 4011
5142 2 2 1 1 1049 446 3991
5143 2 2 1 1 1886 2593 4012
5144 2 2 1 1 2066 1886 4012
5145 2 2 1 1 2416 2415 2753
5146 2 2 1 1 2415 2066 4012
5147 2 2 1 1 2414 2066 2415
5148 2 2 1 1 2413 2066 2414
5149 2 2 1 1 44 559 3839
5150 2 2 1 1 559 1052 3839
5151 2 2 1 1 2414 2415 2416
5152 2 2 1 1 3942 1834 4014
5153 2 2 1 1 1834 1836 4014
5154 2 2 1 1 1353 2456 4021
5155 2 2 1 1 2442 3867 3932
5156 2 2 1 1 3867 2368 3932
5157 2 2 1 1 544 545 3937
5158 2 2 1 1 1076 544 3937
5159 2 2 1 1 3937 545 3942
5160 2 2 1 1 3937 3942 4014
5161 2 2 1 1 2368 3029 3030
5162 2 2 1 1 4021 2827 4024
5163 2 2 1 1 2023 2594 3899
5164 2 2 1 1 2024 2023 3899
5165 2 2 1 1 2456 2457 2459
5166 2 2 1 1 3826 2300 4026
5167 2 2 1 1 1836 2447 4014
5168 2 2 1 1 2368 3030 3932
5169 2 2 1 1 514 515 4018
5170 2 2 1 1 3907 2434 4019
5171 2 2 1 1 3937 4014 4017
5172 2 2 1 1 1076 3937 4017
5173 2 2 1 1 2456 2827 4021
5174 2 2 1 1 1836 2026 2447
5175 2 2 1 1 3908 3907 4020
5176 2 2 1 1 1054 1281 4021
5177 2 2 1 1 1836 2025 2026
5178 2 2 1 1 4018 515 4024
5179 2 2 1 1 2647 2649 4019
5180 2 2 1 1 3881 2647 4019
5181 2 2 1 1 1733 2645 2646
5182 2 2 1 1 1099 514 4018
5183 2 2 1 1 4014 2447 4017
5184 2 2 1 1 3827 2413 4013
5185 2 2 1 1 2413 2414 4013
5186 2 2 1 1 2434 3881 4019
5187 2 2 1 1 516 1054 4024
5188 2 2 1 1 2494 3168 3169
5189 2 2 1 1 1213 3963 4025
5190 2 2 1 1 1621 3958 4026
5191 2 2 1 1 2300 1928 4026
5192 2 2 1 1 24 439 3840
5193 2 2 1 1 439 1047 3840
5194 2 2 1 1 2041 1735 2042
5195 2 2 1 1 2827 4018 4024
5196 2 2 1 1 3963 3908 4020
5197 2 2 1 1 1281 1353 4021
5198 2 2 1 1 3958 1213 4029
5199 2 2 1 1 3849 1998 4022
5200 2 2 1 1 1998 2021 4022
5201 2 2 1 1 2417 3117 3118
5202 2 2 1 1 2649 2650 4025
5203 2 2 1 1 3851 2421 4023
5204 2 2 1 1 1411 3851 4023
5205 2 2 1 1 2443 2442 2444
5206 2 2 1 1 1353 2454 2455
5207 2 2 1 1 1184 1518 3854
5208 2 2 1 1 1518 1705 3854
5209 2 2 1 1 2414 2416 2417
5210 2 2 1 1 4028 1410 4081
5211 2 2 1 1 1704 2067 4027
5212 2 2 1 1 1705 1704 4027
5213 2 2 1 1 515 516 4024
5214 2 2 1 1 4020 2649 4025
5215 2 2 1 1 2417 2416 2418
5216 2 2 1 1 2455 2454 2458
5217 2 2 1 1 33 493 3837
5218 2 2 1 1 493 1046 3837
5219 2 2 1 1 1928 1621 4026
5220 2 2 1 1 3850 1417 4030
5221 2 2 1 1 3850 4030 4031
5222 2 2 1 1 3118 3117 3119
5223 2 2 1 1 1213 4025 4029
5224 2 2 1 1 2648 2646 4015
5225 2 2 1 1 2953 2648 4015
5226 2 2 1 1 2417 3118 4013
5227 2 2 1 1 2414 2417 4013
5228 2 2 1 1 2360 2359 2361
5229 2 2 1 1 4023 2448 4033
5230 2 2 1 1 2021 2359 2360
5231 2 2 1 1 1556 1562 1575
5232 2 2 1 1 3963 4020 4025
5233 2 2 1 1 2360 2828 4022
5234 2 2 1 1 2646 3042 4015
5235 2 2 1 1 2421 2442 2443
5236 2 2 1 1 2949 2950 3268
5237 2 2 1 1 3827 4013 4030
5238 2 2 1 1 2650 3826 4029
5239 2 2 1 1 1733 1676 2645
5240 2 2 1 1 2417 2418 3117
5241 2 2 1 1 1056 1285 3787
5242 2 2 1 1 1417 3827 4030
5243 2 2 1 1 2646 2645 3042
5244 2 2 1 1 4025 2650 4029
5245 2 2 1 1 1046 3850 4031
5246 2 2 1 1 1641 1919 1966
5247 2 2 1 1 2460 2457 2461
5248 2 2 1 1 2067 2820 2905
5249 2 2 1 1 2021 2360 4022
5250 2 2 1 1 2421 2443 4023
5251 2 2 1 1 2443 2448 4023
5252 2 2 1 1 2443 2445 2448
5253 2 2 1 1 2460 2461 2462
5254 2 2 1 1 4013 3118 4030
5255 2 2 1 1 2448 2449 2450
5256 2 2 1 1 1864 1865 1866
5257 2 2 1 1 4030 3118 4031
5258 2 2 1 1 1152 3848 4038
5259 2 2 1 1 2067 2905 4027
5260 2 2 1 1 2467 2466 2468
5261 2 2 1 1 384 1065 4034
5262 2 2 1 1 383 384 4034
5263 2 2 1 1 1282 1055 3996
5264 2 2 1 1 1351 1282 3996
5265 2 2 1 1 1353 1349 2454
5266 2 2 1 1 2360 2390 2828
5267 2 2 1 1 3118 3119 4031
5268 2 2 1 1 401 402 4036
5269 2 2 1 1 402 1056 4036
5270 2 2 1 1 2448 2450 4033
5271 2 2 1 1 2443 2444 2445
5272 2 2 1 1 3849 4022 4038
5273 2 2 1 1 1046 4031 4035
5274 2 2 1 1 1139 1283 1838
5275 2 2 1 1 2445 2444 4037
5276 2 2 1 1 1919 1351 3996
5277 2 2 1 1 2486 2024 2487
5278 2 2 1 1 1369 1371 1688
5279 2 2 1 1 2449 2445 2452
5280 2 2 1 1 3848 3849 4038
5281 2 2 1 1 2836 2089 3788
5282 2 2 1 1 2681 1919 3996
5283 2 2 1 1 3837 1046 4035
5284 2 2 1 1 1657 1658 3770
5285 2 2 1 1 2751 2481 3824
5286 2 2 1 1 1826 2830 4034
5287 2 2 1 1 2025 2728 4016
5288 2 2 1 1 1780 1450 4042
5289 2 2 1 1 560 561 3993
5290 2 2 1 1 1052 560 3993
5291 2 2 1 1 1229 1231 2050
5292 2 2 1 1 3581 3582 3583
5293 2 2 1 1 2026 2025 4016
5294 2 2 1 1 2452 2445 4037
5295 2 2 1 1 4031 3119 4035
5296 2 2 1 1 645 646 4039
5297 2 2 1 1 2955 2954 3131
5298 2 2 1 1 1065 1177 1826
5299 2 2 1 1 2448 2445 2449
5300 2 2 1 1 4022 2828 4038
5301 2 2 1 1 2360 2361 2390
5302 2 2 1 1 1844 4080 4093
5303 2 2 1 1 1075 400 3931
5304 2 2 1 1 400 401 3931
5305 2 2 1 1 2780 3171 3606
5306 2 2 1 1 2390 2361 3573
5307 2 2 1 1 2346 2401 3811
5308 2 2 1 1 2795 2139 3618
5309 2 2 1 1 3042 2645 3067
5310 2 2 1 1 3158 2751 3824
5311 2 2 1 1 973 1590 3978
5312 2 2 1 1 53 973 3978
5313 2 2 1 1 2459 2457 2460
5314 2 2 1 1 2219 2949 4041
5315 2 2 1 1 1966 2325 2737
5316 2 2 1 1 2628 3316 4556
5317 2 2 1 1 2716 2715 3387
5318 2 2 1 1 1664 1376 1665
5319 2 2 1 1 2798 2279 3986
5320 2 2 1 1 481 482 3872
5321 2 2 1 1 482 680 3872
5322 2 2 1 1 2030 2756 2780
5323 2 2 1 1 2335 2336 2337
5324 2 2 1 1 646 1411 4039
5325 2 2 1 1 4033 2829 4039
5326 2 2 1 1 1349 1350 4032
5327 2 2 1 1 1820 2918 3994
5328 2 2 1 1 1782 2056 2057
5329 2 2 1 1 3235 3233 3237
5330 2 2 1 1 1658 2794 3770
5331 2 2 1 1 2450 2451 2453
5332 2 2 1 1 3606 3171 3607
5333 2 2 1 1 1065 1826 4034
5334 2 2 1 1 1777 1365 2466
5335 2 2 1 1 1427 382 4048
5336 2 2 1 1 1415 1985 3083
5337 2 2 1 1 645 4039 4051
5338 2 2 1 1 1053 644 4051
5339 2 2 1 1 2782 2026 4016
5340 2 2 1 1 1411 4033 4039
5341 2 2 1 1 3931 401 4036
5342 2 2 1 1 1053 4051 4056
5343 2 2 1 1 662 32 905
5344 2 2 1 1 3164 2754 3270
5345 2 2 1 1 561 562 1418
5346 2 2 1 1 1357 1785 1786
5347 2 2 1 1 649 1589 3930
5348 2 2 1 1 59 649 3930
5349 2 2 1 1 3156 2468 3473
5350 2 2 1 1 1676 1540 4044
5351 2 2 1 1 419 420 4046
5352 2 2 1 1 1153 419 4046
5353 2 2 1 1 35 907 3785
5354 2 2 1 1 2486 2487 2494
5355 2 2 1 1 2219 2607 2949
5356 2 2 1 1 2454 1349 4032
5357 2 2 1 1 2832 2334 3921
5358 2 2 1 1 1056 3787 4036
5359 2 2 1 1 1245 983 1246
5360 2 2 1 1 2469 4070 4076
5361 2 2 1 1 383 4034 4048
5362 2 2 1 1 2777 2451 2778
5363 2 2 1 1 1352 1351 1641
5364 2 2 1 1 341 342 4050
5365 2 2 1 1 342 666 4050
5366 2 2 1 1 2645 1676 4044
5367 2 2 1 1 2302 2613 2614
5368 2 2 1 1 701 3686 3687
5369 2 2 1 1 1845 1846 1847
5370 2 2 1 1 1247 1246 2847
5371 2 2 1 1 2447 2783 4017
5372 2 2 1 1 1845 2718 4040
5373 2 2 1 1 2781 2026 2782
5374 2 2 1 1 3318 2626 4554
5375 2 2 1 1 2450 2449 2451
5376 2 2 1 1 1079 905 1631
5377 2 2 1 1 917 915 4178
5378 2 2 1 1 1375 1374 1376
5379 2 2 1 1 382 383 4048
5380 2 2 1 1 450 1139 3847
5381 2 2 1 1 449 450 3847
5382 2 2 1 1 2308 2307 2891
5383 2 2 1 1 2145 2739 2740
5384 2 2 1 1 1838 3812 3847
5385 2 2 1 1 1898 1897 1899
5386 2 2 1 1 1838 1283 1839
5387 2 2 1 1 2447 2026 2781
5388 2 2 1 1 561 1418 3993
5389 2 2 1 1 3583 3582 3584
5390 2 2 1 1 1350 1354 4032
5391 2 2 1 1 2290 2624 3006
5392 2 2 1 1 2489 1335 2840
5393 2 2 1 1 31 481 1439
5394 2 2 1 1 2436 2488 3972
5395 2 2 1 1 2436 2024 2486
5396 2 2 1 1 4039 2829 4051
5397 2 2 1 1 1820 2917 2918
5398 2 2 1 1 644 645 4051
5399 2 2 1 1 1415 31 1985
5400 2 2 1 1 1459 933 2558
5401 2 2 1 1 1350 1351 1352
5402 2 2 1 1 3035 2798 3093
5403 2 2 1 1 2471 2105 2472
5404 2 2 1 1 2469 4066 4070
5405 2 2 1 1 1862 1863 1864
5406 2 2 1 1 2627 3320 4555
5407 2 2 1 1 2040 2346 3811
5408 2 2 1 1 1350 1352 1354
5409 2 2 1 1 2471 2473 4081
5410 2 2 1 1 1607 257 3784
5411 2 2 1 1 3067 2645 4044
5412 2 2 1 1 2027 1839 3027
5413 2 2 1 1 485 486 3871
5414 2 2 1 1 486 662 3871
5415 2 2 1 1 483 484 3846
5416 2 2 1 1 680 483 3846
5417 2 2 1 1 4034 2830 4048
5418 2 2 1 1 1372 1370 1374
5419 2 2 1 1 2453 2451 2777
5420 2 2 1 1 2780 2756 3171
5421 2 2 1 1 1826 2029 2030
5422 2 2 1 1 2474 2477 3816
5423 2 2 1 1 1397 703 3753
5424 2 2 1 1 541 542 1432
5425 2 2 1 1 1540 1041 1701
5426 2 2 1 1 339 340 1435
5427 2 2 1 1 2352 2354 2531
5428 2 2 1 1 4032 1777 4058
5429 2 2 1 1 887 868 3656
5430 2 2 1 1 1266 1035 1341
5431 2 2 1 1 2044 1800 2386
5432 2 2 1 1 1269 1271 1961
5433 2 2 1 1 1139 1838 3847
5434 2 2 1 1 1368 1367 1438
5435 2 2 1 1 420 17 2744
5436 2 2 1 1 4051 2829 4056
5437 2 2 1 1 2447 2781 2783
5438 2 2 1 1 1171 1170 2134
5439 2 2 1 1 577 578 3921
5440 2 2 1 1 1154 577 3921
5441 2 2 1 1 3842 3994 4061
5442 2 2 1 1 3877 2422 4061
5443 2 2 1 1 1416 448 4063
5444 2 2 1 1 1860 1861 1862
5445 2 2 1 1 2908 1698 2909
5446 2 2 1 1 1439 481 3872
5447 2 2 1 1 2030 2029 2756
5448 2 2 1 1 1826 1177 2029
5449 2 2 1 1 666 672 1837
5450 2 2 1 1 1178 1180 1286
5451 2 2 1 1 2781 2782 3641
5452 2 2 1 1 1366 1355 1367
5453 2 2 1 1 1563 1564 1567
5454 2 2 1 1 2436 2486 2488
5455 2 2 1 1 1438 2954 2955
5456 2 2 1 1 1858 1859 1860
5457 2 2 1 1 2463 2462 2464
5458 2 2 1 1 2829 2453 4056
5459 2 2 1 1 2454 4032 4058
5460 2 2 1 1 2478 4028 4081
5461 2 2 1 1 3877 4061 4062
5462 2 2 1 1 2614 2713 3132
5463 2 2 1 1 2458 2454 4058
5464 2 2 1 1 1702 1636 4131
5465 2 2 1 1 2584 2585 2692
5466 2 2 1 1 1845 1844 1846
5467 2 2 1 1 1354 1355 1365
5468 2 2 1 1 1879 1268 1880
5469 2 2 1 1 1784 1356 1876
5470 2 2 1 1 1660 1631 2310
5471 2 2 1 1 4094 3137 4126
5472 2 2 1 1 983 1264 4060
5473 2 2 1 1 2335 2334 2336
5474 2 2 1 1 1540 1701 4044
5475 2 2 1 1 3578 3580 3581
5476 2 2 1 1 2333 1154 2334
5477 2 2 1 1 1665 1735 2041
5478 2 2 1 1 1652 1341 1774
5479 2 2 1 1 2482 2475 3816
5480 2 2 1 1 2422 3842 4061
5481 2 2 1 1 1590 3877 4062
5482 2 2 1 1 2475 2474 3816
5483 2 2 1 1 420 2744 4046
5484 2 2 1 1 2460 2462 2463
5485 2 2 1 1 2338 4103 4106
5486 2 2 1 1 1788 1787 1789
5487 2 2 1 1 2470 1920 4071
5488 2 2 1 1 1246 983 4060
5489 2 2 1 1 3847 3812 4063
5490 2 2 1 1 2042 2090 2282
5491 2 2 1 1 1302 2160 2219
5492 2 2 1 1 697 698 699
5493 2 2 1 1 1366 1368 1369
5494 2 2 1 1 2718 1847 4067
5495 2 2 1 1 2031 2499 2595
5496 2 2 1 1 666 1837 4050
5497 2 2 1 1 1820 1295 2916
5498 2 2 1 1 448 449 4063
5499 2 2 1 1 877 983 1245
5500 2 2 1 1 449 3847 4063
5501 2 2 1 1 484 485 1877
5502 2 2 1 1 1839 1283 3823
5503 2 2 1 1 2909 1698 4084
5504 2 2 1 1 1302 2219 3823
5505 2 2 1 1 1285 1362 1363
5506 2 2 1 1 1868 1869 1870
5507 2 2 1 1 2334 1154 3921
5508 2 2 1 1 1966 2737 4070
5509 2 2 1 1 2283 2470 2731
5510 2 2 1 1 1856 1855 1857
5511 2 2 1 1 1354 1352 1355
5512 2 2 1 1 2466 1365 4052
5513 2 2 1 1 17 397 1356
5514 2 2 1 1 1786 1785 1787
5515 2 2 1 1 2004 2715 2716
5516 2 2 1 1 579 1101 4077
5517 2 2 1 1 1366 1367 1368
5518 2 2 1 1 1854 1853 1855
5519 2 2 1 1 2161 1592 2912
5520 2 2 1 1 2918 2917 2919
5521 2 2 1 1 1093 2489 4069
5522 2 2 1 1 1249 857 1250
5523 2 2 1 1 451 670 3945
5524 2 2 1 1 26 451 3945
5525 2 2 1 1 933 929 4186
5526 2 2 1 1 1368 1438 4065
5527 2 2 1 1 1366 1369 4052
5528 2 2 1 1 1352 1641 4066
5529 2 2 1 1 1365 1355 1366
5530 2 2 1 1 1245 1246 1247
5531 2 2 1 1 1500 4395 4430
5532 2 2 1 1 1369 1368 1370
5533 2 2 1 1 2453 2777 2779
5534 2 2 1 1 1641 1966 4070
5535 2 2 1 1 1820 2916 2917
5536 2 2 1 1 3994 2918 4061
5537 2 2 1 1 2339 2337 2596
5538 2 2 1 1 2505 2637 2686
5539 2 2 1 1 911 36 2750
5540 2 2 1 1 47 1154 2332
5541 2 2 1 1 1847 1849 4067
5542 2 2 1 1 2453 2779 4056
5543 2 2 1 1 2064 1247 2732
5544 2 2 1 1 2338 2336 4103
5545 2 2 1 1 2057 2056 2786
5546 2 2 1 1 2779 2777 3162
5547 2 2 1 1 2955 3131 4072
5548 2 2 1 1 1406 788 3713
5549 2 2 1 1 1367 1355 4066
5550 2 2 1 1 1375 1376 1664
5551 2 2 1 1 4077 1101 4085
5552 2 2 1 1 1774 1844 1845
5553 2 2 1 1 662 905 961
5554 2 2 1 1 4028 2833 4098
5555 2 2 1 1 1438 2955 4065
5556 2 2 1 1 1365 1366 4052
5557 2 2 1 1 588 1069 3928
5558 2 2 1 1 587 588 3928
5559 2 2 1 1 453 454 1431
5560 2 2 1 1 3027 1839 3823
5561 2 2 1 1 484 1877 3846
5562 2 2 1 1 1877 485 3871
5563 2 2 1 1 3581 3580 3582
5564 2 2 1 1 1866 1867 1868
5565 2 2 1 1 1374 1370 4065
5566 2 2 1 1 1372 1374 1375
5567 2 2 1 1 1139 1140 1283
5568 2 2 1 1 2064 2732 2733
5569 2 2 1 1 2919 2917 3212
5570 2 2 1 1 4066 1641 4070
5571 2 2 1 1 1492 1496 4187
5572 2 2 1 1 1069 1879 3928
5573 2 2 1 1 17 1356 1357
5574 2 2 1 1 2756 2029 3161
5575 2 2 1 1 2064 2733 2834
5576 2 2 1 1 1093 1334 1335
5577 2 2 1 1 2949 2607 2950
5578 2 2 1 1 1692 1643 4079
5579 2 2 1 1 1593 909 3685
5580 2 2 1 1 1846 1844 4093
5581 2 2 1 1 4061 2918 4062
5582 2 2 1 1 2130 1942 3733
5583 2 2 1 1 774 769 4088
5584 2 2 1 1 1782 1363 2056
5585 2 2 1 1 1139 26 1140
5586 2 2 1 1 1376 1374 4092
5587 2 2 1 1 1079 1631 1660
5588 2 2 1 1 2783 2781 4064
5589 2 2 1 1 3921 578 4077
5590 2 2 1 1 1849 1875 4067
5591 2 2 1 1 2832 3921 4077
5592 2 2 1 1 2758 1287 2785
5593 2 2 1 1 3097 2276 3098
5594 2 2 1 1 578 579 4077
5595 2 2 1 1 2954 2469 4076
5596 2 2 1 1 1254 1256 1258
5597 2 2 1 1 2908 2909 3116
5598 2 2 1 1 1853 1850 3775
5599 2 2 1 1 3658 3657 3660
5600 2 2 1 1 2781 3641 4064
5601 2 2 1 1 4103 2488 4106
5602 2 2 1 1 1245 1247 2064
5603 2 2 1 1 1664 1665 4071
5604 2 2 1 1 716 693 1728
5605 2 2 1 1 2219 2160 2607
5606 2 2 1 1 961 1092 1093
5607 2 2 1 1 2840 1335 3095
5608 2 2 1 1 2332 1154 2333
5609 2 2 1 1 2402 857 4099
5610 2 2 1 1 1774 1341 1844
5611 2 2 1 1 2767 2768 3248
5612 2 2 1 1 2490 1969 2491
5613 2 2 1 1 1896 1895 1897
5614 2 2 1 1 1849 1851 1875
5615 2 2 1 1 1370 1368 4065
5616 2 2 1 1 1410 4028 4098
5617 2 2 1 1 3011 2113 4118
5618 2 2 1 1 1790 1789 1791
5619 2 2 1 1 1357 1784 1785
5620 2 2 1 1 2335 2337 2339
5621 2 2 1 1 846 877 4078
5622 2 2 1 1 1355 1352 4066
5623 2 2 1 1 1659 1713 1956
5624 2 2 1 1 2474 2476 2477
5625 2 2 1 1 1283 1302 3823
5626 2 2 1 1 672 677 4049
5627 2 2 1 1 442 1410 4098
5628 2 2 1 1 2333 2334 2335
5629 2 2 1 1 2918 2919 4062
5630 2 2 1 1 1269 1961 4083
5631 2 2 1 1 963 1005 1029
5632 2 2 1 1 3578 3577 3580
5633 2 2 1 1 1785 1784 2362
5634 2 2 1 1 1357 1356 1784
5635 2 2 1 1 1921 1920 2283
5636 2 2 1 1 737 736 738
5637 2 2 1 1 1583 1693 3613
5638 2 2 1 1 948 950 4172
5639 2 2 1 1 3871 662 4069
5640 2 2 1 1 1571 1583 1584
5641 2 2 1 1 1369 1370 1371
5642 2 2 1 1 961 905 1079
5643 2 2 1 1 1302 1140 1592
5644 2 2 1 1 2139 1780 4042
5645 2 2 1 1 3972 2488 4085
5646 2 2 1 1 2473 2478 4081
5647 2 2 1 1 1974 1973 2048
5648 2 2 1 1 1665 2041 4071
5649 2 2 1 1 3035 3093 3185
5650 2 2 1 1 1035 957 4080
5651 2 2 1 1 892 27 2800
5652 2 2 1 1 768 764 816
5653 2 2 1 1 1334 1092 1698
5654 2 2 1 1 1283 1140 1302
5655 2 2 1 1 1144 1145 1284
5656 2 2 1 1 1371 1370 1372
5657 2 2 1 1 3228 3226 3820
5658 2 2 1 1 3145 2342 3325
5659 2 2 1 1 3239 3236 3240
5660 2 2 1 1 1093 1092 1334
5661 2 2 1 1 1857 1855 1878
5662 2 2 1 1 1858 1857 1859
5663 2 2 1 1 1879 3790 3928
5664 2 2 1 1 877 1245 4078
5665 2 2 1 1 4098 2833 4116
5666 2 2 1 1 1101 3972 4085
5667 2 2 1 1 2352 2353 2354
5668 2 2 1 1 2290 1922 2624
5669 2 2 1 1 1837 672 4049
5670 2 2 1 1 3718 3719 4122
5671 2 2 1 1 1816 1654 1957
5672 2 2 1 1 1144 41 1145
5673 2 2 1 1 1302 1592 2160
5674 2 2 1 1 2283 2731 4073
5675 2 2 1 1 2633 1988 3663
5676 2 2 1 1 1666 1921 2495
5677 2 2 1 1 2595 2499 3056
5678 2 2 1 1 782 825 4109
5679 2 2 1 1 2161 2912 2913
5680 2 2 1 1 2474 2472 2476
5681 2 2 1 1 1699 1698 2908
5682 2 2 1 1 985 986 1082
5683 2 2 1 1 2160 1592 2161
5684 2 2 1 1 2280 2281 2796
5685 2 2 1 1 2281 2279 2798
5686 2 2 1 1 1920 1664 4071
5687 2 2 1 1 1658 2793 2794
5688 2 2 1 1 2835 2836 4185
5689 2 2 1 1 1666 1664 1920
5690 2 2 1 1 961 1079 1092
5691 2 2 1 1 2127 2126 2858
5692 2 2 1 1 3618 2139 4042
5693 2 2 1 1 1375 1664 1666
5694 2 2 1 1 2541 2513 2602
5695 2 2 1 1 662 961 4069
5696 2 2 1 1 1334 1698 1699
5697 2 2 1 1 1463 1461 1464
5698 2 2 1 1 1056 1083 1285
5699 2 2 1 1 2832 4077 4085
5700 2 2 1 1 3801 4544 4567
5701 2 2 1 1 2064 2834 4078
5702 2 2 1 1 1047 440 4116
5703 2 2 1 1 914 913 1001
5704 2 2 1 1 909 910 985
5705 2 2 1 1 1699 2908 2910
5706 2 2 1 1 1177 1178 4047
5707 2 2 1 1 2836 3789 4179
5708 2 2 1 1 2837 2835 4195
5709 2 2 1 1 3224 3227 3700
5710 2 2 1 1 1584 1583 3613
5711 2 2 1 1 3571 3425 3572
5712 2 2 1 1 665 27 892
5713 2 2 1 1 695 701 4107
5714 2 2 1 1 701 3575 3686
5715 2 2 1 1 1330 1145 1632
5716 2 2 1 1 2874 2014 3076
5717 2 2 1 1 2339 2596 3055
5718 2 2 1 1 2488 2486 4106
5719 2 2 1 1 1789 1787 3174
5720 2 2 1 1 1267 1162 1361
5721 2 2 1 1 1056 18 1083
5722 2 2 1 1 1666 1920 1921
5723 2 2 1 1 1245 2064 4078
5724 2 2 1 1 752 759 3766
5725 2 2 1 1 1426 586 4117
5726 2 2 1 1 1325 1326 1327
5727 2 2 1 1 1285 1083 1362
5728 2 2 1 1 3006 2624 3021
5729 2 2 1 1 4065 2955 4092
5730 2 2 1 1 2962 1989 4134
5731 2 2 1 1 2083 2081 2561
5732 2 2 1 1 1329 1721 1722
5733 2 2 1 1 1257 1255 4163
5734 2 2 1 1 3476 3223 4303
5735 2 2 1 1 1258 1256 4152
5736 2 2 1 1 3405 3261 4223
5737 2 2 1 1 1341 1035 4080
5738 2 2 1 1 677 682 855
5739 2 2 1 1 682 694 4082
5740 2 2 1 1 1921 2283 2521
5741 2 2 1 1 2789 2537 2790
5742 2 2 1 1 846 4078 4109
5743 2 2 1 1 2332 2333 2980
5744 2 2 1 1 3709 3712 4159
5745 2 2 1 1 1862 1861 1863
5746 2 2 1 1 1327 1328 1329
5747 2 2 1 1 1225 1227 4075
5748 2 2 1 1 2029 1177 4047
5749 2 2 1 1 3420 3422 3423
5750 2 2 1 1 1226 1225 1331
5751 2 2 1 1 3237 3233 3820
5752 2 2 1 1 694 695 4107
5753 2 2 1 1 1286 1180 1287
5754 2 2 1 1 3786 955 4102
5755 2 2 1 1 4085 2488 4103
5756 2 2 1 1 1860 1859 1861
5757 2 2 1 1 2833 2493 4129
5758 2 2 1 1 1870 1871 1874
5759 2 2 1 1 961 1093 4069
5760 2 2 1 1 3233 3228 3820
5761 2 2 1 1 1844 1341 4080
5762 2 2 1 1 1864 1863 1865
5763 2 2 1 1 980 1225 1226
5764 2 2 1 1 2483 1846 4093
5765 2 2 1 1 2482 3816 4108
5766 2 2 1 1 3775 2483 4149
5767 2 2 1 1 441 442 4098
5768 2 2 1 1 2955 4072 4092
5769 2 2 1 1 2144 2146 2147
5770 2 2 1 1 950 978 1113
5771 2 2 1 1 2217 2218 2693
5772 2 2 1 1 1192 1191 1513
5773 2 2 1 1 938 937 939
5774 2 2 1 1 3185 3186 3187
5775 2 2 1 1 2051 1344 4163
5776 2 2 1 1 3781 1607 3784
5777 2 2 1 1 2779 3162 3655
5778 2 2 1 1 1469 1468 1470
5779 2 2 1 1 1855 1853 4100
5780 2 2 1 1 2281 2798 3035
5781 2 2 1 1 1853 3775 4100
5782 2 2 1 1 2280 2279 2281
5783 2 2 1 1 2521 2283 4073
5784 2 2 1 1 4078 2834 4109
5785 2 2 1 1 1178 1286 4047
5786 2 2 1 1 1374 4065 4092
5787 2 2 1 1 926 923 1170
5788 2 2 1 1 1657 1601 1658
5789 2 2 1 1 1358 1360 1656
5790 2 2 1 1 2097 2962 2987
5791 2 2 1 1 1372 1375 4087
5792 2 2 1 1 1079 1660 4084
5793 2 2 1 1 1143 2104 2105
5794 2 2 1 1 3816 3817 4108
5795 2 2 1 1 737 738 739
5796 2 2 1 1 2333 2335 4089
5797 2 2 1 1 912 914 4181
5798 2 2 1 1 701 697 3575
5799 2 2 1 1 2483 4093 4102
5800 2 2 1 1 2764 2370 4095
5801 2 2 1 1 2336 2832 4103
5802 2 2 1 1 912 911 913
5803 2 2 1 1 907 908 909
5804 2 2 1 1 1297 1682 1683
5805 2 2 1 1 1284 1330 1358
5806 2 2 1 1 1863 1861 1883
5807 2 2 1 1 1698 1092 4084
5808 2 2 1 1 2486 2494 4106
5809 2 2 1 1 1331 1225 4075
5810 2 2 1 1 587 3928 4117
5811 2 2 1 1 1371 1372 1373
5812 2 2 1 1 2477 2476 3019
5813 2 2 1 1 3161 2029 4047
5814 2 2 1 1 1448 1640 1715
5815 2 2 1 1 2614 3132 3821
5816 2 2 1 1 3543 1400 3544
5817 2 2 1 1 1092 1079 4084
5818 2 2 1 1 707 687 2408
5819 2 2 1 1 2790 2537 4303
5820 2 2 1 1 2832 4085 4103
5821 2 2 1 1 1878 1855 4100
5822 2 2 1 1 825 846 4109
5823 2 2 1 1 1874 2091 2092
5824 2 2 1 1 2031 1880 2499
5825 2 2 1 1 989 987 1673
5826 2 2 1 1 4069 2489 4115
5827 2 2 1 1 441 4098 4116
5828 2 2 1 1 1691 1710 4094
5829 2 2 1 1 2329 3136 3137
5830 2 2 1 1 1866 1865 1867
5831 2 2 1 1 1363 1362 4055
5832 2 2 1 1 2235 2857 4304
5833 2 2 1 1 1251 1252 1253
5834 2 2 1 1 2335 2339 4089
5835 2 2 1 1 1984 2484 2485
5836 2 2 1 1 3871 4069 4115
5837 2 2 1 1 1727 2177 2178
5838 2 2 1 1 4093 3786 4102
5839 2 2 1 1 849 948 1681
5840 2 2 1 1 1465 1464 1466
5841 2 2 1 1 677 855 4049
5842 2 2 1 1 3408 3121 5091
5843 2 2 1 1 1722 1721 3752
5844 2 2 1 1 2836 4179 4185
5845 2 2 1 1 1028 1440 1441
5846 2 2 1 1 1006 964 1456
5847 2 2 1 1 2868 2886 2887
5848 2 2 1 1 2056 1363 4055
5849 2 2 1 1 2451 2449 4148
5850 2 2 1 1 2980 2333 4089
5851 2 2 1 1 2508 1778 3183
5852 2 2 1 1 665 892 963
5853 2 2 1 1 1752 2302 4112
5854 2 2 1 1 586 587 4117
5855 2 2 1 1 3928 3790 4117
5856 2 2 1 1 925 1884 4143
5857 2 2 1 1 2835 4185 4195
5858 2 2 1 1 1375 1666 4087
5859 2 2 1 1 440 441 4116
5860 2 2 1 1 1877 3871 4115
5861 2 2 1 1 3711 1406 3713
5862 2 2 1 1 1670 2500 4055
5863 2 2 1 1 3721 3718 4122
5864 2 2 1 1 1666 2495 4087
5865 2 2 1 1 1889 1686 2126
5866 2 2 1 1 1254 1258 3702
5867 2 2 1 1 1955 2187 2685
5868 2 2 1 1 1570 1573 1574
5869 2 2 1 1 3021 2624 3063
5870 2 2 1 1 264 265 4157
5871 2 2 1 1 2536 2865 2866
5872 2 2 1 1 849 1681 4314
5873 2 2 1 1 1284 1145 1330
5874 2 2 1 1 1894 1893 1895
5875 2 2 1 1 1710 2329 4094
5876 2 2 1 1 1600 1273 1601
5877 2 2 1 1 2973 2974 2975
5878 2 2 1 1 1618 1617 1723
5879 2 2 1 1 2472 2105 4130
5880 2 2 1 1 2837 4195 4212
5881 2 2 1 1 2077 1791 2078
5882 2 2 1 1 2087 2204 3668
5883 2 2 1 1 35 505 814
5884 2 2 1 1 510 36 813
5885 2 2 1 1 2500 2059 3810
5886 2 2 1 1 611 612 715
5887 2 2 1 1 403 404 714
5888 2 2 1 1 855 682 4082
5889 2 2 1 1 2354 2353 2355
5890 2 2 1 1 2078 2080 2509
5891 2 2 1 1 4153 1751 4154
5892 2 2 1 1 3222 3224 3700
5893 2 2 1 1 1041 1040 4045
5894 2 2 1 1 1373 1372 4087
5895 2 2 1 1 2812 2810 2813
5896 2 2 1 1 2485 2849 2850
5897 2 2 1 1 1260 1088 1261
5898 2 2 1 1 759 1663 3766
5899 2 2 1 1 3485 881 4239
5900 2 2 1 1 1362 1083 1594
5901 2 2 1 1 1090 1532 1674
5902 2 2 1 1 4276 3819 4294
5903 2 2 1 1 1988 1692 4079
5904 2 2 1 1 1975 2387 4250
5905 2 2 1 1 1143 21 2104
5906 2 2 1 1 3636 3638 3639
5907 2 2 1 1 1739 2211 2542
5908 2 2 1 1 1544 2138 3128
5909 2 2 1 1 1253 1254 3702
5910 2 2 1 1 3580 3577 3586
5911 2 2 1 1 3652 1191 4156
5912 2 2 1 1 2623 3101 3123
5913 2 2 1 1 1701 1041 4045
5914 2 2 1 1 1069 1070 1268
5915 2 2 1 1 1776 1538 2397
5916 2 2 1 1 813 36 911
5917 2 2 1 1 35 814 907
5918 2 2 1 1 3552 3551 3553
5919 2 2 1 1 2059 2804 3810
5920 2 2 1 1 3723 3721 4216
5921 2 2 1 1 1814 1625 1903
5922 2 2 1 1 2493 2539 4129
5923 2 2 1 1 3466 1301 3469
5924 2 2 1 1 991 989 4158
5925 2 2 1 1 1868 1867 1869
5926 2 2 1 1 641 642 718
5927 2 2 1 1 2703 2013 2704
5928 2 2 1 1 3692 1480 4151
5929 2 2 1 1 1496 1739 4187
5930 2 2 1 1 1914 2197 2589
5931 2 2 1 1 764 755 4068
5932 2 2 1 1 2093 2684 4191
5933 2 2 1 1 1514 1513 1677
5934 2 2 1 1 1905 1904 2578
5935 2 2 1 1 1816 1957 4113
5936 2 2 1 1 1953 1902 1954
5937 2 2 1 1 1156 2317 2318
5938 2 2 1 1 1487 1491 1503
5939 2 2 1 1 2302 2614 4112
5940 2 2 1 1 732 722 736
5941 2 2 1 1 2476 2472 4130
5942 2 2 1 1 1678 1677 1900
5943 2 2 1 1 4137 1451 4138
5944 2 2 1 1 1869 1867 2095
5945 2 2 1 1 2195 1903 2196
5946 2 2 1 1 1922 1816 4113
5947 2 2 1 1 3245 2673 4390
5948 2 2 1 1 701 3687 4107
5949 2 2 1 1 1654 1361 3815
5950 2 2 1 1 3552 3553 3763
5951 2 2 1 1 963 964 1005
5952 2 2 1 1 365 366 719
5953 2 2 1 1 3129 2945 3701
5954 2 2 1 1 915 46 2757
5955 2 2 1 1 1441 1442 1443
5956 2 2 1 1 2385 2258 4120
5957 2 2 1 1 3454 1398 3455
5958 2 2 1 1 2624 1922 4113
5959 2 2 1 1 1880 1268 4083
5960 2 2 1 1 1456 964 4141
5961 2 2 1 1 1361 1655 3815
5962 2 2 1 1 963 892 964
5963 2 2 1 1 505 506 4104
5964 2 2 1 1 1429 1930 4265
5965 2 2 1 1 1155 2222 2223
5966 2 2 1 1 1443 1444 1445
5967 2 2 1 1 1561 1566 4222
5968 2 2 1 1 1556 1575 4253
5969 2 2 1 1 1115 1021 1191
5970 2 2 1 1 4329 3794 4353
5971 2 2 1 1 1358 1330 1360
5972 2 2 1 1 2537 1057 3947
5973 2 2 1 1 1610 1841 1914
5974 2 2 1 1 3840 1047 4145
5975 2 2 1 1 1169 991 4158
5976 2 2 1 1 18 403 4105
5977 2 2 1 1 2581 2256 3039
5978 2 2 1 1 914 1090 4181
5979 2 2 1 1 1656 1700 1793
5980 2 2 1 1 533 534 702
5981 2 2 1 1 337 669 3941
5982 2 2 1 1 7 337 3941
5983 2 2 1 1 40 842 2752
5984 2 2 1 1 1362 1594 1670
5985 2 2 1 1 1901 1900 1902
5986 2 2 1 1 2380 2381 2791
5987 2 2 1 1 619 620 727
5988 2 2 1 1 889 881 967
5989 2 2 1 1 1651 1385 4153
5990 2 2 1 1 2545 3212 4972
5991 2 2 1 1 1673 987 4189
5992 2 2 1 1 892 2800 4141
5993 2 2 1 1 2329 3137 4094
5994 2 2 1 1 2449 2452 4148
5995 2 2 1 1 1649 1515 2636
5996 2 2 1 1 2502 1949 2503
5997 2 2 1 1 2306 1936 2307
5998 2 2 1 1 2614 3821 4112
5999 2 2 1 1 3002 2303 3411
6000 2 2 1 1 934 932 935
6001 2 2 1 1 2491 2492 2698
6002 2 2 1 1 1467 1468 1469
6003 2 2 1 1 761 752 3766
6004 2 2 1 1 3978 1590 4193
6005 2 2 1 1 456 665 4192
6006 2 2 1 1 3114 3151 3152
6007 2 2 1 1 1533 1002 4123
6008 2 2 1 1 3019 2476 3020
6009 2 2 1 1 1362 1670 4055
6010 2 2 1 1 2254 2497 2667
6011 2 2 1 1 1793 2179 2180
6012 2 2 1 1 2667 2877 2878
6013 2 2 1 1 1176 1778 2508
6014 2 2 1 1 4055 2500 4263
6015 2 2 1 1 2078 1791 2079
6016 2 2 1 1 1011 967 1012
6017 2 2 1 1 2105 2104 2788
6018 2 2 1 1 2698 2699 3142
6019 2 2 1 1 1870 1869 1871
6020 2 2 1 1 1178 1179 1180
6021 2 2 1 1 1892 1696 1893
6022 2 2 1 1 4122 3719 4225
6023 2 2 1 1 2105 2788 4130
6024 2 2 1 1 1492 1488 1493
6025 2 2 1 1 1361 1626 1655
6026 2 2 1 1 3063 2624 4113
6027 2 2 1 1 54 619 4124
6028 2 2 1 1 1096 1012 1098
6029 2 2 1 1 3663 1988 4079
6030 2 2 1 1 2085 2086 2087
6031 2 2 1 1 1249 1250 1251
6032 2 2 1 1 1957 1654 3815
6033 2 2 1 1 1066 15 4134
6034 2 2 1 1 792 832 1508
6035 2 2 1 1 1445 1446 1448
6036 2 2 1 1 3523 2586 3524
6037 2 2 1 1 1766 1773 2000
6038 2 2 1 1 642 58 4110
6039 2 2 1 1 870 868 887
6040 2 2 1 1 3098 2276 4238
6041 2 2 1 1 4097 4096 4533
6042 2 2 1 1 3183 1778 4213
6043 2 2 1 1 1094 1025 1095
6044 2 2 1 1 1178 1066 1179
6045 2 2 1 1 1273 1082 4160
6046 2 2 1 1 816 764 4068
6047 2 2 1 1 509 510 4174
6048 2 2 1 1 755 749 1409
6049 2 2 1 1 1080 1115 1162
6050 2 2 1 1 1655 1968 1969
6051 2 2 1 1 695 696 697
6052 2 2 1 1 1431 454 4198
6053 2 2 1 1 3792 2363 4139
6054 2 2 1 1 1020 1021 1080
6055 2 2 1 1 576 1071 4217
6056 2 2 1 1 3710 3709 4159
6057 2 2 1 1 3250 4307 4325
6058 2 2 1 1 1344 1257 4163
6059 2 2 1 1 2363 3770 4139
6060 2 2 1 1 1069 45 1070
6061 2 2 1 1 1715 2011 2012
6062 2 2 1 1 1001 1176 4123
6063 2 2 1 1 1993 1992 2098
6064 2 2 1 1 2499 1880 4083
6065 2 2 1 1 1047 4129 4145
6066 2 2 1 1 1268 1269 4083
6067 2 2 1 1 4100 3775 4149
6068 2 2 1 1 2584 2252 2585
6069 2 2 1 1 813 911 912
6070 2 2 1 1 907 814 908
6071 2 2 1 1 4367 2106 4431
6072 2 2 1 1 4062 2919 4193
6073 2 2 1 1 1115 1191 1192
6074 2 2 1 1 912 913 914
6075 2 2 1 1 909 908 910
6076 2 2 1 1 343 344 1595
6077 2 2 1 1 1503 1717 1718
6078 2 2 1 1 4129 2539 4145
6079 2 2 1 1 1674 1532 1686
6080 2 2 1 1 2394 3489 4309
6081 2 2 1 1 2532 2533 4261
6082 2 2 1 1 2193 2191 2663
6083 2 2 1 1 1005 1006 1020
6084 2 2 1 1 1040 1963 4045
6085 2 2 1 1 2082 2084 2085
6086 2 2 1 1 850 875 947
6087 2 2 1 1 265 753 4157
6088 2 2 1 1 1638 1616 1714
6089 2 2 1 1 2128 2872 4177
6090 2 2 1 1 2099 2098 2100
6091 2 2 1 1 1874 1871 2091
6092 2 2 1 1 3392 2051 4163
6093 2 2 1 1 3090 3089 3091
6094 2 2 1 1 914 1001 1002
6095 2 2 1 1 2149 2535 2536
6096 2 2 1 1 2998 2815 3141
6097 2 2 1 1 3423 3425 3571
6098 2 2 1 1 1708 1949 2502
6099 2 2 1 1 1131 1132 1133
6100 2 2 1 1 1133 1163 1164
6101 2 2 1 1 2489 2840 4240
6102 2 2 1 1 3097 3098 3099
6103 2 2 1 1 1129 1130 1131
6104 2 2 1 1 1268 1070 1269
6105 2 2 1 1 1005 964 1006
6106 2 2 1 1 3000 2931 3010
6107 2 2 1 1 1647 1270 1992
6108 2 2 1 1 4469 4037 4690
6109 2 2 1 1 2179 1700 2256
6110 2 2 1 1 1122 1123 1124
6111 2 2 1 1 758 763 1451
6112 2 2 1 1 1656 1360 1700
6113 2 2 1 1 4212 4115 4240
6114 2 2 1 1 667 8 4150
6115 2 2 1 1 2589 2630 2730
6116 2 2 1 1 2491 1969 2492
6117 2 2 1 1 1256 1310 4152
6118 2 2 1 1 908 814 2514
6119 2 2 1 1 1496 1493 1620
6120 2 2 1 1 1105 1015 1106
6121 2 2 1 1 964 892 4141
6122 2 2 1 1 2058 2977 3328
6123 2 2 1 1 1172 1095 1173
6124 2 2 1 1 2814 2813 2815
6125 2 2 1 1 2092 2091 2560
6126 2 2 1 1 1100 574 4237
6127 2 2 1 1 1181 917 4178
6128 2 2 1 1 1361 1162 1626
6129 2 2 1 1 2599 1697 4166
6130 2 2 1 1 2091 1871 2106
6131 2 2 1 1 3185 2519 5134
6132 2 2 1 1 2059 2060 2804
6133 2 2 1 1 852 830 881
6134 2 2 1 1 1531 1002 1533
6135 2 2 1 1 1287 1180 4133
6136 2 2 1 1 2387 3254 4250
6137 2 2 1 1 2354 2355 2356
6138 2 2 1 1 814 505 4104
6139 2 2 1 1 2504 2503 2505
6140 2 2 1 1 1968 1626 2841
6141 2 2 1 1 2692 2585 3007
6142 2 2 1 1 2988 2987 2989
6143 2 2 1 1 2286 2033 2665
6144 2 2 1 1 3020 2476 4130
6145 2 2 1 1 3114 3113 3151
6146 2 2 1 1 1394 3556 4269
6147 2 2 1 1 1601 1273 4160
6148 2 2 1 1 988 987 989
6149 2 2 1 1 1980 1979 1982
6150 2 2 1 1 2802 2063 2803
6151 2 2 1 1 2371 2370 2764
6152 2 2 1 1 403 714 4105
6153 2 2 1 1 733 726 735
6154 2 2 1 1 1813 1812 2911
6155 2 2 1 1 2552 2551 2580
6156 2 2 1 1 2986 2199 3045
6157 2 2 1 1 1990 1989 2097
6158 2 2 1 1 4053 1360 4188
6159 2 2 1 1 985 910 986
6160 2 2 1 1 1439 3872 4179
6161 2 2 1 1 1126 1128 1129
6162 2 2 1 1 1877 4115 4212
6163 2 2 1 1 670 452 4242
6164 2 2 1 1 2807 2051 3392
6165 2 2 1 1 836 791 837
6166 2 2 1 1 1658 1601 2096
6167 2 2 1 1 1124 1125 1126
6168 2 2 1 1 1479 1477 4355
6169 2 2 1 1 1718 2188 2189
6170 2 2 1 1 3285 2807 4147
6171 2 2 1 1 1857 1878 4225
6172 2 2 1 1 1040 878 1615
6173 2 2 1 1 1320 1319 1321
6174 2 2 1 1 1330 1632 4188
6175 2 2 1 1 3770 2794 4139
6176 2 2 1 1 1303 1173 1304
6177 2 2 1 1 2078 2079 2080
6178 2 2 1 1 1318 1317 1319
6179 2 2 1 1 3086 2989 3087
6180 2 2 1 1 760 752 761
6181 2 2 1 1 1271 1647 1801
6182 2 2 1 1 1566 3647 4222
6183 2 2 1 1 1751 2037 4155
6184 2 2 1 1 758 1451 4137
6185 2 2 1 1 2398 2397 2549
6186 2 2 1 1 1683 1682 1904
6187 2 2 1 1 2945 3072 3701
6188 2 2 1 1 3797 3796 4258
6189 2 2 1 1 986 987 988
6190 2 2 1 1 990 992 1081
6191 2 2 1 1 1670 1671 2059
6192 2 2 1 1 1040 1615 1963
6193 2 2 1 1 950 1113 4172
6194 2 2 1 1 817 857 1249
6195 2 2 1 1 2542 2211 2691
6196 2 2 1 1 1991 2253 2805
6197 2 2 1 1 821 822 823
6198 2 2 1 1 4110 58 4111
6199 2 2 1 1 1316 1315 1317
6200 2 2 1 1 3650 1290 4205
6201 2 2 1 1 1794 1795 2907
6202 2 2 1 1 4181 2501 4229
6203 2 2 1 1 3872 680 4185
6204 2 2 1 1 4179 3872 4185
6205 2 2 1 1 453 1431 4242
6206 2 2 1 1 1288 1990 1991
6207 2 2 1 1 2080 2079 2081
6208 2 2 1 1 1192 1513 1514
6209 2 2 1 1 2135 1982 2194
6210 2 2 1 1 2806 2253 3048
6211 2 2 1 1 510 813 4174
6212 2 2 1 1 673 667 1004
6213 2 2 1 1 1002 1001 4123
6214 2 2 1 1 2666 56 2842
6215 2 2 1 1 888 887 969
6216 2 2 1 1 749 733 4136
6217 2 2 1 1 2179 2256 2581
6218 2 2 1 1 1080 1021 1115
6219 2 2 1 1 1162 1115 4180
6220 2 2 1 1 3818 3819 4258
6221 2 2 1 1 1658 2096 2793
6222 2 2 1 1 1020 1006 1021
6223 2 2 1 1 345 346 747
6224 2 2 1 1 2101 2100 2102
6225 2 2 1 1 1310 1708 4152
6226 2 2 1 1 2121 1745 3587
6227 2 2 1 1 914 1002 1090
6228 2 2 1 1 2282 2090 4256
6229 2 2 1 1 2576 2506 2642
6230 2 2 1 1 3190 2764 3211
6231 2 2 1 1 1471 1470 1472
6232 2 2 1 1 2087 2203 2204
6233 2 2 1 1 1549 1548 1582
6234 2 2 1 1 2698 2492 2699
6235 2 2 1 1 1738 1620 1984
6236 2 2 1 1 2669 2784 2994
6237 2 2 1 1 2699 2492 3066
6238 2 2 1 1 1655 1626 1968
6239 2 2 1 1 2664 2642 3360
6240 2 2 1 1 2259 2258 2385
6241 2 2 1 1 725 704 726
6242 2 2 1 1 455 456 4192
6243 2 2 1 1 1288 1179 1989
6244 2 2 1 1 1090 1674 4181
6245 2 2 1 1 2550 2549 2551
6246 2 2 1 1 1028 1441 4305
6247 2 2 1 1 2181 2102 2182
6248 2 2 1 1 1503 3648 4207
6249 2 2 1 1 2581 3039 3040
6250 2 2 1 1 2622 2385 3122
6251 2 2 1 1 1878 4122 4225
6252 2 2 1 1 986 910 987
6253 2 2 1 1 718 642 4110
6254 2 2 1 1 2226 2380 3703
6255 2 2 1 1 1003 969 1017
6256 2 2 1 1 1779 2093 4191
6257 2 2 1 1 4159 3712 4312
6258 2 2 1 1 1269 1270 1271
6259 2 2 1 1 1639 1996 2629
6260 2 2 1 1 2789 2790 3221
6261 2 2 1 1 2558 933 4186
6262 2 2 1 1 3506 3507 4221
6263 2 2 1 1 2286 3113 3114
6264 2 2 1 1 2986 3045 3046
6265 2 2 1 1 4185 680 4195
6266 2 2 1 1 1087 1017 1088
6267 2 2 1 1 1869 2095 4164
6268 2 2 1 1 2383 3069 3070
6269 2 2 1 1 1671 1594 2654
6270 2 2 1 1 454 455 4198
6271 2 2 1 1 3142 2699 3189
6272 2 2 1 1 4264 1429 4265
6273 2 2 1 1 707 2408 4161
6274 2 2 1 1 3717 3710 4297
6275 2 2 1 1 1793 1700 2179
6276 2 2 1 1 1189 1106 1190
6277 2 2 1 1 2767 2045 2768
6278 2 2 1 1 573 1100 4276
6279 2 2 1 1 1430 572 4276
6280 2 2 1 1 3793 3794 4311
6281 2 2 1 1 2740 2739 2741
6282 2 2 1 1 1779 4191 4213
6283 2 2 1 1 4225 3719 4273
6284 2 2 1 1 943 941 979
6285 2 2 1 1 683 678 4182
6286 2 2 1 1 3159 3704 4384
6287 2 2 1 1 680 3846 4195
6288 2 2 1 1 1814 1903 2195
6289 2 2 1 1 1360 1330 4188
6290 2 2 1 1 1590 4062 4193
6291 2 2 1 1 772 761 773
6292 2 2 1 1 1883 4273 4297
6293 2 2 1 1 1473 1472 1474
6294 2 2 1 1 988 989 990
6295 2 2 1 1 1492 1493 1496
6296 2 2 1 1 1475 1474 1476
6297 2 2 1 1 1164 1339 1340
6298 2 2 1 1 619 727 4124
6299 2 2 1 1 755 1409 4068
6300 2 2 1 1 2321 2382 3693
6301 2 2 1 1 1514 1677 1678
6302 2 2 1 1 1963 1964 2285
6303 2 2 1 1 3378 970 3379
6304 2 2 1 1 1720 1603 2555
6305 2 2 1 1 1514 1678 1742
6306 2 2 1 1 2961 1992 4214
6307 2 2 1 1 1602 1719 4271
6308 2 2 1 1 790 773 791
6309 2 2 1 1 455 4192 4198
6310 2 2 1 1 1314 1313 1315
6311 2 2 1 1 1942 2653 3733
6312 2 2 1 1 1941 2153 4140
6313 2 2 1 1 819 820 821
6314 2 2 1 1 2286 2665 3113
6315 2 2 1 1 1964 1615 2615
6316 2 2 1 1 1553 1551 1554
6317 2 2 1 1 2195 2196 2631
6318 2 2 1 1 2227 2226 3703
6319 2 2 1 1 2318 3550 3954
6320 2 2 1 1 1970 4514 4526
6321 2 2 1 1 1496 1738 1739
6322 2 2 1 1 996 995 997
6323 2 2 1 1 1678 1900 1901
6324 2 2 1 1 388 389 1457
6325 2 2 1 1 735 757 758
6326 2 2 1 1 1463 1464 1465
6327 2 2 1 1 703 700 704
6328 2 2 1 1 1176 2508 4123
6329 2 2 1 1 1670 1594 1671
6330 2 2 1 1 733 735 4136
6331 2 2 1 1 387 388 4169
6332 2 2 1 1 389 390 4171
6333 2 2 1 1 1465 1466 1467
6334 2 2 1 1 521 522 3953
6335 2 2 1 1 522 1155 3953
6336 2 2 1 1 2858 2126 2860
6337 2 2 1 1 2511 2189 2694
6338 2 2 1 1 1993 2099 2894
6339 2 2 1 1 568 569 1888
6340 2 2 1 1 1115 1192 4180
6341 2 2 1 1 1647 1992 1993
6342 2 2 1 1 567 568 4168
6343 2 2 1 1 569 570 4165
6344 2 2 1 1 2097 2987 2988
6345 2 2 1 1 1009 1013 1014
6346 2 2 1 1 507 508 685
6347 2 2 1 1 336 7 686
6348 2 2 1 1 50 595 688
6349 2 2 1 1 390 16 692
6350 2 2 1 1 570 46 689
6351 2 2 1 1 566 567 691
6352 2 2 1 1 386 387 690
6353 2 2 1 1 1180 1179 1288
6354 2 2 1 1 3258 3256 4223
6355 2 2 1 1 1739 2542 4187
6356 2 2 1 1 1991 1990 2253
6357 2 2 1 1 1650 1552 2809
6358 2 2 1 1 2017 2370 2371
6359 2 2 1 1 1739 2033 2211
6360 2 2 1 1 1719 1948 1965
6361 2 2 1 1 699 698 700
6362 2 2 1 1 2322 2321 3693
6363 2 2 1 1 745 752 760
6364 2 2 1 1 2285 2712 3049
6365 2 2 1 1 1503 1491 1717
6366 2 2 1 1 990 989 991
6367 2 2 1 1 653 654 3954
6368 2 2 1 1 654 1156 3954
6369 2 2 1 1 736 722 4161
6370 2 2 1 1 2657 2386 3273
6371 2 2 1 1 4195 3846 4212
6372 2 2 1 1 1136 1135 1137
6373 2 2 1 1 2235 2236 2237
6374 2 2 1 1 4100 4149 4216
6375 2 2 1 1 1179 1066 4134
6376 2 2 1 1 1288 1989 1990
6377 2 2 1 1 2502 2503 2504
6378 2 2 1 1 1901 1902 1953
6379 2 2 1 1 3087 3089 3090
6380 2 2 1 1 2377 2194 2378
6381 2 2 1 1 1324 1190 1325
6382 2 2 1 1 1945 2373 2384
6383 2 2 1 1 1476 1478 4151
6384 2 2 1 1 692 16 693
6385 2 2 1 1 2246 2244 2709
6386 2 2 1 1 2509 2080 4208
6387 2 2 1 1 944 1030 4211
6388 2 2 1 1 779 762 1811
6389 2 2 1 1 996 998 1000
6390 2 2 1 1 1883 1861 4273
6391 2 2 1 1 1778 1779 4213
6392 2 2 1 1 3846 1877 4212
6393 2 2 1 1 2805 2806 4210
6394 2 2 1 1 2514 814 4104
6395 2 2 1 1 1269 1070 1270
6396 2 2 1 1 335 336 4167
6397 2 2 1 1 1496 1620 1738
6398 2 2 1 1 2602 2701 2702
6399 2 2 1 1 2806 3109 3110
6400 2 2 1 1 1118 1110 1505
6401 2 2 1 1 2056 4055 4263
6402 2 2 1 1 1547 1545 1548
6403 2 2 1 1 1392 3344 3345
6404 2 2 1 1 1028 965 1440
6405 2 2 1 1 1626 1162 4180
6406 2 2 1 1 1637 1703 4204
6407 2 2 1 1 1531 1533 1685
6408 2 2 1 1 1842 1611 1843
6409 2 2 1 1 575 576 4217
6410 2 2 1 1 21 421 681
6411 2 2 1 1 4257 1484 4355
6412 2 2 1 1 2988 2989 3086
6413 2 2 1 1 1906 1891 1907
6414 2 2 1 1 1890 1253 1891
6415 2 2 1 1 1908 1907 1909
6416 2 2 1 1 2942 2187 4388
6417 2 2 1 1 2968 3531 4721
6418 2 2 1 1 695 683 696
6419 2 2 1 1 1891 1253 3702
6420 2 2 1 1 4133 3191 4232
6421 2 2 1 1 1574 1573 1610
6422 2 2 1 1 2985 2199 2986
6423 2 2 1 1 609 610 4209
6424 2 2 1 1 4149 3723 4216
6425 2 2 1 1 1122 1120 1123
6426 2 2 1 1 2223 2222 2224
6427 2 2 1 1 1077 977 1135
6428 2 2 1 1 1271 1270 1647
6429 2 2 1 1 1086 1166 1168
6430 2 2 1 1 866 868 870
6431 2 2 1 1 2837 4212 4240
6432 2 2 1 1 2504 2506 2548
6433 2 2 1 1 1871 1869 4164
6434 2 2 1 1 2085 2084 2086
6435 2 2 1 1 1739 1738 2033
6436 2 2 1 1 3704 4108 4384
6437 2 2 1 1 2096 1601 4160
6438 2 2 1 1 1993 2098 2099
6439 2 2 1 1 2841 1626 4180
6440 2 2 1 1 1014 1023 4127
6441 2 2 1 1 2971 2213 2973
6442 2 2 1 1 697 696 698
6443 2 2 1 1 2211 2033 2286
6444 2 2 1 1 3436 2803 3437
6445 2 2 1 1 334 335 1504
6446 2 2 1 1 2806 3048 3109
6447 2 2 1 1 1914 1841 2197
6448 2 2 1 1 949 856 2117
6449 2 2 1 1 1289 1114 1290
6450 2 2 1 1 2059 1671 2060
6451 2 2 1 1 1745 1746 1747
6452 2 2 1 1 2106 1871 4164
6453 2 2 1 1 1941 2152 2153
6454 2 2 1 1 2318 2317 2319
6455 2 2 1 1 4240 2840 4256
6456 2 2 1 1 4409 1449 4445
6457 2 2 1 1 1016 1107 1108
6458 2 2 1 1 2638 3494 4550
6459 2 2 1 1 3260 3264 4416
6460 2 2 1 1 2212 1614 2213
6461 2 2 1 1 1718 1717 2188
6462 2 2 1 1 2785 1287 4232
6463 2 2 1 1 1489 1483 1495
6464 2 2 1 1 2201 2178 4176
6465 2 2 1 1 595 596 4170
6466 2 2 1 1 1624 1743 1809
6467 2 2 1 1 2597 3330 3554
6468 2 2 1 1 1878 4100 4216
6469 2 2 1 1 1708 2502 4152
6470 2 2 1 1 1102 371 4264
6471 2 2 1 1 371 372 4264
6472 2 2 1 1 1726 1722 1727
6473 2 2 1 1 2805 2253 2806
6474 2 2 1 1 1800 1798 4199
6475 2 2 1 1 1987 1843 2254
6476 2 2 1 1 2084 2083 2088
6477 2 2 1 1 1226 4114 4295
6478 2 2 1 1 1984 2485 2898
6479 2 2 1 1 1332 1331 1544
6480 2 2 1 1 2200 2178 2201
6481 2 2 1 1 2765 2663 2993
6482 2 2 1 1 1312 1182 1506
6483 2 2 1 1 3248 2768 3249
6484 2 2 1 1 2195 2631 2854
6485 2 2 1 1 994 993 995
6486 2 2 1 1 2188 1717 2190
6487 2 2 1 1 686 7 687
6488 2 2 1 1 2212 2971 2972
6489 2 2 1 1 851 833 854
6490 2 2 1 1 575 4217 4237
6491 2 2 1 1 1976 1974 3662
6492 2 2 1 1 1901 1953 2034
6493 2 2 1 1 1469 1470 1471
6494 2 2 1 1 739 741 1299
6495 2 2 1 1 2082 2081 2083
6496 2 2 1 1 2034 2936 2951
6497 2 2 1 1 1010 2831 3269
6498 2 2 1 1 2504 2505 2506
6499 2 2 1 1 689 46 915
6500 2 2 1 1 1090 1002 1531
6501 2 2 1 1 1108 1114 1174
6502 2 2 1 1 705 723 2399
6503 2 2 1 1 735 726 757
6504 2 2 1 1 1747 1767 1942
6505 2 2 1 1 408 19 1522
6506 2 2 1 1 1291 1137 1292
6507 2 2 1 1 2589 2197 2630
6508 2 2 1 1 1842 1987 2198
6509 2 2 1 1 1325 1327 4173
6510 2 2 1 1 2641 2190 2708
6511 2 2 1 1 1090 1531 1532
6512 2 2 1 1 3369 872 3371
6513 2 2 1 1 2517 2227 3703
6514 2 2 1 1 1686 1532 2118
6515 2 2 1 1 2080 2081 2082
6516 2 2 1 1 2761 2685 2762
6517 2 2 1 1 2874 3076 3180
6518 2 2 1 1 732 736 737
6519 2 2 1 1 1226 1331 1332
6520 2 2 1 1 1859 1857 4225
6521 2 2 1 1 700 698 1259
6522 2 2 1 1 1180 1288 4133
6523 2 2 1 1 705 693 716
6524 2 2 1 1 735 758 4137
6525 2 2 1 1 1261 1381 1382
6526 2 2 1 1 50 688 1297
6527 2 2 1 1 1288 1991 4133
6528 2 2 1 1 3683 3684 4231
6529 2 2 1 1 1114 1107 4205
6530 2 2 1 1 1911 1909 1912
6531 2 2 1 1 1624 1290 1625
6532 2 2 1 1 1023 1025 1094
6533 2 2 1 1 2198 2199 2985
6534 2 2 1 1 1324 1614 1623
6535 2 2 1 1 2807 3392 4147
6536 2 2 1 1 998 997 999
6537 2 2 1 1 2087 2086 2203
6538 2 2 1 1 2082 2085 4208
6539 2 2 1 1 730 724 817
6540 2 2 1 1 1491 1488 1492
6541 2 2 1 1 1943 1912 1955
6542 2 2 1 1 2524 2322 3693
6543 2 2 1 1 1251 1253 1890
6544 2 2 1 1 3263 3261 3405
6545 2 2 1 1 935 936 937
6546 2 2 1 1 2623 3123 4246
6547 2 2 1 1 1475 1476 1480
6548 2 2 1 1 1694 1585 4307
6549 2 2 1 1 574 575 4237
6550 2 2 1 1 723 716 724
6551 2 2 1 1 2189 2188 4224
6552 2 2 1 1 1743 1625 1814
6553 2 2 1 1 1174 1289 1617
6554 2 2 1 1 908 2514 4189
6555 2 2 1 1 2576 2642 2664
6556 2 2 1 1 1989 1179 4134
6557 2 2 1 1 2641 2708 2966
6558 2 2 1 1 2188 2190 2641
6559 2 2 1 1 2602 2513 2701
6560 2 2 1 1 1724 1975 4250
6561 2 2 1 1 2182 2258 2259
6562 2 2 1 1 4136 735 4137
6563 2 2 1 1 1409 749 4136
6564 2 2 1 1 930 931 932
6565 2 2 1 1 452 453 4242
6566 2 2 1 1 596 597 1535
6567 2 2 1 1 2099 2100 2101
6568 2 2 1 1 1644 1495 1730
6569 2 2 1 1 834 824 835
6570 2 2 1 1 1768 2530 4284
6571 2 2 1 1 928 929 930
6572 2 2 1 1 743 745 4267
6573 2 2 1 1 407 408 4190
6574 2 2 1 1 4130 2788 4200
6575 2 2 1 1 1475 1480 1487
6576 2 2 1 1 1999 1452 2573
6577 2 2 1 1 1569 1565 1581
6578 2 2 1 1 49 589 4323
6579 2 2 1 1 1105 1106 1189
6580 2 2 1 1 11 361 1537
6581 2 2 1 1 1736 1292 1737
6582 2 2 1 1 1287 4133 4232
6583 2 2 1 1 1471 1472 1473
6584 2 2 1 1 925 927 928
6585 2 2 1 1 2371 2764 3190
6586 2 2 1 1 2484 3691 4247
6587 2 2 1 1 2578 2838 2863
6588 2 2 1 1 992 991 993
6589 2 2 1 1 1890 1906 2540
6590 2 2 1 1 980 1226 4295
6591 2 2 1 1 2548 2506 2576
6592 2 2 1 1 1473 1474 1475
6593 2 2 1 1 1963 1615 1964
6594 2 2 1 1 2639 2129 2943
6595 2 2 1 1 1575 1562 1576
6596 2 2 1 1 861 835 862
6597 2 2 1 1 3012 3413 5034
6598 2 2 1 1 910 908 4189
6599 2 2 1 1 813 912 4229
6600 2 2 1 1 2239 2238 2240
6601 2 2 1 1 958 862 960
6602 2 2 1 1 706 687 707
6603 2 2 1 1 793 776 1509
6604 2 2 1 1 731 722 732
6605 2 2 1 1 1487 1488 1491
6606 2 2 1 1 721 707 722
6607 2 2 1 1 1500 1501 1502
6608 2 2 1 1 422 423 4233
6609 2 2 1 1 3048 2253 4206
6610 2 2 1 1 2636 1515 4330
6611 2 2 1 1 1863 1883 4312
6612 2 2 1 1 1004 667 4150
6613 2 2 1 1 1538 1394 4269
6614 2 2 1 1 922 924 925
6615 2 2 1 1 822 820 824
6616 2 2 1 1 987 910 4189
6617 2 2 1 1 1971 2734 2735
6618 2 2 1 1 861 958 959
6619 2 2 1 1 3711 3659 4365
6620 2 2 1 1 2387 3253 3254
6621 2 2 1 1 1189 1190 1324
6622 2 2 1 1 926 1170 1171
6623 2 2 1 1 722 707 4161
6624 2 2 1 1 916 915 917
6625 2 2 1 1 916 918 1089
6626 2 2 1 1 1502 1695 1696
6627 2 2 1 1 1155 2223 3953
6628 2 2 1 1 2112 2000 2113
6629 2 2 1 1 3659 3658 4393
6630 2 2 1 1 959 1018 1019
6631 2 2 1 1 2034 1953 2936
6632 2 2 1 1 1462 1499 1500
6633 2 2 1 1 918 917 919
6634 2 2 1 1 920 919 921
6635 2 2 1 1 922 921 923
6636 2 2 1 1 1990 2097 4206
6637 2 2 1 1 1378 1765 2845
6638 2 2 1 1 947 875 4236
6639 2 2 1 1 2203 2086 2276
6640 2 2 1 1 1462 1461 1463
6641 2 2 1 1 2200 2680 2771
6642 2 2 1 1 3225 3476 4371
6643 2 2 1 1 2806 3110 4210
6644 2 2 1 1 1480 1476 4151
6645 2 2 1 1 1971 1697 1972
6646 2 2 1 1 3043 2276 3097
6647 2 2 1 1 1953 1954 4227
6648 2 2 1 1 608 609 809
6649 2 2 1 1 406 407 810
6650 2 2 1 1 2254 2667 2970
6651 2 2 1 1 2704 2013 4352
6652 2 2 1 1 2198 1987 2199
6653 2 2 1 1 530 531 811
6654 2 2 1 1 1589 650 4329
6655 2 2 1 1 651 1103 4329
6656 2 2 1 1 1743 1814 1924
6657 2 2 1 1 1378 1167 1379
6658 2 2 1 1 1460 1459 1461
6659 2 2 1 1 4174 813 4229
6660 2 2 1 1 1174 1114 1289
6661 2 2 1 1 1765 1379 1766
6662 2 2 1 1 3531 2968 4709
6663 2 2 1 1 2303 1702 4131
6664 2 2 1 1 1695 1501 1697
6665 2 2 1 1 1156 2318 3954
6666 2 2 1 1 1289 1290 1624
6667 2 2 1 1 2849 4247 4447
6668 2 2 1 1 4115 2489 4240
6669 2 2 1 1 1942 2046 2653
6670 2 2 1 1 2397 1538 4269
6671 2 2 1 1 2037 2869 2871
6672 2 2 1 1 2090 2837 4256
6673 2 2 1 1 2945 3071 3072
6674 2 2 1 1 1842 1843 1987
6675 2 2 1 1 1108 1107 1114
6676 2 2 1 1 1624 1625 1743
6677 2 2 1 1 2673 2184 4390
6678 2 2 1 1 57 637 1598
6679 2 2 1 1 3426 2532 4261
6680 2 2 1 1 622 623 812
6681 2 2 1 1 3020 4130 4200
6682 2 2 1 1 2691 2211 4194
6683 2 2 1 1 1019 1085 1086
6684 2 2 1 1 2101 2102 2181
6685 2 2 1 1 2143 1737 2144
6686 2 2 1 1 939 937 4183
6687 2 2 1 1 3796 3818 4258
6688 2 2 1 1 2406 681 5122
6689 2 2 1 1 2097 2988 4206
6690 2 2 1 1 730 818 819
6691 2 2 1 1 837 866 4184
6692 2 2 1 1 2786 2056 4263
6693 2 2 1 1 1103 652 4322
6694 2 2 1 1 2082 2083 2084
6695 2 2 1 1 2252 2248 4248
6696 2 2 1 1 2665 2033 4218
6697 2 2 1 1 1307 1812 1813
6698 2 2 1 1 2285 1964 2712
6699 2 2 1 1 2386 1800 4199
6700 2 2 1 1 1332 1545 1546
6701 2 2 1 1 1166 1085 1167
6702 2 2 1 1 1324 1325 1614
6703 2 2 1 1 2831 2543 2848
6704 2 2 1 1 2128 2129 2592
6705 2 2 1 1 1458 933 1459
6706 2 2 1 1 1120 1118 4197
6707 2 2 1 1 2284 2113 2760
6708 2 2 1 1 1801 1647 4219
6709 2 2 1 1 2730 2630 2978
6710 2 2 1 1 1329 1722 1726
6711 2 2 1 1 2592 2639 2640
6712 2 2 1 1 1557 1555 1558
6713 2 2 1 1 1727 2178 2200
6714 2 2 1 1 3007 2585 3009
6715 2 2 1 1 2208 3012 3013
6716 2 2 1 1 1911 1943 2128
6717 2 2 1 1 1945 1796 2373
6718 2 2 1 1 2202 1609 2553
6719 2 2 1 1 1249 1251 4203
6720 2 2 1 1 2880 2121 3587
6721 2 2 1 1 2694 2189 4224
6722 2 2 1 1 1859 4225 4273
6723 2 2 1 1 1010 936 2543
6724 2 2 1 1 2259 2385 2622
6725 2 2 1 1 1487 1480 1488
6726 2 2 1 1 1952 2393 4390
6727 2 2 1 1 1768 2148 2530
6728 2 2 1 1 2212 2213 2971
6729 2 2 1 1 931 929 933
6730 2 2 1 1 2578 1904 2838
6731 2 2 1 1 2112 2284 2801
6732 2 2 1 1 2286 3114 4194
6733 2 2 1 1 1008 999 1009
6734 2 2 1 1 1794 1543 1795
6735 2 2 1 1 1297 1298 1682
6736 2 2 1 1 2684 2683 4272
6737 2 2 1 1 4338 3438 4410
6738 2 2 1 1 2752 842 4295
6739 2 2 1 1 821 820 822
6740 2 2 1 1 1559 1558 1560
6741 2 2 1 1 1489 1644 2108
6742 2 2 1 1 4273 3719 4297
6743 2 2 1 1 1511 1033 2115
6744 2 2 1 1 2967 2553 2968
6745 2 2 1 1 418 1153 4336
6746 2 2 1 1 1433 417 4336
6747 2 2 1 1 1890 1891 1906
6748 2 2 1 1 1883 4159 4312
6749 2 2 1 1 1610 1611 1841
6750 2 2 1 1 1906 1907 1908
6751 2 2 1 1 1168 1166 4270
6752 2 2 1 1 912 4181 4229
6753 2 2 1 1 1895 1893 1986
6754 2 2 1 1 2211 2286 4194
6755 2 2 1 1 1321 1609 1622
6756 2 2 1 1 1745 1168 1746
6757 2 2 1 1 1623 1614 2212
6758 2 2 1 1 1772 2873 2895
6759 2 2 1 1 1510 1511 1512
6760 2 2 1 1 2202 2967 2969
6761 2 2 1 1 1993 2894 4219
6762 2 2 1 1 935 932 936
6763 2 2 1 1 2702 2701 2958
6764 2 2 1 1 2259 2622 2623
6765 2 2 1 1 1490 1484 4257
6766 2 2 1 1 1738 1984 4218
6767 2 2 1 1 1610 1573 1611
6768 2 2 1 1 1561 1565 1566
6769 2 2 1 1 2181 2182 4246
6770 2 2 1 1 978 1077 1078
6771 2 2 1 1 1577 1576 1578
6772 2 2 1 1 836 837 4259
6773 2 2 1 1 2843 2342 3145
6774 2 2 1 1 1955 2685 2761
6775 2 2 1 1 2630 2197 2856
6776 2 2 1 1 758 757 762
6777 2 2 1 1 1385 1340 1750
6778 2 2 1 1 2703 2704 2705
6779 2 2 1 1 2203 2276 3043
6780 2 2 1 1 4045 2717 4277
6781 2 2 1 1 1465 1467 1486
6782 2 2 1 1 1561 1560 1563
6783 2 2 1 1 2095 4348 4365
6784 2 2 1 1 1008 1033 1510
6785 2 2 1 1 760 761 772
6786 2 2 1 1 4312 3712 4348
6787 2 2 1 1 2188 2641 4224
6788 2 2 1 1 1290 1114 4205
6789 2 2 1 1 852 881 889
6790 2 2 1 1 4261 2533 4281
6791 2 2 1 1 2076 1171 2342
6792 2 2 1 1 1512 1523 1524
6793 2 2 1 1 1563 1567 4202
6794 2 2 1 1 2253 1990 4206
6795 2 2 1 1 1016 1015 1105
6796 2 2 1 1 758 762 763
6797 2 2 1 1 692 693 705
6798 2 2 1 1 1030 2597 4211
6799 2 2 1 1 1756 2063 2802
6800 2 2 1 1 3536 4338 4410
6801 2 2 1 1 572 573 4276
6802 2 2 1 1 1077 1135 1136
6803 2 2 1 1 1861 1859 4273
6804 2 2 1 1 1124 1123 1125
6805 2 2 1 1 1455 1939 2574
6806 2 2 1 1 1566 1569 1570
6807 2 2 1 1 1841 1611 1842
6808 2 2 1 1 891 890 1015
6809 2 2 1 1 1469 1471 1516
6810 2 2 1 1 424 425 4234
6811 2 2 1 1 1579 1578 1602
6812 2 2 1 1 726 704 4226
6813 2 2 1 1 1932 2537 2789
6814 2 2 1 1 1973 1723 2206
6815 2 2 1 1 763 779 780
6816 2 2 1 1 1703 2017 4204
6817 2 2 1 1 1930 2207 2208
6818 2 2 1 1 1908 1909 1911
6819 2 2 1 1 831 852 853
6820 2 2 1 1 990 991 992
6821 2 2 1 1 2867 2866 2868
6822 2 2 1 1 950 977 978
6823 2 2 1 1 2504 2548 4293
6824 2 2 1 1 4124 727 4125
6825 2 2 1 1 2577 2658 2659
6826 2 2 1 1 1016 1105 1107
6827 2 2 1 1 822 824 834
6828 2 2 1 1 1491 1492 4252
6829 2 2 1 1 1766 2000 2112
6830 2 2 1 1 598 599 789
6831 2 2 1 1 1701 4045 4277
6832 2 2 1 1 1984 2898 4218
6833 2 2 1 1 1570 1572 1573
6834 2 2 1 1 1644 1730 2006
6835 2 2 1 1 1492 4187 4252
6836 2 2 1 1 780 830 831
6837 2 2 1 1 842 980 4295
6838 2 2 1 1 760 772 2546
6839 2 2 1 1 2145 2738 2739
6840 2 2 1 1 2485 2850 4230
6841 2 2 1 1 706 721 1887
6842 2 2 1 1 2144 2147 2759
6843 2 2 1 1 891 4043 4236
6844 2 2 1 1 2384 2373 3218
6845 2 2 1 1 361 362 4201
6846 2 2 1 1 2585 2252 4248
6847 2 2 1 1 2837 4240 4256
6848 2 2 1 1 1751 1750 2037
6849 2 2 1 1 1441 1440 1442
6850 2 2 1 1 1726 1727 4196
6851 2 2 1 1 1481 1483 1489
6852 2 2 1 1 2080 2082 4208
6853 2 2 1 1 2623 3100 3101
6854 2 2 1 1 772 773 790
6855 2 2 1 1 1736 2143 2145
6856 2 2 1 1 2200 2201 2680
6857 2 2 1 1 686 687 706
6858 2 2 1 1 1547 1549 1550
6859 2 2 1 1 2875 2047 2876
6860 2 2 1 1 1941 1899 2152
6861 2 2 1 1 2083 2561 4349
6862 2 2 1 1 1742 1678 4228
6863 2 2 1 1 790 836 849
6864 2 2 1 1 1010 3269 4183
6865 2 2 1 1 689 915 916
6866 2 2 1 1 2544 2545 4353
6867 2 2 1 1 3273 2386 4199
6868 2 2 1 1 1136 1291 1507
6869 2 2 1 1 2033 1738 4218
6870 2 2 1 1 790 791 836
6871 2 2 1 1 1614 1325 4173
6872 2 2 1 1 2213 1614 4173
6873 2 2 1 1 2076 2342 2843
6874 2 2 1 1 1550 1551 1552
6875 2 2 1 1 705 716 723
6876 2 2 1 1 757 726 4226
6877 2 2 1 1 2549 2397 3396
6878 2 2 1 1 2974 4173 4262
6879 2 2 1 1 730 817 818
6880 2 2 1 1 723 724 730
6881 2 2 1 1 388 1457 4169
6882 2 2 1 1 1457 389 4171
6883 2 2 1 1 1547 1548 1549
6884 2 2 1 1 930 929 931
6885 2 2 1 1 1714 2191 2193
6886 2 2 1 1 928 927 929
6887 2 2 1 1 1522 2005 2564
6888 2 2 1 1 849 856 948
6889 2 2 1 1 423 424 815
6890 2 2 1 1 1528 1526 1668
6891 2 2 1 1 2761 2762 3107
6892 2 2 1 1 1971 1972 2734
6893 2 2 1 1 2845 1765 2846
6894 2 2 1 1 937 936 1010
6895 2 2 1 1 706 707 721
6896 2 2 1 1 925 924 927
6897 2 2 1 1 4180 1192 4280
6898 2 2 1 1 1904 1682 4215
6899 2 2 1 1 1500 1499 1501
6900 2 2 1 1 1911 1912 1943
6901 2 2 1 1 1183 1312 1313
6902 2 2 1 1 731 732 751
6903 2 2 1 1 721 722 731
6904 2 2 1 1 1717 1491 4252
6905 2 2 1 1 948 949 950
6906 2 2 1 1 959 958 1018
6907 2 2 1 1 690 387 4169
6908 2 2 1 1 390 692 4171
6909 2 2 1 1 2735 2734 2952
6910 2 2 1 1 1502 1501 1695
6911 2 2 1 1 870 887 888
6912 2 2 1 1 1321 1319 1609
6913 2 2 1 1 1514 1742 4280
6914 2 2 1 1 1023 1094 4127
6915 2 2 1 1 568 1888 4168
6916 2 2 1 1 1888 569 4165
6917 2 2 1 1 916 917 918
6918 2 2 1 1 1460 1461 1462
6919 2 2 1 1 570 689 4165
6920 2 2 1 1 691 567 4168
6921 2 2 1 1 918 919 920
6922 2 2 1 1 1647 1993 4219
6923 2 2 1 1 920 921 922
6924 2 2 1 1 922 923 924
6925 2 2 1 1 1695 1697 1971
6926 2 2 1 1 1136 1137 1291
6927 2 2 1 1 2562 2563 2577
6928 2 2 1 1 1489 1495 1644
6929 2 2 1 1 1458 1459 1460
6930 2 2 1 1 1116 2234 2235
6931 2 2 1 1 1586 1584 1659
6932 2 2 1 1 2623 2622 3100
6933 2 2 1 1 819 818 820
6934 2 2 1 1 924 923 926
6935 2 2 1 1 834 835 861
6936 2 2 1 1 2182 2259 4246
6937 2 2 1 1 696 683 4182
6938 2 2 1 1 817 1249 4235
6939 2 2 1 1 861 862 958
6940 2 2 1 1 2128 1943 2129
6941 2 2 1 1 1010 2543 2831
6942 2 2 1 1 4367 3615 4435
6943 2 2 1 1 1462 1463 1499
6944 2 2 1 1 889 967 1011
6945 2 2 1 1 1443 1442 1444
6946 2 2 1 1 2741 2739 3286
6947 2 2 1 1 2592 2129 2639
6948 2 2 1 1 1730 2008 4319
6949 2 2 1 1 996 997 998
6950 2 2 1 1 3218 2373 3219
6951 2 2 1 1 2640 2639 2787
6952 2 2 1 1 3819 2531 4294
6953 2 2 1 1 1445 1444 1446
6954 2 2 1 1 1291 1292 1736
6955 2 2 1 1 1129 1128 1130
6956 2 2 1 1 1378 1379 1765
6957 2 2 1 1 931 933 1458
6958 2 2 1 1 336 686 4167
6959 2 2 1 1 2237 2236 2238
6960 2 2 1 1 1747 1746 1767
6961 2 2 1 1 1553 1554 1555
6962 2 2 1 1 1546 1545 1547
6963 2 2 1 1 875 851 890
6964 2 2 1 1 1126 1125 1128
6965 2 2 1 1 1317 1315 1797
6966 2 2 1 1 1019 1018 1085
6967 2 2 1 1 3719 3717 4297
6968 2 2 1 1 3396 1449 4409
6969 2 2 1 1 2513 2511 4244
6970 2 2 1 1 891 1015 1016
6971 2 2 1 1 3648 2510 4308
6972 2 2 1 1 2112 2113 2284
6973 2 2 1 1 1086 1085 1166
6974 2 2 1 1 1166 1167 1378
6975 2 2 1 1 3045 2199 4243
6976 2 2 1 1 2900 1542 4576
6977 2 2 1 1 1131 1130 1132
6978 2 2 1 1 2511 2694 4244
6979 2 2 1 1 2148 1769 2149
6980 2 2 1 1 1843 1611 4220
6981 2 2 1 1 1573 1572 4220
6982 2 2 1 1 731 751 775
6983 2 2 1 1 1332 1544 1545
6984 2 2 1 1 1133 1132 1163
6985 2 2 1 1 992 993 994
6986 2 2 1 1 1897 1895 4245
6987 2 2 1 1 2046 1767 2047
6988 2 2 1 1 3691 3692 4402
6989 2 2 1 1 1454 1950 2575
6990 2 2 1 1 2095 1867 4348
6991 2 2 1 1 3490 4532 4568
6992 2 2 1 1 1965 1948 4275
6993 2 2 1 1 1011 1012 1096
6994 2 2 1 1 2658 2563 2660
6995 2 2 1 1 1094 1095 1172
6996 2 2 1 1 638 639 829
6997 2 2 1 1 4086 818 4235
6998 2 2 1 1 1768 1523 1769
6999 2 2 1 1 978 977 1077
7000 2 2 1 1 875 890 891
7001 2 2 1 1 2284 2760 3003
7002 2 2 1 1 3390 1453 4350
7003 2 2 1 1 2306 2307 2308
7004 2 2 1 1 994 995 996
7005 2 2 1 1 1901 2034 4228
7006 2 2 1 1 2190 1717 4252
7007 2 2 1 1 1559 1560 1561
7008 2 2 1 1 3594 2861 4399
7009 2 2 1 1 688 595 4170
7010 2 2 1 1 1297 688 1298
7011 2 2 1 1 2112 2801 4292
7012 2 2 1 1 2314 2944 2945
7013 2 2 1 1 1678 1901 4228
7014 2 2 1 1 1570 1569 1572
7015 2 2 1 1 1153 4046 4396
7016 2 2 1 1 4401 1580 4440
7017 2 2 1 1 745 760 4267
7018 2 2 1 1 1736 1737 2143
7019 2 2 1 1 3219 4257 4355
7020 2 2 1 1 2202 2553 2967
7021 2 2 1 1 3556 1028 4305
7022 2 2 1 1 2084 2088 4238
7023 2 2 1 1 700 1259 4255
7024 2 2 1 1 2555 1603 4346
7025 2 2 1 1 2580 2551 3326
7026 2 2 1 1 1561 1563 1565
7027 2 2 1 1 849 836 856
7028 2 2 1 1 1566 1565 1569
7029 2 2 1 1 2543 936 4289
7030 2 2 1 1 2215 3005 3075
7031 2 2 1 1 2934 2152 2935
7032 2 2 1 1 1097 1182 1183
7033 2 2 1 1 1622 1609 2202
7034 2 2 1 1 2898 2485 4230
7035 2 2 1 1 1172 1173 1303
7036 2 2 1 1 950 949 977
7037 2 2 1 1 3411 2303 4131
7038 2 2 1 1 1504 335 4167
7039 2 2 1 1 859 883 4376
7040 2 2 1 1 1772 1298 2014
7041 2 2 1 1 1251 1890 4203
7042 2 2 1 1 1581 1565 4202
7043 2 2 1 1 1557 1558 1559
7044 2 2 1 1 1727 2200 4196
7045 2 2 1 1 2010 1537 2568
7046 2 2 1 1 926 1171 2076
7047 2 2 1 1 1987 2254 4243
7048 2 2 1 1 965 943 4313
7049 2 2 1 1 888 969 1003
7050 2 2 1 1 2017 2371 4204
7051 2 2 1 1 1719 1965 4271
7052 2 2 1 1 2873 2014 2874
7053 2 2 1 1 1942 1767 2046
7054 2 2 1 1 3223 2790 4303
7055 2 2 1 1 2841 4180 4280
7056 2 2 1 1 763 762 779
7057 2 2 1 1 4395 2848 4430
7058 2 2 1 1 2153 2152 2934
7059 2 2 1 1 1948 1720 1970
7060 2 2 1 1 780 779 830
7061 2 2 1 1 948 856 949
7062 2 2 1 1 2634 6 2960
7063 2 2 1 1 1135 977 4278
7064 2 2 1 1 1550 1549 1551
7065 2 2 1 1 1192 1514 4280
7066 2 2 1 1 3218 3219 3395
7067 2 2 1 1 831 830 852
7068 2 2 1 1 937 1010 4183
7069 2 2 1 1 623 624 4296
7070 2 2 1 1 3954 3550 4322
7071 2 2 1 1 1586 1770 2562
7072 2 2 1 1 866 870 4184
7073 2 2 1 1 2802 2803 3436
7074 2 2 1 1 2145 2143 2738
7075 2 2 1 1 3213 1390 5162
7076 2 2 1 1 1003 1017 1087
7077 2 2 1 1 362 363 839
7078 2 2 1 1 1164 1163 1339
7079 2 2 1 1 1087 1088 1260
7080 2 2 1 1 607 608 4300
7081 2 2 1 1 1552 1551 1553
7082 2 2 1 1 1327 1329 4262
7083 2 2 1 1 372 9 1429
7084 2 2 1 1 2936 1953 4227
7085 2 2 1 1 949 2117 4278
7086 2 2 1 1 1128 1125 1517
7087 2 2 1 1 1611 1573 4220
7088 2 2 1 1 850 833 851
7089 2 2 1 1 832 793 833
7090 2 2 1 1 1118 1505 4197
7091 2 2 1 1 3396 2397 4269
7092 2 2 1 1 1510 1033 1511
7093 2 2 1 1 1964 2615 4268
7094 2 2 1 1 837 4184 4259
7095 2 2 1 1 792 776 793
7096 2 2 1 1 1258 4152 4293
7097 2 2 1 1 2226 2228 2380
7098 2 2 1 1 2900 4576 4578
7099 2 2 1 1 3249 2768 3250
7100 2 2 1 1 2045 1694 4307
7101 2 2 1 1 3658 3660 4431
7102 2 2 1 1 1502 1892 4395
7103 2 2 1 1 1556 1557 1562
7104 2 2 1 1 775 776 792
7105 2 2 1 1 2635 4140 4614
7106 2 2 1 1 2200 2771 4196
7107 2 2 1 1 1948 1970 2643
7108 2 2 1 1 775 751 776
7109 2 2 1 1 998 999 1008
7110 2 2 1 1 2597 3554 4211
7111 2 2 1 1 2312 2313 2314
7112 2 2 1 1 4254 2198 4347
7113 2 2 1 1 704 700 4255
7114 2 2 1 1 1313 1312 1612
7115 2 2 1 1 2254 2970 4243
7116 2 2 1 1 4205 1107 4241
7117 2 2 1 1 1463 1465 4302
7118 2 2 1 1 2659 2658 3025
7119 2 2 1 1 1893 1696 4260
7120 2 2 1 1 792 793 832
7121 2 2 1 1 2117 856 4259
7122 2 2 1 1 1000 998 4301
7123 2 2 1 1 832 833 850
7124 2 2 1 1 1746 1168 4270
7125 2 2 1 1 850 851 875
7126 2 2 1 1 818 817 4235
7127 2 2 1 1 2199 1987 4243
7128 2 2 1 1 426 22 1007
7129 2 2 1 1 2115 1033 4251
7130 2 2 1 1 2046 2047 2875
7131 2 2 1 1 1682 1298 1772
7132 2 2 1 1 1890 2540 4203
7133 2 2 1 1 1123 1120 4197
7134 2 2 1 1 2768 2045 4307
7135 2 2 1 1 1132 1130 1138
7136 2 2 1 1 888 1003 1741
7137 2 2 1 1 1105 1189 4241
7138 2 2 1 1 2086 2084 4238
7139 2 2 1 1 2308 2891 4324
7140 2 2 1 1 2701 2513 4244
7141 2 2 1 1 1842 2198 4254
7142 2 2 1 1 1008 1009 1033
7143 2 2 1 1 1865 1863 4312
7144 2 2 1 1 347 348 4304
7145 2 2 1 1 652 653 4322
7146 2 2 1 1 596 1535 4170
7147 2 2 1 1 1719 1603 1720
7148 2 2 1 1 599 600 4299
7149 2 2 1 1 1087 1260 1689
7150 2 2 1 1 2276 2086 4238
7151 2 2 1 1 1183 1182 1312
7152 2 2 1 1 2577 2563 2658
7153 2 2 1 1 4151 1478 4285
7154 2 2 1 1 4226 704 4255
7155 2 2 1 1 2934 2935 3246
7156 2 2 1 1 685 4372 4399
7157 2 2 1 1 2321 2323 2382
7158 2 2 1 1 653 3954 4322
7159 2 2 1 1 1565 1563 4202
7160 2 2 1 1 2632 2507 4617
7161 2 2 1 1 2502 2504 4293
7162 2 2 1 1 1719 1720 1948
7163 2 2 1 1 1011 1096 1097
7164 2 2 1 1 2399 723 4279
7165 2 2 1 1 2536 2866 2867
7166 2 2 1 1 1107 1105 4241
7167 2 2 1 1 3249 3250 3284
7168 2 2 1 1 1576 1562 2109
7169 2 2 1 1 1512 1511 1523
7170 2 2 1 1 408 1522 4190
7171 2 2 1 1 809 609 4209
7172 2 2 1 1 2259 2623 4246
7173 2 2 1 1 2888 2036 2889
7174 2 2 1 1 1796 1490 4257
7175 2 2 1 1 1166 1378 4270
7176 2 2 1 1 1009 1014 4251
7177 2 2 1 1 2467 3156 4392
7178 2 2 1 1 4173 1327 4262
7179 2 2 1 1 1524 1523 1768
7180 2 2 1 1 1382 1616 1638
7181 2 2 1 1 2522 3793 4311
7182 2 2 1 1 1585 1568 4325
7183 2 2 1 1 943 979 4313
7184 2 2 1 1 1553 1555 1556
7185 2 2 1 1 1571 1584 1586
7186 2 2 1 1 263 264 4418
7187 2 2 1 1 2035 1649 2036
7188 2 2 1 1 1602 1603 1719
7189 2 2 1 1 2197 1841 4254
7190 2 2 1 1 3009 2585 4248
7191 2 2 1 1 1442 1440 2556
7192 2 2 1 1 4293 2548 4364
7193 2 2 1 1 1097 1096 1182
7194 2 2 1 1 2008 2217 2655
7195 2 2 1 1 3660 3616 4367
7196 2 2 1 1 1172 1303 1305
7197 2 2 1 1 4166 1499 4302
7198 2 2 1 1 1899 1897 4274
7199 2 2 1 1 2863 2838 4472
7200 2 2 1 1 4041 2310 5126
7201 2 2 1 1 1772 2014 2873
7202 2 2 1 1 4152 2502 4293
7203 2 2 1 1 589 1161 4323
7204 2 2 1 1 1768 1769 2148
7205 2 2 1 1 2458 4058 4392
7206 2 2 1 1 1249 4203 4235
7207 2 2 1 1 1303 1304 1675
7208 2 2 1 1 1448 1446 1640
7209 2 2 1 1 731 775 4408
7210 2 2 1 1 1556 1555 1557
7211 2 2 1 1 2249 2250 2312
7212 2 2 1 1 1648 1515 1649
7213 2 2 1 1 1378 2845 4270
7214 2 2 1 1 2148 2149 2644
7215 2 2 1 1 2669 2012 2784
7216 2 2 1 1 3536 1497 4338
7217 2 2 1 1 529 530 4350
7218 2 2 1 1 1955 2761 4288
7219 2 2 1 1 23 433 4368
7220 2 2 1 1 2856 4254 4347
7221 2 2 1 1 2562 1770 2563
7222 2 2 1 1 331 332 844
7223 2 2 1 1 1841 1842 4254
7224 2 2 1 1 4221 3507 4428
7225 2 2 1 1 1602 1578 1603
7226 2 2 1 1 509 4174 4372
7227 2 2 1 1 2943 2129 4288
7228 2 2 1 1 2540 1906 4315
7229 2 2 1 1 1315 1313 4282
7230 2 2 1 1 1943 1955 4288
7231 2 2 1 1 875 891 4236
7232 2 2 1 1 2838 1904 4215
7233 2 2 1 1 1499 1463 4302
7234 2 2 1 1 810 407 4190
7235 2 2 1 1 936 932 4289
7236 2 2 1 1 2831 2848 4432
7237 2 2 1 1 3525 1572 4359
7238 2 2 1 1 1910 3653 4439
7239 2 2 1 1 1895 1986 4245
7240 2 2 1 1 730 819 4279
7241 2 2 1 1 1261 1382 4333
7242 2 2 1 1 1478 1481 4285
7243 2 2 1 1 1971 2735 4287
7244 2 2 1 1 1440 965 4313
7245 2 2 1 1 706 1887 4405
7246 2 2 1 1 1715 1640 2011
7247 2 2 1 1 932 931 4289
7248 2 2 1 1 4207 3648 4362
7249 2 2 1 1 1329 1726 4262
7250 2 2 1 1 2850 2849 4318
7251 2 2 1 1 1446 1444 1447
7252 2 2 1 1 1696 1695 4287
7253 2 2 1 1 856 836 4259
7254 2 2 1 1 2907 1795 2937
7255 2 2 1 1 760 2546 4267
7256 2 2 1 1 650 651 4329
7257 2 2 1 1 2856 2197 4254
7258 2 2 1 1 2008 2655 4319
7259 2 2 1 1 1319 1317 4286
7260 2 2 1 1 2945 2944 3071
7261 2 2 1 1 1586 1659 1770
7262 2 2 1 1 2925 2924 4404
7263 2 2 1 1 2250 2241 2565
7264 2 2 1 1 1979 1976 3662
7265 2 2 1 1 1986 1893 4260
7266 2 2 1 1 1908 4177 4315
7267 2 2 1 1 1766 2112 4292
7268 2 2 1 1 2944 2313 2946
7269 2 2 1 1 854 4328 4427
7270 2 2 1 1 2809 1552 4253
7271 2 2 1 1 3284 3250 4397
7272 2 2 1 1 4104 4420 4452
7273 2 2 1 1 2215 2013 2703
7274 2 2 1 1 1339 1163 1515
7275 2 2 1 1 3483 3484 4483
7276 2 2 1 1 2553 1609 4286
7277 2 2 1 1 2886 2866 4437
7278 2 2 1 1 1765 1766 4292
7279 2 2 1 1 1772 2895 4215
7280 2 2 1 1 1648 1649 2035
7281 2 2 1 1 3667 2117 4373
7282 2 2 1 1 39 529 1453
7283 2 2 1 1 1008 1510 4301
7284 2 2 1 1 2244 2242 4358
7285 2 2 1 1 3735 3734 4455
7286 2 2 1 1 1465 1486 4302
7287 2 2 1 1 1996 2769 2770
7288 2 2 1 1 1078 1077 4283
7289 2 2 1 1 624 55 1454
7290 2 2 1 1 1682 1772 4215
7291 2 2 1 1 2373 1796 4257
7292 2 2 1 1 3146 4507 4696
7293 2 2 1 1 2712 1964 4268
7294 2 2 1 1 1033 1009 4251
7295 2 2 1 1 1865 4312 4348
7296 2 2 1 1 1014 4127 4251
7297 2 2 1 1 1497 1756 4338
7298 2 2 1 1 2035 2036 2888
7299 2 2 1 1 1339 1515 1648
7300 2 2 1 1 3647 3611 4429
7301 2 2 1 1 417 418 4336
7302 2 2 1 1 3703 3217 4455
7303 2 2 1 1 600 51 1455
7304 2 2 1 1 1489 2108 4285
7305 2 2 1 1 52 607 1452
7306 2 2 1 1 1906 1908 4315
7307 2 2 1 1 2802 3436 3438
7308 2 2 1 1 1750 1340 4332
7309 2 2 1 1 1258 4293 4364
7310 2 2 1 1 3495 3667 4482
7311 2 2 1 1 4302 1486 4389
7312 2 2 1 1 4260 1696 4287
7313 2 2 1 1 4348 3712 4365
7314 2 2 1 1 4154 1751 4155
7315 2 2 1 1 1537 361 4201
7316 2 2 1 1 2999 2928 3108
7317 2 2 1 1 1526 1524 4284
7318 2 2 1 1 3250 4325 4397
7319 2 2 1 1 1813 2911 2981
7320 2 2 1 1 1948 2643 4275
7321 2 2 1 1 977 949 4278
7322 2 2 1 1 2314 2313 2944
7323 2 2 1 1 2226 2224 2228
7324 2 2 1 1 1313 1612 4282
7325 2 2 1 1 2006 1730 4319
7326 2 2 1 1 1136 1507 4283
7327 2 2 1 1 2190 4252 4354
7328 2 2 1 1 4123 2508 4357
7329 2 2 1 1 685 508 4372
7330 2 2 1 1 2809 3562 4401
7331 2 2 1 1 2240 2241 2249
7332 2 2 1 1 4252 4187 4354
7333 2 2 1 1 2037 1750 2557
7334 2 2 1 1 723 730 4279
7335 2 2 1 1 348 5 1116
7336 2 2 1 1 423 815 4233
7337 2 2 1 1 1996 1995 2769
7338 2 2 1 1 2789 3221 3549
7339 2 2 1 1 1639 1995 1996
7340 2 2 1 1 3677 1910 4462
7341 2 2 1 1 2975 2974 4413
7342 2 2 1 1 3653 3702 4364
7343 2 2 1 1 2193 2663 2765
7344 2 2 1 1 1695 1971 4287
7345 2 2 1 1 1340 1339 4332
7346 2 2 1 1 1260 1261 4333
7347 2 2 1 1 2871 2869 3096
7348 2 2 1 1 1443 1445 4445
7349 2 2 1 1 1552 1553 4253
7350 2 2 1 1 4186 927 4306
7351 2 2 1 1 1077 1136 4283
7352 2 2 1 1 1897 4245 4274
7353 2 2 1 1 2194 1982 2357
7354 2 2 1 1 1481 1489 4285
7355 2 2 1 1 433 1061 4368
7356 2 2 1 1 2129 1943 4288
7357 2 2 1 1 2152 1899 4274
7358 2 2 1 1 2235 2234 2236
7359 2 2 1 1 2037 2557 2869
7360 2 2 1 1 1559 4222 4298
7361 2 2 1 1 931 1458 4289
7362 2 2 1 1 2321 2319 2323
7363 2 2 1 1 2215 2703 3005
7364 2 2 1 1 2810 2809 4401
7365 2 2 1 1 372 1429 4264
7366 2 2 1 1 2846 1765 4292
7367 2 2 1 1 2312 2250 2313
7368 2 2 1 1 3794 2544 4353
7369 2 2 1 1 2149 2536 4310
7370 2 2 1 1 1609 1319 4286
7371 2 2 1 1 1522 2564 4190
7372 2 2 1 1 1740 4090 4456
7373 2 2 1 1 3250 2768 4307
7374 2 2 1 1 4132 3762 4358
7375 2 2 1 1 1797 1315 4282
7376 2 2 1 1 1867 1865 4348
7377 2 2 1 1 2863 4449 4491
7378 2 2 1 1 1511 2115 4320
7379 2 2 1 1 1317 1797 4286
7380 2 2 1 1 2242 4132 4358
7381 2 2 1 1 790 849 4314
7382 2 2 1 1 3219 2373 4257
7383 2 2 1 1 1931 1057 1932
7384 2 2 1 1 4393 3658 4431
7385 2 2 1 1 1688 1371 4434
7386 2 2 1 1 2012 2011 4326
7387 2 2 1 1 1543 1528 4361
7388 2 2 1 1 1524 1768 4284
7389 2 2 1 1 1736 2145 4317
7390 2 2 1 1 2546 772 4314
7391 2 2 1 1 4174 3595 4372
7392 2 2 1 1 2791 2381 2792
7393 2 2 1 1 1562 1557 4298
7394 2 2 1 1 815 424 4234
7395 2 2 1 1 1505 1110 4385
7396 2 2 1 1 2109 1562 4298
7397 2 2 1 1 1756 2802 4338
7398 2 2 1 1 4417 1623 4448
7399 2 2 1 1 927 924 4306
7400 2 2 1 1 926 2076 4306
7401 2 2 1 1 3930 1589 4378
7402 2 2 1 1 2935 2152 4274
7403 2 2 1 1 1557 1559 4298
7404 2 2 1 1 1471 1473 4362
7405 2 2 1 1 3280 2792 3281
7406 2 2 1 1 924 926 4306
7407 2 2 1 1 2240 2238 2241
7408 2 2 1 1 2011 2013 2215
7409 2 2 1 1 4432 1894 4446
7410 2 2 1 1 2556 1440 4313
7411 2 2 1 1 1155 2221 2222
7412 2 2 1 1 1484 1479 4355
7413 2 2 1 1 608 809 4300
7414 2 2 1 1 1553 1556 4253
7415 2 2 1 1 3430 2590 4483
7416 2 2 1 1 812 623 4296
7417 2 2 1 1 1567 1571 4321
7418 2 2 1 1 1507 1291 4317
7419 2 2 1 1 2927 2308 2928
7420 2 2 1 1 2935 4872 4890
7421 2 2 1 1 2092 2560 4423
7422 2 2 1 1 1473 4207 4362
7423 2 2 1 1 4202 1567 4321
7424 2 2 1 1 2869 2557 2870
7425 2 2 1 1 1639 1638 1995
7426 2 2 1 1 2011 1640 2013
7427 2 2 1 1 2088 2083 4349
7428 2 2 1 1 2249 2241 2250
7429 2 2 1 1 2198 2985 4347
7430 2 2 1 1 2848 2543 4377
7431 2 2 1 1 4166 4302 4389
7432 2 2 1 1 4104 506 4420
7433 2 2 1 1 2762 4749 4783
7434 2 2 1 1 4160 1082 4436
7435 2 2 1 1 2644 2149 4310
7436 2 2 1 1 1486 1467 4363
7437 2 2 1 1 2571 2570 4448
7438 2 2 1 1 530 811 4350
7439 2 2 1 1 1769 1523 4320
7440 2 2 1 1 1155 38 2221
7441 2 2 1 1 1469 1516 4363
7442 2 2 1 1 4365 3659 4393
7443 2 2 1 1 1156 2316 2317
7444 2 2 1 1 1679 4200 4954
7445 2 2 1 1 998 1008 4301
7446 2 2 1 1 2557 1750 4332
7447 2 2 1 1 2708 2190 4354
7448 2 2 1 1 772 790 4314
7449 2 2 1 1 1572 1569 4359
7450 2 2 1 1 2860 4470 4505
7451 2 2 1 1 2937 1795 2938
7452 2 2 1 1 1813 2981 2982
7453 2 2 1 1 1639 2629 4333
7454 2 2 1 1 1569 1581 4359
7455 2 2 1 1 3712 3711 4365
7456 2 2 1 1 2215 3075 4326
7457 2 2 1 1 2982 2983 2984
7458 2 2 1 1 1304 1307 4366
7459 2 2 1 1 2939 2938 2940
7460 2 2 1 1 1291 1736 4317
7461 2 2 1 1 362 839 4201
7462 2 2 1 1 1170 923 4449
7463 2 2 1 1 1668 1526 4284
7464 2 2 1 1 508 509 4372
7465 2 2 1 1 1586 2562 4321
7466 2 2 1 1 2224 2222 4379
7467 2 2 1 1 1382 1638 1639
7468 2 2 1 1 1467 1469 4363
7469 2 2 1 1 3264 3262 4613
7470 2 2 1 1 3654 1018 4386
7471 2 2 1 1 3702 1258 4364
7472 2 2 1 1 2937 2938 2939
7473 2 2 1 1 2892 3390 4530
7474 2 2 1 1 1156 60 2316
7475 2 2 1 1 2709 2244 4358
7476 2 2 1 1 1533 4123 4357
7477 2 2 1 1 2927 2928 2999
7478 2 2 1 1 2047 1767 4370
7479 2 2 1 1 3537 2550 4487
7480 2 2 1 1 3407 4204 4411
7481 2 2 1 1 3229 3225 4371
7482 2 2 1 1 1528 1668 4361
7483 2 2 1 1 789 599 4299
7484 2 2 1 1 4372 3595 4399
7485 2 2 1 1 4371 1153 4396
7486 2 2 1 1 20 1057 1931
7487 2 2 1 1 2319 2317 4381
7488 2 2 1 1 685 3778 4420
7489 2 2 1 1 858 3064 4667
7490 2 2 1 1 2993 2663 4356
7491 2 2 1 1 2014 1298 4327
7492 2 2 1 1 2404 1999 2405
7493 2 2 1 1 2091 2106 4435
7494 2 2 1 1 1382 1639 4333
7495 2 2 1 1 2881 2879 4536
7496 2 2 1 1 1714 2193 4369
7497 2 2 1 1 1495 1483 4410
7498 2 2 1 1 2708 4354 4383
7499 2 2 1 1 2306 2308 2927
7500 2 2 1 1 1795 1543 4361
7501 2 2 1 1 2982 2981 2983
7502 2 2 1 1 1571 1586 4321
7503 2 2 1 1 3116 2132 4910
7504 2 2 1 1 3808 1074 4380
7505 2 2 1 1 1517 1125 4335
7506 2 2 1 1 1939 2304 2903
7507 2 2 1 1 1675 1304 4366
7508 2 2 1 1 3734 2517 4455
7509 2 2 1 1 1373 4087 4444
7510 2 2 1 1 3773 2913 4968
7511 2 2 1 1 883 962 4376
7512 2 2 1 1 2536 2867 4310
7513 2 2 1 1 507 685 4420
7514 2 2 1 1 1138 1130 4331
7515 2 2 1 1 2682 3051 3052
7516 2 2 1 1 1128 1517 4331
7517 2 2 1 1 2543 4289 4377
7518 2 2 1 1 2568 1537 4201
7519 2 2 1 1 4187 2542 4354
7520 2 2 1 1 4354 2542 4383
7521 2 2 1 1 986 988 4436
7522 2 2 1 1 2632 4617 4625
7523 2 2 1 1 688 4170 4327
7524 2 2 1 1 2305 1936 2306
7525 2 2 1 1 3795 1027 4374
7526 2 2 1 1 1307 1813 4366
7527 2 2 1 1 2928 2308 4324
7528 2 2 1 1 2298 4290 4291
7529 2 2 1 1 1932 2789 4290
7530 2 2 1 1 1523 1511 4320
7531 2 2 1 1 1087 1689 4334
7532 2 2 1 1 1741 1003 4334
7533 2 2 1 1 1110 823 4385
7534 2 2 1 1 2844 3412 4651
7535 2 2 1 1 834 3605 4406
7536 2 2 1 1 1746 4270 4370
7537 2 2 1 1 1089 4144 4985
7538 2 2 1 1 1018 958 4386
7539 2 2 1 1 2994 2784 3036
7540 2 2 1 1 1516 1471 4362
7541 2 2 1 1 3669 4086 4424
7542 2 2 1 1 1298 688 4327
7543 2 2 1 1 1324 1623 4417
7544 2 2 1 1 2765 2993 3023
7545 2 2 1 1 2193 2765 2766
7546 2 2 1 1 1132 1138 4330
7547 2 2 1 1 888 1741 4337
7548 2 2 1 1 2210 2010 2311
7549 2 2 1 1 1950 2309 2682
7550 2 2 1 1 2784 2012 4326
7551 2 2 1 1 3381 3377 4914
7552 2 2 1 1 2521 4073 4463
7553 2 2 1 1 1130 1128 4331
7554 2 2 1 1 1125 1123 4335
7555 2 2 1 1 4353 2545 4378
7556 2 2 1 1 1638 1714 4369
7557 2 2 1 1 2802 3438 4338
7558 2 2 1 1 429 430 2110
7559 2 2 1 1 657 658 2111
7560 2 2 1 1 9 349 2120
7561 2 2 1 1 430 431 4341
7562 2 2 1 1 658 659 4342
7563 2 2 1 1 350 351 2136
7564 2 2 1 1 329 330 4340
7565 2 2 1 1 330 6 2154
7566 2 2 1 1 414 20 2155
7567 2 2 1 1 412 413 2163
7568 2 2 1 1 328 329 2162
7569 2 2 1 1 55 625 2156
7570 2 2 1 1 626 627 2164
7571 2 2 1 1 628 629 2167
7572 2 2 1 1 326 327 2169
7573 2 2 1 1 410 411 2168
7574 2 2 1 1 431 432 2122
7575 2 2 1 1 659 660 2123
7576 2 2 1 1 630 56 2172
7577 2 2 1 1 5 325 2174
7578 2 2 1 1 19 409 2173
7579 2 2 1 1 354 10 2229
7580 2 2 1 1 352 353 2150
7581 2 2 1 1 428 429 4343
7582 2 2 1 1 656 657 4344
7583 2 2 1 1 427 428 2124
7584 2 2 1 1 655 656 2125
7585 2 2 1 1 606 52 2175
7586 2 2 1 1 604 605 2170
7587 2 2 1 1 528 39 2157
7588 2 2 1 1 526 527 2165
7589 2 2 1 1 51 601 2158
7590 2 2 1 1 38 523 2176
7591 2 2 1 1 524 525 2171
7592 2 2 1 1 602 603 2166
7593 2 2 1 1 356 357 2151
7594 2 2 1 1 358 359 2137
7595 2 2 1 1 360 11 2119
7596 2 2 1 1 1181 4178 4464
7597 2 2 1 1 432 23 4339
7598 2 2 1 1 4325 1564 4397
7599 2 2 1 1 2552 3104 4487
7600 2 2 1 1 4184 870 4337
7601 2 2 1 1 4289 1458 4377
7602 2 2 1 1 1339 1648 4332
7603 2 2 1 1 1123 4197 4335
7604 2 2 1 1 4259 4184 4373
7605 2 2 1 1 2495 1921 4459
7606 2 2 1 1 4304 2857 4426
7607 2 2 1 1 747 346 4426
7608 2 2 1 1 2848 4395 4432
7609 2 2 1 1 2184 1952 4390
7610 2 2 1 1 1181 4464 4478
7611 2 2 1 1 3560 3334 4474
7612 2 2 1 1 1603 1578 4346
7613 2 2 1 1 4306 2076 4421
7614 2 2 1 1 1576 2109 4346
7615 2 2 1 1 1429 1929 1930
7616 2 2 1 1 1163 1132 4330
7617 2 2 1 1 4127 1094 4351
7618 2 2 1 1 3287 2541 4506
7619 2 2 1 1 870 888 4337
7620 2 2 1 1 1462 1500 4430
7621 2 2 1 1 1003 1087 4334
7622 2 2 1 1 1578 1576 4346
7623 2 2 1 1 2208 2207 3012
7624 2 2 1 1 1172 1305 4351
7625 2 2 1 1 4151 4285 4402
7626 2 2 1 1 1767 1746 4370
7627 2 2 1 1 3485 4239 4480
7628 2 2 1 1 1442 2556 4345
7629 2 2 1 1 721 731 4408
7630 2 2 1 1 1515 1163 4330
7631 2 2 1 1 3615 1084 4391
7632 2 2 1 1 2380 2228 2381
7633 2 2 1 1 2549 3396 4409
7634 2 2 1 1 2382 2323 2383
7635 2 2 1 1 822 834 4406
7636 2 2 1 1 890 851 4427
7637 2 2 1 1 1444 1442 4345
7638 2 2 1 1 1447 1444 4345
7639 2 2 1 1 3006 4376 5112
7640 2 2 1 1 2817 2635 4592
7641 2 2 1 1 4158 1673 4481
7642 2 2 1 1 4614 4140 4624
7643 2 2 1 1 2682 2309 3051
7644 2 2 1 1 4058 2467 4392
7645 2 2 1 1 624 1454 4296
7646 2 2 1 1 2542 2691 4383
7647 2 2 1 1 958 960 4386
7648 2 2 1 1 3763 890 4427
7649 2 2 1 1 57 1598 2324
7650 2 2 1 1 1910 4439 4462
7651 2 2 1 1 2109 4298 4429
7652 2 2 1 1 2877 3525 4515
7653 2 2 1 1 2404 2405 3106
7654 2 2 1 1 1522 19 1946
7655 2 2 1 1 3326 2551 4409
7656 2 2 1 1 2903 2304 3050
7657 2 2 1 1 10 355 2230
7658 2 2 1 1 2507 2638 4585
7659 2 2 1 1 686 706 4405
7660 2 2 1 1 1452 607 4300
7661 2 2 1 1 3595 3594 4399
7662 2 2 1 1 1453 529 4350
7663 2 2 1 1 2187 3677 4388
7664 2 2 1 1 4241 1189 4417
7665 2 2 1 1 3230 3232 4475
7666 2 2 1 1 4204 2371 4411
7667 2 2 1 1 1409 4595 4653
7668 2 2 1 1 1653 3130 4471
7669 2 2 1 1 2420 1634 4471
7670 2 2 1 1 1458 1460 4377
7671 2 2 1 1 2880 4101 4582
7672 2 2 1 1 4270 2845 4370
7673 2 2 1 1 2011 2215 4326
7674 2 2 1 1 1589 4353 4378
7675 2 2 1 1 2047 4370 4425
7676 2 2 1 1 1094 1172 4351
7677 2 2 1 1 2005 2395 2396
7678 2 2 1 1 4262 1726 4413
7679 2 2 1 1 2865 3548 4496
7680 2 2 1 1 3909 2603 4919
7681 2 2 1 1 2573 1452 4300
7682 2 2 1 1 2236 2234 2260
7683 2 2 1 1 600 1455 4299
7684 2 2 1 1 906 3669 4460
7685 2 2 1 1 2565 2241 4375
7686 2 2 1 1 4732 853 4749
7687 2 2 1 1 4385 823 4406
7688 2 2 1 1 1446 1447 4352
7689 2 2 1 1 4285 2108 4402
7690 2 2 1 1 4186 4306 4421
7691 2 2 1 1 3651 4241 4417
7692 2 2 1 1 979 941 4461
7693 2 2 1 1 348 1116 4304
7694 2 2 1 1 4164 2095 4393
7695 2 2 1 1 2305 2306 4316
7696 2 2 1 1 2705 4875 5004
7697 2 2 1 1 2794 2793 4407
7698 2 2 1 1 4168 1888 4959
7699 2 2 1 1 1930 1929 2207
7700 2 2 1 1 889 4221 4428
7701 2 2 1 1 1454 2575 4296
7702 2 2 1 1 1813 2982 4366
7703 2 2 1 1 2117 4259 4373
7704 2 2 1 1 3863 2925 4404
7705 2 2 1 1 2108 1644 4447
7706 2 2 1 1 2095 4365 4393
7707 2 2 1 1 3395 3219 4415
7708 2 2 1 1 3128 2717 5157
7709 2 2 1 1 823 822 4406
7710 2 2 1 1 2676 3182 4499
7711 2 2 1 1 4247 2108 4447
7712 2 2 1 1 852 889 4428
7713 2 2 1 1 2848 4377 4430
7714 2 2 1 1 2327 22 2923
7715 2 2 1 1 2813 2810 4401
7716 2 2 1 1 3548 2115 4398
7717 2 2 1 1 3519 3656 4485
7718 2 2 1 1 2324 1598 4175
7719 2 2 1 1 2938 1795 4361
7720 2 2 1 1 2884 3130 5123
7721 2 2 1 1 2559 3668 4412
7722 2 2 1 1 3032 4602 5153
7723 2 2 1 1 1007 22 2327
7724 2 2 1 1 1939 1938 2304
7725 2 2 1 1 4280 1742 4382
7726 2 2 1 1 1522 1946 2005
7727 2 2 1 1 4355 1477 4415
7728 2 2 1 1 2193 2766 4369
7729 2 2 1 1 3494 3495 4508
7730 2 2 1 1 11 1537 1927
7731 2 2 1 1 781 4569 4643
7732 2 2 1 1 1116 5 2233
7733 2 2 1 1 2582 2018 4590
7734 2 2 1 1 2599 4166 4389
7735 2 2 1 1 1116 2235 4304
7736 2 2 1 1 4158 4481 4488
7737 2 2 1 1 1505 4385 4474
7738 2 2 1 1 4298 4222 4429
7739 2 2 1 1 3259 3260 4416
7740 2 2 1 1 1455 2574 4299
7741 2 2 1 1 2841 4280 4382
7742 2 2 1 1 4370 2845 4425
7743 2 2 1 1 1500 1502 4395
7744 2 2 1 1 4138 2686 4595
7745 2 2 1 1 3192 2677 4499
7746 2 2 1 1 2106 4367 4435
7747 2 2 1 1 1640 1446 4352
7748 2 2 1 1 406 810 4453
7749 2 2 1 1 2154 6 2634
7750 2 2 1 1 3495 4482 4508
7751 2 2 1 1 2228 2224 4379
7752 2 2 1 1 1887 721 4408
7753 2 2 1 1 1947 1999 2404
7754 2 2 1 1 2974 4262 4413
7755 2 2 1 1 1931 1932 2298
7756 2 2 1 1 2876 2047 4425
7757 2 2 1 1 2172 56 2666
7758 2 2 1 1 3669 4424 4460
7759 2 2 1 1 1935 1936 2305
7760 2 2 1 1 57 2324 2922
7761 2 2 1 1 1950 1937 2309
7762 2 2 1 1 2013 1640 4352
7763 2 2 1 1 3610 2852 4500
7764 2 2 1 1 2381 2228 2619
7765 2 2 1 1 4197 1505 4400
7766 2 2 1 1 4284 2530 4387
7767 2 2 1 1 2210 2311 3015
7768 2 2 1 1 2877 4515 4531
7769 2 2 1 1 4449 2863 4472
7770 2 2 1 1 939 4183 4461
7771 2 2 1 1 1116 2233 2234
7772 2 2 1 1 2551 2549 4409
7773 2 2 1 1 4184 4337 4373
7774 2 2 1 1 3792 4139 4403
7775 2 2 1 1 3651 4417 4448
7776 2 2 1 1 346 347 4426
7777 2 2 1 1 2383 2323 2864
7778 2 2 1 1 4127 4351 4398
7779 2 2 1 1 2238 2236 4375
7780 2 2 1 1 992 994 4443
7781 2 2 1 1 2879 2880 4566
7782 2 2 1 1 4238 2088 4433
7783 2 2 1 1 3269 2831 4446
7784 2 2 1 1 506 507 4420
7785 2 2 1 1 4167 686 4405
7786 2 2 1 1 2921 3317 4937
7787 2 2 1 1 2212 2972 4466
7788 2 2 1 1 2789 3549 4290
7789 2 2 1 1 2562 2577 4438
7790 2 2 1 1 2323 2319 4381
7791 2 2 1 1 1455 1938 1939
7792 2 2 1 1 2591 2092 4423
7793 2 2 1 1 4202 4321 4438
7794 2 2 1 1 2371 3190 4411
7795 2 2 1 1 3692 4151 4402
7796 2 2 1 1 1927 1537 2010
7797 2 2 1 1 264 4157 4418
7798 2 2 1 1 347 4304 4426
7799 2 2 1 1 2268 2269 4501
7800 2 2 1 1 39 1453 1935
7801 2 2 1 1 1454 55 1937
7802 2 2 1 1 4420 3778 4452
7803 2 2 1 1 1673 4189 4467
7804 2 2 1 1 1483 3536 4410
7805 2 2 1 1 4096 2582 4587
7806 2 2 1 1 1455 51 1938
7807 2 2 1 1 2383 2864 3069
7808 2 2 1 1 2222 2221 2920
7809 2 2 1 1 2107 1316 4509
7810 2 2 1 1 2557 4332 4422
7811 2 2 1 1 1595 344 4477
7812 2 2 1 1 2306 2927 4316
7813 2 2 1 1 1947 1452 1999
7814 2 2 1 1 1318 1377 4509
7815 2 2 1 1 1995 1638 4369
7816 2 2 1 1 3219 4355 4415
7817 2 2 1 1 2316 60 2921
7818 2 2 1 1 1668 4284 4387
7819 2 2 1 1 4235 4203 4424
7820 2 2 1 1 2686 4138 4611
7821 2 2 1 1 2541 2602 4539
7822 2 2 1 1 1935 1453 1936
7823 2 2 1 1 2317 2316 2926
7824 2 2 1 1 52 1452 1947
7825 2 2 1 1 345 747 4477
7826 2 2 1 1 2154 2839 3115
7827 2 2 1 1 1429 9 1929
7828 2 2 1 1 1454 1937 1950
7829 2 2 1 1 2261 2996 4485
7830 2 2 1 1 2298 1932 4290
7831 2 2 1 1 2975 4413 4457
7832 2 2 1 1 2229 10 2670
7833 2 2 1 1 1260 4333 4414
7834 2 2 1 1 2578 2863 4478
7835 2 2 1 1 1726 4196 4413
7836 2 2 1 1 1189 1324 4417
7837 2 2 1 1 4335 4197 4400
7838 2 2 1 1 2396 2395 3105
7839 2 2 1 1 4377 1460 4430
7840 2 2 1 1 1689 1260 4414
7841 2 2 1 1 4542 3538 4917
7842 2 2 1 1 4536 2879 4566
7843 2 2 1 1 2625 3300 4492
7844 2 2 1 1 2626 3301 4493
7845 2 2 1 1 4321 2562 4438
7846 2 2 1 1 4395 1892 4432
7847 2 2 1 1 3098 4238 4433
7848 2 2 1 1 1082 986 4436
7849 2 2 1 1 3319 2922 4938
7850 2 2 1 1 2241 2238 4375
7851 2 2 1 1 2558 4186 4421
7852 2 2 1 1 4332 1648 4422
7853 2 2 1 1 3281 2792 3282
7854 2 2 1 1 3653 4364 4439
7855 2 2 1 1 1675 4366 4450
7856 2 2 1 1 851 854 4427
7857 2 2 1 1 1371 1373 4434
7858 2 2 1 1 4251 4127 4398
7859 2 2 1 1 4164 4393 4431
7860 2 2 1 1 2707 3467 4512
7861 2 2 1 1 2005 1946 2395
7862 2 2 1 1 1927 2010 2210
7863 2 2 1 1 2076 2843 4421
7864 2 2 1 1 853 852 4428
7865 2 2 1 1 4495 2872 4510
7866 2 2 1 1 3406 3339 4718
7867 2 2 1 1 2560 2091 4435
7868 2 2 1 1 1648 2035 4422
7869 2 2 1 1 2845 2846 4425
7870 2 2 1 1 4364 2548 4439
7871 2 2 1 1 4438 2577 4465
7872 2 2 1 1 2106 4164 4431
7873 2 2 1 1 2115 4251 4398
7874 2 2 1 1 2968 4721 4781
7875 2 2 1 1 4086 4235 4424
7876 2 2 1 1 3229 4371 4396
7877 2 2 1 1 4361 1668 4454
7878 2 2 1 1 1788 1792 4498
7879 2 2 1 1 3778 2862 4452
7880 2 2 1 1 2634 2960 4686
7881 2 2 1 1 2222 2920 4379
7882 2 2 1 1 1169 4158 4488
7883 2 2 1 1 1460 1462 4430
7884 2 2 1 1 4333 2629 4414
7885 2 2 1 1 3099 3098 4513
7886 2 2 1 1 2866 2865 4437
7887 2 2 1 1 2923 3321 4939
7888 2 2 1 1 2815 2813 4440
7889 2 2 1 1 2134 4472 4484
7890 2 2 1 1 2317 2926 4381
7891 2 2 1 1 1081 992 4443
7892 2 2 1 1 3782 4605 5043
7893 2 2 1 1 3397 1740 4473
7894 2 2 1 1 3435 2896 5018
7895 2 2 1 1 4203 2540 4424
7896 2 2 1 1 2558 4421 4456
7897 2 2 1 1 3505 3504 4681
7898 2 2 1 1 4429 3611 4468
7899 2 2 1 1 2548 2576 4439
7900 2 2 1 1 979 4461 4538
7901 2 2 1 1 4458 2735 4486
7902 2 2 1 1 1449 1443 4445
7903 2 2 1 1 3468 3465 4520
7904 2 2 1 1 3247 1725 5009
7905 2 2 1 1 4087 2495 4444
7906 2 2 1 1 3466 3471 4520
7907 2 2 1 1 921 919 4491
7908 2 2 1 1 2870 2557 4422
7909 2 2 1 1 4514 2852 4526
7910 2 2 1 1 4518 3386 4683
7911 2 2 1 1 3802 3800 4589
7912 2 2 1 1 2813 4401 4440
7913 2 2 1 1 4539 2602 4552
7914 2 2 1 1 4421 2843 4456
7915 2 2 1 1 4160 4436 4533
7916 2 2 1 1 4222 3647 4429
7917 2 2 1 1 3673 1169 4505
7918 2 2 1 1 3502 885 4697
7919 2 2 1 1 4478 2863 4491
7920 2 2 1 1 4177 2872 4495
7921 2 2 1 1 2878 2877 4531
7922 2 2 1 1 4224 4691 4825
7923 2 2 1 1 2570 3651 4448
7924 2 2 1 1 3416 3415 4538
7925 2 2 1 1 405 406 4453
7926 2 2 1 1 3398 3429 4451
7927 2 2 1 1 3146 2707 4512
7928 2 2 1 1 2752 4295 4442
7929 2 2 1 1 2638 4550 4585
7930 2 2 1 1 4424 2540 4460
7931 2 2 1 1 1581 4202 4438
7932 2 2 1 1 1685 1533 4507
7933 2 2 1 1 3123 3554 4983
7934 2 2 1 1 4468 3611 4500
7935 2 2 1 1 3289 2687 4689
7936 2 2 1 1 751 732 4489
7937 2 2 1 1 4587 2582 4590
7938 2 2 1 1 2577 2659 4465
7939 2 2 1 1 4582 4101 4604
7940 2 2 1 1 2327 2923 3038
7941 2 2 1 1 3758 1862 4518
7942 2 2 1 1 3122 1884 4923
7943 2 2 1 1 2236 2260 4375
7944 2 2 1 1 2922 2324 3037
7945 2 2 1 1 4605 3782 4695
7946 2 2 1 1 1169 4488 4505
7947 2 2 1 1 739 1299 4497
7948 2 2 1 1 1377 1320 4535
7949 2 2 1 1 1864 2216 4518
7950 2 2 1 1 2571 4448 4466
7951 2 2 1 1 2602 2702 4552
7952 2 2 1 1 4452 2862 4467
7953 2 2 1 1 1581 4438 4465
7954 2 2 1 1 4366 2982 4450
7955 2 2 1 1 4114 3349 4442
7956 2 2 1 1 4360 3406 4641
7957 2 2 1 1 1644 2006 4447
7958 2 2 1 1 4583 3773 5002
7959 2 2 1 1 4090 2558 4456
7960 2 2 1 1 2619 2228 4379
7961 2 2 1 1 923 921 4449
7962 2 2 1 1 2052 3131 4970
7963 2 2 1 1 4287 2735 4458
7964 2 2 1 1 2154 2634 2839
7965 2 2 1 1 4385 3560 4474
7966 2 2 1 1 4313 979 4441
7967 2 2 1 1 941 939 4461
7968 2 2 1 1 2688 3299 4688
7969 2 2 1 1 2172 2666 3034
7970 2 2 1 1 2886 4437 4511
7971 2 2 1 1 2938 4361 4454
7972 2 2 1 1 2229 2670 3065
7973 2 2 1 1 1299 741 4504
7974 2 2 1 1 2555 4468 4500
7975 2 2 1 1 2110 430 4341
7976 2 2 1 1 2111 658 4342
7977 2 2 1 1 330 2154 4340
7978 2 2 1 1 2162 329 4340
7979 2 2 1 1 431 2122 4341
7980 2 2 1 1 659 2123 4342
7981 2 2 1 1 429 2110 4343
7982 2 2 1 1 657 2111 4344
7983 2 2 1 1 2124 428 4343
7984 2 2 1 1 2125 656 4344
7985 2 2 1 1 2122 432 4339
7986 2 2 1 1 2514 4104 4452
7987 2 2 1 1 2831 4432 4446
7988 2 2 1 1 2900 4578 4581
7989 2 2 1 1 743 4267 4504
7990 2 2 1 1 2864 2323 4381
7991 2 2 1 1 2887 2886 4571
7992 2 2 1 1 1921 2521 4459
7993 2 2 1 1 4439 2576 4462
7994 2 2 1 1 3016 2300 4522
7995 2 2 1 1 3826 2953 4522
7996 2 2 1 1 960 862 4510
7997 2 2 1 1 3748 1144 4548
7998 2 2 1 1 3248 1582 4540
7999 2 2 1 1 3518 1783 4546
8000 2 2 1 1 727 620 4516
8001 2 2 1 1 3147 2651 4525
8002 2 2 1 1 3952 3890 4525
8003 2 2 1 1 1740 4456 4473
8004 2 2 1 1 4295 4114 4442
8005 2 2 1 1 4413 4196 4457
8006 2 2 1 1 847 828 4527
8007 2 2 1 1 3597 2579 4464
8008 2 2 1 1 3031 3839 4690
8009 2 2 1 1 2389 3444 4588
8010 2 2 1 1 3521 1004 4877
8011 2 2 1 1 2589 2730 4526
8012 2 2 1 1 2514 4452 4467
8013 2 2 1 1 2982 2984 4450
8014 2 2 1 1 2517 3703 4455
8015 2 2 1 1 3608 398 4559
8016 2 2 1 1 2759 3454 4852
8017 2 2 1 1 2148 2644 4494
8018 2 2 1 1 2860 2126 4519
8019 2 2 1 1 1668 4387 4454
8020 2 2 1 1 2287 1395 4541
8021 2 2 1 1 4260 4287 4458
8022 2 2 1 1 2556 4313 4441
8023 2 2 1 1 2576 2664 4462
8024 2 2 1 1 1686 2118 4519
8025 2 2 1 1 2452 4037 4469
8026 2 2 1 1 2372 2767 5042
8027 2 2 1 1 3627 2583 4542
8028 2 2 1 1 4524 2640 4534
8029 2 2 1 1 4855 2952 4860
8030 2 2 1 1 4196 2771 4457
8031 2 2 1 1 3803 1076 4544
8032 2 2 1 1 4464 2579 4478
8033 2 2 1 1 3034 2666 4698
8034 2 2 1 1 2838 4215 4484
8035 2 2 1 1 2540 4315 4460
8036 2 2 1 1 1623 2212 4466
8037 2 2 1 1 2592 2640 4524
8038 2 2 1 1 1673 4467 4481
8039 2 2 1 1 2118 1532 4521
8040 2 2 1 1 2940 2938 4454
8041 2 2 1 1 4189 2514 4467
8042 2 2 1 1 3300 2627 4502
8043 2 2 1 1 3301 2628 4503
8044 2 2 1 1 4552 2702 4572
8045 2 2 1 1 1634 1653 4471
8046 2 2 1 1 2792 2381 4419
8047 2 2 1 1 4169 1457 4955
8048 2 2 1 1 275 4682 4856
8049 2 2 1 1 1531 1685 4521
8050 2 2 1 1 3323 2711 4713
8051 2 2 1 1 1805 3673 4470
8052 2 2 1 1 3242 3230 4475
8053 2 2 1 1 2381 2619 4419
8054 2 2 1 1 4309 3489 4568
8055 2 2 1 1 1170 4449 4472
8056 2 2 1 1 2555 4346 4468
8057 2 2 1 1 2717 3128 4927
8058 2 2 1 1 3588 1152 4565
8059 2 2 1 1 3603 2830 4560
8060 2 2 1 1 344 345 4477
8061 2 2 1 1 2761 3107 4523
8062 2 2 1 1 1970 1720 4514
8063 2 2 1 1 4178 2757 4479
8064 2 2 1 1 3741 2038 4558
8065 2 2 1 1 2843 3145 4473
8066 2 2 1 1 2057 3176 4546
8067 2 2 1 1 1783 1782 4546
8068 2 2 1 1 4641 3406 4674
8069 2 2 1 1 1076 4017 4544
8070 2 2 1 1 4506 2541 4539
8071 2 2 1 1 839 363 4517
8072 2 2 1 1 1144 1284 4548
8073 2 2 1 1 2109 4429 4468
8074 2 2 1 1 1305 1303 4511
8075 2 2 1 1 3457 2594 4601
8076 2 2 1 1 3645 2728 4603
8077 2 2 1 1 2038 1793 4558
8078 2 2 1 1 3448 2593 4602
8079 2 2 1 1 1075 3814 4559
8080 2 2 1 1 4359 1581 4465
8081 2 2 1 1 2785 4232 4545
8082 2 2 1 1 4709 1797 4821
8083 2 2 1 1 3771 2890 4977
8084 2 2 1 1 3282 2792 4419
8085 2 2 1 1 2914 2915 4618
8086 2 2 1 1 1052 4469 4690
8087 2 2 1 1 3566 1151 4562
8088 2 2 1 1 398 399 4559
8089 2 2 1 1 2579 2578 4478
8090 2 2 1 1 3675 2898 4905
8091 2 2 1 1 2830 2030 4560
8092 2 2 1 1 2154 3115 4340
8093 2 2 1 1 1151 479 4562
8094 2 2 1 1 480 1415 4562
8095 2 2 1 1 1152 4038 4565
8096 2 2 1 1 622 812 4532
8097 2 2 1 1 3355 2053 4616
8098 2 2 1 1 2036 4663 4692
8099 2 2 1 1 1486 4363 4506
8100 2 2 1 1 3322 3323 4689
8101 2 2 1 1 4239 1811 4480
8102 2 2 1 1 4227 2724 5028
8103 2 2 1 1 781 768 4569
8104 2 2 1 1 2736 2326 4941
8105 2 2 1 1 3597 4464 4479
8106 2 2 1 1 2862 2859 4481
8107 2 2 1 1 4646 816 4650
8108 2 2 1 1 4436 4097 4533
8109 2 2 1 1 3496 1808 4633
8110 2 2 1 1 4346 2109 4468
8111 2 2 1 1 4398 4351 4496
8112 2 2 1 1 2050 3068 4734
8113 2 2 1 1 3068 3067 4735
8114 2 2 1 1 4611 4138 4654
8115 2 2 1 1 4232 2561 4545
8116 2 2 1 1 3303 3302 4688
8117 2 2 1 1 3758 4518 4683
8118 2 2 1 1 2590 3483 4483
8119 2 2 1 1 4448 1623 4466
8120 2 2 1 1 960 4510 4524
8121 2 2 1 1 906 4460 4495
8122 2 2 1 1 4481 2859 4488
8123 2 2 1 1 3656 2261 4485
8124 2 2 1 1 3372 3371 5156
8125 2 2 1 1 4592 2635 4614
8126 2 2 1 1 3331 4309 4648
8127 2 2 1 1 1181 4478 4491
8128 2 2 1 1 3767 4646 4650
8129 2 2 1 1 886 3500 4612
8130 2 2 1 1 4533 4096 4587
8131 2 2 1 1 4400 1505 4474
8132 2 2 1 1 2999 3366 5036
8133 2 2 1 1 3479 4386 4534
8134 2 2 1 1 4461 3416 4538
8135 2 2 1 1 2550 2552 4487
8136 2 2 1 1 1969 1968 4573
8137 2 2 1 1 3035 3185 5134
8138 2 2 1 1 4566 2880 4582
8139 2 2 1 1 4373 4337 4482
8140 2 2 1 1 3297 2749 4730
8141 2 2 1 1 2745 3311 4729
8142 2 2 1 1 3313 2746 4727
8143 2 2 1 1 3315 2747 4728
8144 2 2 1 1 2735 2952 4486
8145 2 2 1 1 3667 4373 4482
8146 2 2 1 1 4234 425 4551
8147 2 2 1 1 2859 2858 4488
8148 2 2 1 1 829 639 4549
8149 2 2 1 1 2160 2161 4578
8150 2 2 1 1 3066 2492 4573
8151 2 2 1 1 2054 4040 4840
8152 2 2 1 1 2294 2291 4580
8153 2 2 1 1 2943 4288 4523
8154 2 2 1 1 2290 3006 4580
8155 2 2 1 1 3140 4403 4579
8156 2 2 1 1 4363 3287 4506
8157 2 2 1 1 3585 2733 4597
8158 2 2 1 1 3626 4726 5189
8159 2 2 1 1 4467 2862 4481
8160 2 2 1 1 2596 3451 4774
8161 2 2 1 1 4437 1305 4511
8162 2 2 1 1 732 737 4489
8163 2 2 1 1 864 4804 4814
8164 2 2 1 1 848 3360 4638
8165 2 2 1 1 906 4495 4510
8166 2 2 1 1 919 1181 4491
8167 2 2 1 1 4215 2895 4484
8168 2 2 1 1 426 1007 4551
8169 2 2 1 1 1875 1851 4584
8170 2 2 1 1 4472 2838 4484
8171 2 2 1 1 4337 1741 4482
8172 2 2 1 1 3107 2762 4783
8173 2 2 1 1 1811 762 4575
8174 2 2 1 1 2269 3479 4586
8175 2 2 1 1 1439 2052 5180
8176 2 2 1 1 2052 1985 5180
8177 2 2 1 1 2890 1071 5181
8178 2 2 1 1 2595 3056 4589
8179 2 2 1 1 4504 4267 4631
8180 2 2 1 1 2332 2890 5181
8181 2 2 1 1 4456 2843 4473
8182 2 2 1 1 2530 2148 4494
8183 2 2 1 1 757 4226 4575
8184 2 2 1 1 737 739 4497
8185 2 2 1 1 4482 1741 4508
8186 2 2 1 1 2677 2676 4499
8187 2 2 1 1 3446 4640 4657
8188 2 2 1 1 4119 2268 4501
8189 2 2 1 1 3611 3610 4500
8190 2 2 1 1 1786 1788 4498
8191 2 2 1 1 3332 3111 4621
8192 2 2 1 1 2742 3332 4622
8193 2 2 1 1 3494 4508 4550
8194 2 2 1 1 1238 976 4593
8195 2 2 1 1 801 3950 4593
8196 2 2 1 1 2704 4624 4675
8197 2 2 1 1 4176 2690 4759
8198 2 2 1 1 4488 2858 4505
8199 2 2 1 1 3400 2611 4794
8200 2 2 1 1 4489 737 4497
8201 2 2 1 1 741 743 4504
8202 2 2 1 1 3504 4678 4681
8203 2 2 1 1 3664 2808 4619
8204 2 2 1 1 3932 3030 4598
8205 2 2 1 1 4037 2444 4598
8206 2 2 1 1 1973 2206 4577
8207 2 2 1 1 3548 4398 4496
8208 2 2 1 1 2218 3437 4850
8209 2 2 1 1 2690 3427 4742
8210 2 2 1 1 681 2406 5183
8211 2 2 1 1 3776 2910 4910
8212 2 2 1 1 2904 3192 4631
8213 2 2 1 1 2547 3408 4642
8214 2 2 1 1 3312 3313 4714
8215 2 2 1 1 3311 3310 4715
8216 2 2 1 1 3295 3294 4717
8217 2 2 1 1 3296 3297 4716
8218 2 2 1 1 4137 4138 4595
8219 2 2 1 1 2748 3295 4733
8220 2 2 1 1 3446 708 4640
8221 2 2 1 1 3152 2341 4797
8222 2 2 1 1 2794 4407 4579
8223 2 2 1 1 3064 3063 4795
8224 2 2 1 1 2858 2860 4505
8225 2 2 1 1 4500 2852 4514
8226 2 2 1 1 2886 4511 4571
8227 2 2 1 1 2507 4585 4617
8228 2 2 1 1 1346 1347 4607
8229 2 2 1 1 3054 2727 4608
8230 2 2 1 1 3873 4000 4608
8231 2 2 1 1 3130 2331 4609
8232 2 2 1 1 3755 785 4962
8233 2 2 1 1 2587 3604 4629
8234 2 2 1 1 2316 2921 4476
8235 2 2 1 1 4460 4315 4495
8236 2 2 1 1 1409 4136 4595
8237 2 2 1 1 4315 4177 4495
8238 2 2 1 1 1720 2555 4514
8239 2 2 1 1 4464 4178 4479
8240 2 2 1 1 4351 1305 4496
8241 2 2 1 1 2926 2316 4476
8242 2 2 1 1 2505 2686 4611
8243 2 2 1 1 3291 3290 4733
8244 2 2 1 1 2660 3372 5050
8245 2 2 1 1 2890 3771 5121
8246 2 2 1 1 3413 1333 5034
8247 2 2 1 1 1316 1318 4509
8248 2 2 1 1 323 324 4616
8249 2 2 1 1 1959 2231 4615
8250 2 2 1 1 4486 2952 4855
8251 2 2 1 1 3618 2750 4628
8252 2 2 1 1 4176 4759 4767
8253 2 2 1 1 2110 4341 4492
8254 2 2 1 1 2111 4342 4493
8255 2 2 1 1 3304 3305 4727
8256 2 2 1 1 3306 3307 4728
8257 2 2 1 1 3309 3308 4729
8258 2 2 1 1 3292 3293 4730
8259 2 2 1 1 2642 2506 4611
8260 2 2 1 1 862 906 4510
8261 2 2 1 1 3568 2287 4846
8262 2 2 1 1 363 364 4517
8263 2 2 1 1 3402 2616 4796
8264 2 2 1 1 3131 2052 5125
8265 2 2 1 1 4335 4400 4536
8266 2 2 1 1 2341 3151 4980
8267 2 2 1 1 620 621 4516
8268 2 2 1 1 1598 637 4599
8269 2 2 1 1 2942 4388 4694
8270 2 2 1 1 2356 2355 4956
8271 2 2 1 1 3111 2270 4621
8272 2 2 1 1 3843 2742 4622
8273 2 2 1 1 2141 2821 4622
8274 2 2 1 1 2142 2141 4621
8275 2 2 1 1 3027 4041 5126
8276 2 2 1 1 2775 3291 4802
8277 2 2 1 1 713 3372 5156
8278 2 2 1 1 1862 1864 4518
8279 2 2 1 1 3652 4156 4627
8280 2 2 1 1 3056 2499 4620
8281 2 2 1 1 2126 1686 4519
8282 2 2 1 1 2396 3105 4873
8283 2 2 1 1 3085 2795 4628
8284 2 2 1 1 1961 1271 4630
8285 2 2 1 1 638 829 4599
8286 2 2 1 1 4638 3360 4654
8287 2 2 1 1 3465 3466 4520
8288 2 2 1 1 4083 1961 4620
8289 2 2 1 1 4403 4139 4579
8290 2 2 1 1 3622 3624 4639
8291 2 2 1 1 3093 2798 4634
8292 2 2 1 1 4515 2659 4531
8293 2 2 1 1 1533 4357 4507
8294 2 2 1 1 2130 3733 4652
8295 2 2 1 1 259 260 4632
8296 2 2 1 1 3852 3102 4891
8297 2 2 1 1 3029 3103 4892
8298 2 2 1 1 3454 2759 4858
8299 2 2 1 1 3986 3876 4634
8300 2 2 1 1 4389 1486 4506
8301 2 2 1 1 1741 4334 4508
8302 2 2 1 1 780 848 4638
8303 2 2 1 1 1303 1675 4511
8304 2 2 1 1 3317 2921 5094
8305 2 2 1 1 3477 844 4718
8306 2 2 1 1 1415 3083 4779
8307 2 2 1 1 4569 3623 4643
8308 2 2 1 1 4706 1078 4720
8309 2 2 1 1 2300 3826 4522
8310 2 2 1 1 4343 2110 4502
8311 2 2 1 1 4344 2111 4503
8312 2 2 1 1 2904 4631 4644
8313 2 2 1 1 3064 4795 4841
8314 2 2 1 1 1532 1531 4521
8315 2 2 1 1 960 4524 4534
8316 2 2 1 1 2107 4509 4783
8317 2 2 1 1 2797 3216 4822
8318 2 2 1 1 2643 1970 4537
8319 2 2 1 1 2598 3623 4646
8320 2 2 1 1 3266 3120 5135
8321 2 2 1 1 2762 4732 4749
8322 2 2 1 1 3137 3136 4636
8323 2 2 1 1 2872 2592 4524
8324 2 2 1 1 4381 2926 4490
8325 2 2 1 1 1437 2437 4642
8326 2 2 1 1 3969 2547 4642
8327 2 2 1 1 838 794 4643
8328 2 2 1 1 3298 2662 4775
8329 2 2 1 1 2651 3952 4525
8330 2 2 1 1 1396 3446 4657
8331 2 2 1 1 1451 763 4638
8332 2 2 1 1 3508 871 4708
8333 2 2 1 1 2922 3319 5096
8334 2 2 1 1 2852 2589 4526
8335 2 2 1 1 4400 2881 4536
8336 2 2 1 1 385 386 4647
8337 2 2 1 1 2610 3270 4731
8338 2 2 1 1 2714 3690 4662
8339 2 2 1 1 1671 2654 4635
8340 2 2 1 1 4288 2761 4523
8341 2 2 1 1 720 3592 4680
8342 2 2 1 1 828 838 4527
8343 2 2 1 1 1672 3147 5033
8344 2 2 1 1 2022 63 4710
8345 2 2 1 1 64 2710 4710
8346 2 2 1 1 4516 621 4532
8347 2 2 1 1 3780 3783 4658
8348 2 2 1 1 565 566 4649
8349 2 2 1 1 3742 3741 4529
8350 2 2 1 1 3321 2923 5097
8351 2 2 1 1 4465 2659 4515
8352 2 2 1 1 2636 4604 4652
8353 2 2 1 1 1996 2770 4625
8354 2 2 1 1 4182 3523 5095
8355 2 2 1 1 2963 2304 5191
8356 2 2 1 1 3293 2776 4794
8357 2 2 1 1 3839 1052 4690
8358 2 2 1 1 2594 3053 4601
8359 2 2 1 1 2728 3054 4603
8360 2 2 1 1 2305 2964 5193
8361 2 2 1 1 2965 2309 5192
8362 2 2 1 1 621 622 4532
8363 2 2 1 1 2404 2997 5195
8364 2 2 1 1 880 3779 4658
8365 2 2 1 1 85 86 4673
8366 2 2 1 1 3305 2773 4796
8367 2 2 1 1 101 102 4672
8368 2 2 1 1 2298 2959 5198
8369 2 2 1 1 4661 2856 4882
8370 2 2 1 1 4510 2872 4524
8371 2 2 1 1 3525 4359 4515
8372 2 2 1 1 2947 2207 5196
8373 2 2 1 1 2206 3421 5041
8374 2 2 1 1 2940 4678 4697
8375 2 2 1 1 334 1504 4641
8376 2 2 1 1 4595 2686 4653
8377 2 2 1 1 2399 4279 4633
8378 2 2 1 1 4300 809 4574
8379 2 2 1 1 2995 2395 5200
8380 2 2 1 1 4441 2817 4592
8381 2 2 1 1 2120 2569 5209
8382 2 2 1 1 2556 4441 4592
8383 2 2 1 1 3676 787 4667
8384 2 2 1 1 2605 2965 5192
8385 2 2 1 1 2964 2604 5193
8386 2 2 1 1 2606 2963 5191
8387 2 2 1 1 2096 4160 4533
8388 2 2 1 1 1320 1608 4535
8389 2 2 1 1 2997 2618 5195
8390 2 2 1 1 170 2772 4725
8391 2 2 1 1 1994 169 4725
8392 2 2 1 1 2659 3025 4531
8393 2 2 1 1 2636 4330 4604
8394 2 2 1 1 3276 2120 4930
8395 2 2 1 1 2158 2606 5207
8396 2 2 1 1 2566 2119 5206
8397 2 2 1 1 2156 2605 5205
8398 2 2 1 1 2210 2948 5201
8399 2 2 1 1 2604 2157 5204
8400 2 2 1 1 826 858 4667
8401 2 2 1 1 2611 2221 5197
8402 2 2 1 1 2618 2175 5208
8403 2 2 1 1 2690 4742 4759
8404 2 2 1 1 2119 3279 4931
8405 2 2 1 1 112 3214 5106
8406 2 2 1 1 4526 2730 4537
8407 2 2 1 1 2864 4381 4490
8408 2 2 1 1 2695 3477 4718
8409 2 2 1 1 4167 4405 4613
8410 2 2 1 1 2616 2995 5200
8411 2 2 1 1 2174 2617 5202
8412 2 2 1 1 2195 2854 4655
8413 2 2 1 1 4359 4465 4515
8414 2 2 1 1 1924 1814 4655
8415 2 2 1 1 2569 2947 5196
8416 2 2 1 1 3098 4433 4513
8417 2 2 1 1 178 3213 5108
8418 2 2 1 1 2173 2616 5203
8419 2 2 1 1 2591 4162 4793
8420 2 2 1 1 2887 4571 4600
8421 2 2 1 1 2948 2566 5201
8422 2 2 1 1 4350 811 4530
8423 2 2 1 1 4541 1539 4543
8424 2 2 1 1 2601 2155 5199
8425 2 2 1 1 1395 1539 4541
8426 2 2 1 1 2176 2611 5197
8427 2 2 1 1 2230 3057 5210
8428 2 2 1 1 3526 2785 4545
8429 2 2 1 1 4389 4506 4539
8430 2 2 1 1 2618 3399 4802
8431 2 2 1 1 2583 3538 4542
8432 2 2 1 1 1504 4360 4641
8433 2 2 1 1 2959 2601 5198
8434 2 2 1 1 2110 4492 4502
8435 2 2 1 1 2111 4493 4503
8436 2 2 1 1 1539 3627 4543
8437 2 2 1 1 2068 1706 4684
8438 2 2 1 1 4314 1681 4644
8439 2 2 1 1 3057 2670 5210
8440 2 2 1 1 2630 2856 4661
8441 2 2 1 1 3366 1389 5036
8442 2 2 1 1 1548 4699 5142
8443 2 2 1 1 2036 1649 4663
8444 2 2 1 1 3445 1396 4645
8445 2 2 1 1 4686 3342 4820
8446 2 2 1 1 4714 3195 5161
8447 2 2 1 1 4734 3068 4788
8448 2 2 1 1 4017 2783 4544
8449 2 2 1 1 3192 4504 4631
8450 2 2 1 1 2599 4539 4552
8451 2 2 1 1 1782 2057 4546
8452 2 2 1 1 3472 3450 4557
8453 2 2 1 1 425 426 4551
8454 2 2 1 1 639 640 4549
8455 2 2 1 1 1284 1359 4548
8456 2 2 1 1 1517 4335 4536
8457 2 2 1 1 1517 4536 4566
8458 2 2 1 1 4644 1681 4670
8459 2 2 1 1 4596 4600 4612
8460 2 2 1 1 3283 2103 4863
8461 2 2 1 1 663 3534 4721
8462 2 2 1 1 810 4190 4623
8463 2 2 1 1 812 4296 4591
8464 2 2 1 1 4708 4275 4748
8465 2 2 1 1 3557 4807 4828
8466 2 2 1 1 709 3445 4626
8467 2 2 1 1 4386 960 4534
8468 2 2 1 1 2661 3288 4777
8469 2 2 1 1 3592 3593 5138
8470 2 2 1 1 3479 4534 4586
8471 2 2 1 1 2704 4352 4624
8472 2 2 1 1 2555 4500 4514
8473 2 2 1 1 2959 3414 5092
8474 2 2 1 1 4544 2783 4567
8475 2 2 1 1 4405 3264 4613
8476 2 2 1 1 3619 2671 4702
8477 2 2 1 1 1972 2599 4552
8478 2 2 1 1 2724 4227 5019
8479 2 2 1 1 1808 1117 4707
8480 2 2 1 1 4015 3042 4978
8481 2 2 1 1 4716 3198 5165
8482 2 2 1 1 3201 4715 5166
8483 2 2 1 1 4511 1675 4571
8484 2 2 1 1 3204 4717 5167
8485 2 2 1 1 399 1075 4559
8486 2 2 1 1 1793 2180 4558
8487 2 2 1 1 4089 2339 4685
8488 2 2 1 1 4560 2780 4561
8489 2 2 1 1 2780 3606 4561
8490 2 2 1 1 2030 2780 4560
8491 2 2 1 1 479 480 4562
8492 2 2 1 1 3501 709 4606
8493 2 2 1 1 3435 1604 4988
8494 2 2 1 1 4639 838 4643
8495 2 2 1 1 2390 3573 4563
8496 2 2 1 1 2828 2390 4564
8497 2 2 1 1 2390 4563 4564
8498 2 2 1 1 2828 4564 4565
8499 2 2 1 1 3489 3490 4568
8500 2 2 1 1 4038 2828 4565
8501 2 2 1 1 3750 1407 4668
8502 2 2 1 1 2294 4580 5159
8503 2 2 1 1 2696 3144 4741
8504 2 2 1 1 4224 2641 4691
8505 2 2 1 1 1119 1680 4707
8506 2 2 1 1 4846 2894 5211
8507 2 2 1 1 2783 4064 4567
8508 2 2 1 1 2599 4389 4539
8509 2 2 1 1 4243 2970 4668
8510 2 2 1 1 3390 4350 4530
8511 2 2 1 1 1917 231 4752
8512 2 2 1 1 1544 3128 4699
8513 2 2 1 1 844 332 4674
8514 2 2 1 1 4324 4271 4908
8515 2 2 1 1 2933 2914 5120
8516 2 2 1 1 768 816 4569
8517 2 2 1 1 4508 4334 4550
8518 2 2 1 1 4807 2972 4828
8519 2 2 1 1 3427 2679 4720
8520 2 2 1 1 1548 1545 4699
8521 2 2 1 1 1672 2855 5007
8522 2 2 1 1 232 1262 4752
8523 2 2 1 1 3531 3528 4721
8524 2 2 1 1 2901 2900 4581
8525 2 2 1 1 4334 1689 4550
8526 2 2 1 1 3795 4374 4695
8527 2 2 1 1 2968 2553 4709
8528 2 2 1 1 1972 4552 4572
8529 2 2 1 1 4812 2966 4816
8530 2 2 1 1 4441 979 4538
8531 2 2 1 1 2068 4684 5137
8532 2 2 1 1 2096 4533 4587
8533 2 2 1 1 4767 2740 4799
8534 2 2 1 1 3084 3835 5088
8535 2 2 1 1 3126 1435 4976
8536 2 2 1 1 2732 1247 4712
8537 2 2 1 1 1402 3246 4868
8538 2 2 1 1 4331 1517 4566
8539 2 2 1 1 4502 2627 4555
8540 2 2 1 1 4503 2628 4556
8541 2 2 1 1 4492 4341 4553
8542 2 2 1 1 4493 4342 4554
8543 2 2 1 1 3829 3026 4940
8544 2 2 1 1 2405 1999 4701
8545 2 2 1 1 3444 1034 4588
8546 2 2 1 1 978 1078 4706
8547 2 2 1 1 848 831 4719
8548 2 2 1 1 3668 3022 4898
8549 2 2 1 1 133 4812 4816
8550 2 2 1 1 4550 1689 4585
8551 2 2 1 1 796 310 4762
8552 2 2 1 1 2734 1972 4572
8553 2 2 1 1 4309 4568 4591
8554 2 2 1 1 2492 1969 4573
8555 2 2 1 1 128 129 4723
8556 2 2 1 1 2204 3267 5006
8557 2 2 1 1 4341 2122 4553
8558 2 2 1 1 4342 2123 4554
8559 2 2 1 1 2124 4343 4555
8560 2 2 1 1 2125 4344 4556
8561 2 2 1 1 2625 4492 4553
8562 2 2 1 1 2626 4493 4554
8563 2 2 1 1 4343 4502 4555
8564 2 2 1 1 4344 4503 4556
8565 2 2 1 1 3374 873 4782
8566 2 2 1 1 358 2137 4666
8567 2 2 1 1 2151 357 4666
8568 2 2 1 1 154 1916 4786
8569 2 2 1 1 311 1386 4762
8570 2 2 1 1 2964 3428 5107
8571 2 2 1 1 2136 351 4669
8572 2 2 1 1 352 2150 4669
8573 2 2 1 1 3073 4209 5037
8574 2 2 1 1 2934 3440 4875
8575 2 2 1 1 1681 4172 4670
8576 2 2 1 1 3620 2406 5122
8577 2 2 1 1 3270 2754 4731
8578 2 2 1 1 2027 3027 4731
8579 2 2 1 1 4509 3107 4783
8580 2 2 1 1 1970 4526 4537
8581 2 2 1 1 2950 2607 4576
8582 2 2 1 1 3443 3442 4813
8583 2 2 1 1 3123 3101 4982
8584 2 2 1 1 1229 2050 4734
8585 2 2 1 1 3067 4044 4735
8586 2 2 1 1 4075 1227 4734
8587 2 2 1 1 4624 4140 4675
8588 2 2 1 1 4576 2607 4578
8589 2 2 1 1 4534 2640 4586
8590 2 2 1 1 4704 2229 4921
8591 2 2 1 1 2607 2160 4578
8592 2 2 1 1 1238 3960 5025
8593 2 2 1 1 2048 1973 4577
8594 2 2 1 1 762 757 4575
8595 2 2 1 1 4144 3122 4985
8596 2 2 1 1 1032 153 4786
8597 2 2 1 1 4645 1396 4657
8598 2 2 1 1 2291 2290 4580
8599 2 2 1 1 1663 3142 4957
8600 2 2 1 1 1535 597 4722
8601 2 2 1 1 3360 848 4694
8602 2 2 1 1 3136 4527 4636
8603 2 2 1 1 1701 4277 4735
8604 2 2 1 1 2637 3767 4650
8605 2 2 1 1 3369 2660 4986
8606 2 2 1 1 2575 1950 4724
8607 2 2 1 1 4139 2794 4579
8608 2 2 1 1 2161 2913 4581
8609 2 2 1 1 2970 2667 4726
8610 2 2 1 1 2530 4494 4681
8611 2 2 1 1 3511 2738 4853
8612 2 2 1 1 2730 2978 4854
8613 2 2 1 1 3730 2901 4583
8614 2 2 1 1 598 789 4722
8615 2 2 1 1 3286 1613 4849
8616 2 2 1 1 2803 3707 4770
8617 2 2 1 1 1851 1873 4584
8618 2 2 1 1 1134 3097 4903
8619 2 2 1 1 4572 2702 4637
8620 2 2 1 1 4626 3445 4645
8621 2 2 1 1 2041 3777 4758
8622 2 2 1 1 4635 3604 4700
8623 2 2 1 1 2793 2096 4587
8624 2 2 1 1 4071 2041 4758
8625 2 2 1 1 2179 2581 4750
8626 2 2 1 1 4201 839 4687
8627 2 2 1 1 4089 4685 5139
8628 2 2 1 1 3512 3515 4782
8629 2 2 1 1 1754 3337 4907
8630 2 2 1 1 3368 3370 4594
8631 2 2 1 1 1675 4450 4571
8632 2 2 1 1 2573 4300 4574
8633 2 2 1 1 3800 2595 4589
8634 2 2 1 1 3731 2255 4766
8635 2 2 1 1 2640 2787 4586
8636 2 2 1 1 2281 3035 4761
8637 2 2 1 1 2724 2389 5028
8638 2 2 1 1 705 2399 4756
8639 2 2 1 1 4492 3300 4502
8640 2 2 1 1 4493 3301 4503
8641 2 2 1 1 1390 3367 4839
8642 2 2 1 1 3500 3501 4596
8643 2 2 1 1 3689 1420 4987
8644 2 2 1 1 3901 2382 4838
8645 2 2 1 1 2686 2637 4653
8646 2 2 1 1 2793 4587 4590
8647 2 2 1 1 4875 3440 5004
8648 2 2 1 1 4527 838 4636
8649 2 2 1 1 3163 2358 4772
8650 2 2 1 1 1138 4331 4582
8651 2 2 1 1 4854 2978 4861
8652 2 2 1 1 3817 2477 4776
8653 2 2 1 1 4606 709 4626
8654 2 2 1 1 4286 1797 4709
8655 2 2 1 1 356 2151 4703
8656 2 2 1 1 2150 353 4704
8657 2 2 1 1 354 2229 4704
8658 2 2 1 1 976 801 4593
8659 2 2 1 1 3452 3453 4827
8660 2 2 1 1 4172 1113 4693
8661 2 2 1 1 2637 4650 4653
8662 2 2 1 1 4494 3505 4681
8663 2 2 1 1 3421 3419 5041
8664 2 2 1 1 4331 4566 4582
8665 2 2 1 1 1679 3652 5111
8666 2 2 1 1 1138 4582 4604
8667 2 2 1 1 1124 1127 4791
8668 2 2 1 1 3623 4569 4646
8669 2 2 1 1 4670 4172 4693
8670 2 2 1 1 4693 1113 4702
8671 2 2 1 1 3421 2206 5021
8672 2 2 1 1 2230 355 4703
8673 2 2 1 1 637 638 4599
8674 2 2 1 1 4171 692 4756
8675 2 2 1 1 4136 4137 4595
8676 2 2 1 1 2733 2732 4597
8677 2 2 1 1 4604 4101 4652
8678 2 2 1 1 4652 3733 4663
8679 2 2 1 1 729 3634 4807
8680 2 2 1 1 1633 1122 4791
8681 2 2 1 1 2355 4380 4956
8682 2 2 1 1 3971 1437 5119
8683 2 2 1 1 2946 2313 4753
8684 2 2 1 1 4691 711 4825
8685 2 2 1 1 2752 4442 4651
8686 2 2 1 1 2103 222 4863
8687 2 2 1 1 3454 3455 4852
8688 2 2 1 1 223 3404 4863
8689 2 2 1 1 2444 3932 4598
8690 2 2 1 1 3286 4849 4865
8691 2 2 1 1 3543 3544 4842
8692 2 2 1 1 2122 4339 4679
8693 2 2 1 1 4744 2172 5127
8694 2 2 1 1 3473 4662 5008
8695 2 2 1 1 1689 4414 4585
8696 2 2 1 1 4535 1608 4837
8697 2 2 1 1 2250 2565 4753
8698 2 2 1 1 916 1089 4778
8699 2 2 1 1 3481 3482 4836
8700 2 2 1 1 2005 2396 4754
8701 2 2 1 1 4610 886 4612
8702 2 2 1 1 134 711 4812
8703 2 2 1 1 3236 2077 4946
8704 2 2 1 1 4581 2913 4583
8705 2 2 1 1 3891 3893 4886
8706 2 2 1 1 4345 2556 4592
8707 2 2 1 1 1613 3286 4851
8708 2 2 1 1 1957 3671 4795
8709 2 2 1 1 2901 4581 4583
8710 2 2 1 1 3194 3193 4918
8711 2 2 1 1 4663 3733 4692
8712 2 2 1 1 4407 2793 4590
8713 2 2 1 1 3578 3581 4801
8714 2 2 1 1 4317 2740 4767
8715 2 2 1 1 4165 689 4778
8716 2 2 1 1 3114 3152 4806
8717 2 2 1 1 2664 3360 4694
8718 2 2 1 1 3063 4113 4795
8719 2 2 1 1 4607 3032 5153
8720 2 2 1 1 4568 812 4591
8721 2 2 1 1 3197 3196 4924
8722 2 2 1 1 3199 3200 4925
8723 2 2 1 1 681 421 4790
8724 2 2 1 1 2915 3352 4618
8725 2 2 1 1 3202 3203 4926
8726 2 2 1 1 139 684 4832
8727 2 2 1 1 1407 190 4811
8728 2 2 1 1 1885 1346 4607
8729 2 2 1 1 2727 3873 4608
8730 2 2 1 1 2331 3033 4609
8731 2 2 1 1 41 3802 5109
8732 2 2 1 1 422 4233 4790
8733 2 2 1 1 412 2163 4738
8734 2 2 1 1 328 2162 4737
8735 2 2 1 1 2164 627 4736
8736 2 2 1 1 2169 327 4737
8737 2 2 1 1 2168 411 4738
8738 2 2 1 1 628 2167 4736
8739 2 2 1 1 2171 525 4739
8740 2 2 1 1 526 2165 4739
8741 2 2 1 1 2166 603 4740
8742 2 2 1 1 604 2170 4740
8743 2 2 1 1 2868 2887 4606
8744 2 2 1 1 32 3271 5110
8745 2 2 1 1 3212 2529 4961
8746 2 2 1 1 2053 323 4616
8747 2 2 1 1 2136 3299 4775
8748 2 2 1 1 2506 2505 4611
8749 2 2 1 1 2726 3774 4824
8750 2 2 1 1 3214 2963 5106
8751 2 2 1 1 3188 1104 4984
8752 2 2 1 1 4580 3726 5159
8753 2 2 1 1 2280 2797 4822
8754 2 2 1 1 2693 3374 5212
8755 2 2 1 1 3213 2965 5108
8756 2 2 1 1 3047 2278 4822
8757 2 2 1 1 4543 3627 4750
8758 2 2 1 1 3619 4702 4706
8759 2 2 1 1 4596 2887 4600
8760 2 2 1 1 664 3511 4852
8761 2 2 1 1 2984 2983 4610
8762 2 2 1 1 2170 605 4743
8763 2 2 1 1 606 2175 4743
8764 2 2 1 1 3404 4553 4679
8765 2 2 1 1 2167 629 4744
8766 2 2 1 1 326 2169 4745
8767 2 2 1 1 410 2168 4746
8768 2 2 1 1 2174 325 4745
8769 2 2 1 1 630 2172 4744
8770 2 2 1 1 2173 409 4746
8771 2 2 1 1 524 2171 4747
8772 2 2 1 1 2176 523 4747
8773 2 2 1 1 4374 3572 4605
8774 2 2 1 1 4233 3353 4790
8775 2 2 1 1 3054 4608 5164
8776 2 2 1 1 4330 1138 4604
8777 2 2 1 1 4296 2575 4591
8778 2 2 1 1 2366 1959 4615
8779 2 2 1 1 4453 3570 5114
8780 2 2 1 1 3101 3100 4884
8781 2 2 1 1 2383 3070 4838
8782 2 2 1 1 3056 4620 5172
8783 2 2 1 1 3189 2699 4817
8784 2 2 1 1 1613 242 4849
8785 2 2 1 1 2808 3285 4619
8786 2 2 1 1 1504 4167 4613
8787 2 2 1 1 243 676 4849
8788 2 2 1 1 2887 4596 4606
8789 2 2 1 1 2311 2010 4798
8790 2 2 1 1 4442 2844 4651
8791 2 2 1 1 4600 2984 4612
8792 2 2 1 1 3919 671 4915
8793 2 2 1 1 2801 3631 5190
8794 2 2 1 1 3687 3686 4845
8795 2 2 1 1 3531 4709 4821
8796 2 2 1 1 3096 2869 4785
8797 2 2 1 1 3485 4480 4974
8798 2 2 1 1 4678 3504 4697
8799 2 2 1 1 3289 2137 4777
8800 2 2 1 1 3333 1994 5015
8801 2 2 1 1 4119 4501 4913
8802 2 2 1 1 2769 1995 4808
8803 2 2 1 1 2499 4083 4620
8804 2 2 1 1 142 799 4855
8805 2 2 1 1 4617 2629 4625
8806 2 2 1 1 4279 3496 4633
8807 2 2 1 1 3860 3862 4847
8808 2 2 1 1 1775 4003 4847
8809 2 2 1 1 2868 4606 4626
8810 2 2 1 1 684 140 4860
8811 2 2 1 1 2765 3023 4768
8812 2 2 1 1 2821 3843 4622
8813 2 2 1 1 2270 2142 4621
8814 2 2 1 1 3624 3137 4636
8815 2 2 1 1 2295 2294 4848
8816 2 2 1 1 4640 2644 4657
8817 2 2 1 1 2701 4244 4830
8818 2 2 1 1 3631 2801 5213
8819 2 2 1 1 1447 4614 4624
8820 2 2 1 1 1447 4345 4614
8821 2 2 1 1 2940 4454 4678
8822 2 2 1 1 147 1402 4868
8823 2 2 1 1 3599 2587 4629
8824 2 2 1 1 2639 2943 4837
8825 2 2 1 1 2035 2888 4833
8826 2 2 1 1 2795 3618 4628
8827 2 2 1 1 885 4671 4697
8828 2 2 1 1 4156 1456 4627
8829 2 2 1 1 710 146 4868
8830 2 2 1 1 2629 1996 4625
8831 2 2 1 1 1271 1801 4630
8832 2 2 1 1 3044 4142 4981
8833 2 2 1 1 797 198 4864
8834 2 2 1 1 199 200 4861
8835 2 2 1 1 3324 4476 4937
8836 2 2 1 1 4450 2984 4600
8837 2 2 1 1 260 2061 4632
8838 2 2 1 1 2356 3598 4967
8839 2 2 1 1 2867 2868 4626
8840 2 2 1 1 2798 3986 4634
8841 2 2 1 1 2721 3314 5214
8842 2 2 1 1 4345 4592 4614
8843 2 2 1 1 4571 4450 4600
8844 2 2 1 1 78 2719 4918
8845 2 2 1 1 4596 3501 4606
8846 2 2 1 1 3960 1238 5047
8847 2 2 1 1 3005 2703 4835
8848 2 2 1 1 210 2722 4924
8849 2 2 1 1 2720 175 4925
8850 2 2 1 1 2723 109 4926
8851 2 2 1 1 3238 3237 4952
8852 2 2 1 1 3193 77 4918
8853 2 2 1 1 3731 4766 5146
8854 2 2 1 1 2196 2571 4862
8855 2 2 1 1 2708 4383 4804
8856 2 2 1 1 3360 2642 4654
8857 2 2 1 1 3094 3882 4866
8858 2 2 1 1 2049 3897 4866
8859 2 2 1 1 2060 1671 4635
8860 2 2 1 1 3196 209 4924
8861 2 2 1 1 176 3199 4925
8862 2 2 1 1 110 3202 4926
8863 2 2 1 1 3286 2739 4851
8864 2 2 1 1 4001 2266 4869
8865 2 2 1 1 2246 2709 4859
8866 2 2 1 1 2702 2958 4637
8867 2 2 1 1 3623 3622 4639
8868 2 2 1 1 4414 2629 4617
8869 2 2 1 1 763 780 4638
8870 2 2 1 1 4190 2564 4623
8871 2 2 1 1 4569 816 4646
8872 2 2 1 1 4248 2248 4859
8873 2 2 1 1 853 4428 4749
8874 2 2 1 1 4267 2546 4631
8875 2 2 1 1 2144 2759 4853
8876 2 2 1 1 3541 3542 4897
8877 2 2 1 1 1062 3901 5083
8878 2 2 1 1 333 334 4641
8879 2 2 1 1 3630 3628 4899
8880 2 2 1 1 2889 2036 4692
8881 2 2 1 1 4352 1447 4624
8882 2 2 1 1 4585 4414 4617
8883 2 2 1 1 3895 1684 4878
8884 2 2 1 1 2882 3331 4648
8885 2 2 1 1 2759 2147 4858
8886 2 2 1 1 4699 3049 5142
8887 2 2 1 1 935 938 4884
8888 2 2 1 1 2738 2143 4853
8889 2 2 1 1 3380 2946 5170
8890 2 2 1 1 2437 3969 4642
8891 2 2 1 1 4631 2546 4644
8892 2 2 1 1 794 781 4643
8893 2 2 1 1 4573 1968 5038
8894 2 2 1 1 3036 2784 4805
8895 2 2 1 1 3767 2598 4646
8896 2 2 1 1 1293 3589 4817
8897 2 2 1 1 1633 3205 4991
8898 2 2 1 1 2904 4644 4670
8899 2 2 1 1 2140 3463 4945
8900 2 2 1 1 4326 3075 4805
8901 2 2 1 1 3427 4720 4742
8902 2 2 1 1 2947 3274 5098
8903 2 2 1 1 298 3632 4895
8904 2 2 1 1 679 297 4895
8905 2 2 1 1 386 690 4647
8906 2 2 1 1 4318 2006 4751
8907 2 2 1 1 1129 1131 4903
8908 2 2 1 1 2952 2734 4857
8909 2 2 1 1 3484 2689 4877
8910 2 2 1 1 2705 2704 4675
8911 2 2 1 1 3307 2774 4787
8912 2 2 1 1 2685 2942 4732
8913 2 2 1 1 2581 4543 4750
8914 2 2 1 1 2867 4626 4645
8915 2 2 1 1 3277 2948 5099
8916 2 2 1 1 2656 2706 4700
8917 2 2 1 1 894 1239 4886
8918 2 2 1 1 3538 3537 5016
8919 2 2 1 1 3267 3043 5005
8920 2 2 1 1 2225 2515 4901
8921 2 2 1 1 1127 4513 5144
8922 2 2 1 1 4494 2644 4640
8923 2 2 1 1 1624 1809 4883
8924 2 2 1 1 3394 2134 4660
8925 2 2 1 1 816 4068 4650
8926 2 2 1 1 797 4661 4882
8927 2 2 1 1 3761 1506 4947
8928 2 2 1 1 566 691 4649
8929 2 2 1 1 1275 1628 4891
8930 2 2 1 1 895 1629 4892
8931 2 2 1 1 2706 3146 4696
8932 2 2 1 1 4597 2732 5130
8933 2 2 1 1 2546 4314 4644
8934 2 2 1 1 1617 1289 4883
8935 2 2 1 1 2559 4412 4889
8936 2 2 1 1 2529 3698 4961
8937 2 2 1 1 1134 3393 5005
8938 2 2 1 1 3018 3857 4894
8939 2 2 1 1 2571 4466 4676
8940 2 2 1 1 4872 3637 4890
8941 2 2 1 1 4310 2867 4645
8942 2 2 1 1 12 3241 5014
8943 2 2 1 1 3302 2688 4688
8944 2 2 1 1 4138 1451 4654
8945 2 2 1 1 2153 2934 4875
8946 2 2 1 1 4068 1409 4653
8947 2 2 1 1 4650 4068 4653
8948 2 2 1 1 1089 4985 5158
8949 2 2 1 1 2709 4358 4763
8950 2 2 1 1 4490 3340 4966
8951 2 2 1 1 3358 3127 4803
8952 2 2 1 1 2509 4208 4889
8953 2 2 1 1 669 338 4902
8954 2 2 1 1 339 1435 4902
8955 2 2 1 1 1804 3529 4932
8956 2 2 1 1 4101 2130 4652
8957 2 2 1 1 3351 2724 5019
8958 2 2 1 1 4579 4407 4705
8959 2 2 1 1 2953 4015 5032
8960 2 2 1 1 3779 3780 4658
8961 2 2 1 1 1814 2195 4655
8962 2 2 1 1 4480 3009 4974
8963 2 2 1 1 4513 3110 5144
8964 2 2 1 1 3960 3004 5025
8965 2 2 1 1 357 358 4666
8966 2 2 1 1 191 192 4659
8967 2 2 1 1 4684 3047 5137
8968 2 2 1 1 2895 2873 4656
8969 2 2 1 1 799 4486 4855
8970 2 2 1 1 333 4641 4674
8971 2 2 1 1 3134 2714 4662
8972 2 2 1 1 1388 101 4672
8973 2 2 1 1 1323 4419 4979
8974 2 2 1 1 351 352 4669
8975 2 2 1 1 3104 4549 5136
8976 2 2 1 1 3953 2223 4901
8977 2 2 1 1 4369 2766 4808
8978 2 2 1 1 4572 4637 4857
8979 2 2 1 1 2978 2630 4661
8980 2 2 1 1 3371 183 5156
8981 2 2 1 1 2574 1939 4904
8982 2 2 1 1 3424 3421 5021
8983 2 2 1 1 2340 3737 4888
8984 2 2 1 1 2706 4696 4700
8985 2 2 1 1 3887 3889 4915
8986 2 2 1 1 1649 2636 4663
8987 2 2 1 1 2644 4310 4657
8988 2 2 1 1 2567 2446 4916
8989 2 2 1 1 127 128 4797
8990 2 2 1 1 2284 3003 4900
8991 2 2 1 1 2939 3365 4819
8992 2 2 1 1 3103 3853 4920
8993 2 2 1 1 2133 2567 4919
8994 2 2 1 1 2816 3094 4920
8995 2 2 1 1 2046 2875 4896
8996 2 2 1 1 3737 1403 4887
8997 2 2 1 1 787 826 4667
8998 2 2 1 1 86 1387 4673
8999 2 2 1 1 4310 4645 4657
9000 2 2 1 1 137 138 4834
9001 2 2 1 1 2894 2099 4912
9002 2 2 1 1 3037 3327 4938
9003 2 2 1 1 393 1420 4928
9004 2 2 1 1 661 392 4928
9005 2 2 1 1 2678 2904 4670
9006 2 2 1 1 4656 2873 4664
9007 2 2 1 1 2873 2874 4664
9008 2 2 1 1 332 333 4674
9009 2 2 1 1 2935 4274 4872
9010 2 2 1 1 3487 3532 4965
9011 2 2 1 1 3514 720 4680
9012 2 2 1 1 1403 3672 4885
9013 2 2 1 1 3045 4243 4668
9014 2 2 1 1 3737 4887 4888
9015 2 2 1 1 3278 3277 5115
9016 2 2 1 1 3623 4639 4643
9017 2 2 1 1 4121 2897 4959
9018 2 2 1 1 3274 3275 5116
9019 2 2 1 1 221 2103 5022
9020 2 2 1 1 3540 1091 4974
9021 2 2 1 1 3619 4706 4720
9022 2 2 1 1 859 4376 4973
9023 2 2 1 1 2939 2940 4671
9024 2 2 1 1 4396 4046 4880
9025 2 2 1 1 4484 2895 4660
9026 2 2 1 1 3384 2617 4787
9027 2 2 1 1 2339 3055 4685
9028 2 2 1 1 3519 4485 5155
9029 2 2 1 1 3672 797 4882
9030 2 2 1 1 719 4412 4898
9031 2 2 1 1 2874 3180 4677
9032 2 2 1 1 1608 1321 4936
9033 2 2 1 1 4664 2874 4677
9034 2 2 1 1 549 3829 4940
9035 2 2 1 1 1045 548 4940
9036 2 2 1 1 3329 3038 4939
9037 2 2 1 1 3039 4630 5178
9038 2 2 1 1 23 3280 5045
9039 2 2 1 1 4466 2972 4676
9040 2 2 1 1 3092 3089 4955
9041 2 2 1 1 2976 4175 5040
9042 2 2 1 1 3504 3502 4697
9043 2 2 1 1 4140 2153 4675
9044 2 2 1 1 2687 3322 4689
9045 2 2 1 1 3100 2622 4923
9046 2 2 1 1 4260 4458 4876
9047 2 2 1 1 3414 75 5092
9048 2 2 1 1 4685 2726 5139
9049 2 2 1 1 3102 3154 5052
9050 2 2 1 1 2134 4484 4660
9051 2 2 1 1 1323 220 5022
9052 2 2 1 1 1403 4885 4887
9053 2 2 1 1 3379 3380 5170
9054 2 2 1 1 513 1099 4943
9055 2 2 1 1 1434 512 4943
9056 2 2 1 1 3759 3758 4683
9057 2 2 1 1 3362 3347 4911
9058 2 2 1 1 4340 3115 4711
9059 2 2 1 1 3522 4182 4992
9060 2 2 1 1 471 3828 4948
9061 2 2 1 1 1050 470 4948
9062 2 2 1 1 2326 1967 4949
9063 2 2 1 1 2078 2509 4946
9064 2 2 1 1 1646 518 4950
9065 2 2 1 1 519 1104 4950
9066 2 2 1 1 4648 2575 4724
9067 2 2 1 1 2943 4535 4837
9068 2 2 1 1 2919 3212 4961
9069 2 2 1 1 3635 880 4871
9070 2 2 1 1 3855 3047 4684
9071 2 2 1 1 1706 1775 4684
9072 2 2 1 1 2725 2726 4685
9073 2 2 1 1 3237 3820 4952
9074 2 2 1 1 2870 4422 4833
9075 2 2 1 1 671 556 4958
9076 2 2 1 1 1506 1182 4947
9077 2 2 1 1 2895 4656 4660
9078 2 2 1 1 2989 2987 4969
9079 2 2 1 1 938 940 4982
9080 2 2 1 1 2539 3822 4951
9081 2 2 1 1 3428 207 5107
9082 2 2 1 1 3439 767 5004
9083 2 2 1 1 4608 2231 5164
9084 2 2 1 1 1595 3484 5077
9085 2 2 1 1 3024 4006 4964
9086 2 2 1 1 858 840 4973
9087 2 2 1 1 3131 2954 4970
9088 2 2 1 1 76 3193 5092
9089 2 2 1 1 4376 3021 4973
9090 2 2 1 1 4458 3640 4876
9091 2 2 1 1 3212 2917 4972
9092 2 2 1 1 316 2661 5115
9093 2 2 1 1 3547 1401 4829
9094 2 2 1 1 84 85 5024
9095 2 2 1 1 2662 69 5116
9096 2 2 1 1 4175 1598 5040
9097 2 2 1 1 3267 2930 5006
9098 2 2 1 1 3425 1809 4922
9099 2 2 1 1 1622 2202 4953
9100 2 2 1 1 2354 2356 4967
9101 2 2 1 1 2678 4670 4693
9102 2 2 1 1 3749 2678 4693
9103 2 2 1 1 1121 1633 4991
9104 2 2 1 1 3072 3071 4932
9105 2 2 1 1 1096 1098 4947
9106 2 2 1 1 341 4050 4976
9107 2 2 1 1 1435 340 4976
9108 2 2 1 1 2533 3773 4968
9109 2 2 1 1 1962 274 4856
9110 2 2 1 1 208 3196 5107
9111 2 2 1 1 3202 111 5106
9112 2 2 1 1 3199 177 5108
9113 2 2 1 1 1404 124 4980
9114 2 2 1 1 1742 4228 4960
9115 2 2 1 1 125 2341 4980
9116 2 2 1 1 3115 2839 4682
9117 2 2 1 1 4209 3002 5027
9118 2 2 1 1 2050 1231 4978
9119 2 2 1 1 3274 71 5098
9120 2 2 1 1 3277 315 5115
9121 2 2 1 1 1770 1659 4942
9122 2 2 1 1 70 3274 5116
9123 2 2 1 1 72 3413 5098
9124 2 2 1 1 4620 4054 5172
9125 2 2 1 1 314 3277 5099
9126 2 2 1 1 2641 2966 4691
9127 2 2 1 1 4454 4387 4678
9128 2 2 1 1 2762 2685 4732
9129 2 2 1 1 711 3547 4825
9130 2 2 1 1 3463 3918 4945
9131 2 2 1 1 4294 2531 4967
9132 2 2 1 1 789 4299 4879
9133 2 2 1 1 3535 313 5099
9134 2 2 1 1 2515 2516 4993
9135 2 2 1 1 3122 2385 4985
9136 2 2 1 1 3633 3635 4867
9137 2 2 1 1 4440 3435 5018
9138 2 2 1 1 1262 3441 5039
9139 2 2 1 1 3941 669 4793
9140 2 2 1 1 2932 3022 5006
9141 2 2 1 1 2608 3267 5005
9142 2 2 1 1 3598 4479 4665
9143 2 2 1 1 2692 3008 5013
9144 2 2 1 1 2740 2741 4799
9145 2 2 1 1 395 717 4987
9146 2 2 1 1 1420 394 4987
9147 2 2 1 1 4479 2757 4665
9148 2 2 1 1 4387 2530 4681
9149 2 2 1 1 1104 520 4984
9150 2 2 1 1 2061 3795 4695
9151 2 2 1 1 3733 2653 4692
9152 2 2 1 1 2878 4531 4784
9153 2 2 1 1 3108 2928 4908
9154 2 2 1 1 533 702 4981
9155 2 2 1 1 1099 4018 4994
9156 2 2 1 1 2827 2459 4994
9157 2 2 1 1 3828 1150 4995
9158 2 2 1 1 2234 2233 4933
9159 2 2 1 1 3749 4693 4702
9160 2 2 1 1 3822 2906 4998
9161 2 2 1 1 3672 4882 4885
9162 2 2 1 1 3229 4396 4952
9163 2 2 1 1 13 3473 5008
9164 2 2 1 1 2459 2460 5000
9165 2 2 1 1 728 3509 4771
9166 2 2 1 1 3865 2799 4772
9167 2 2 1 1 2719 3312 4714
9168 2 2 1 1 3310 2720 4715
9169 2 2 1 1 2722 3296 4716
9170 2 2 1 1 3294 2723 4717
9171 2 2 1 1 4480 1811 5093
9172 2 2 1 1 3077 4517 5124
9173 2 2 1 1 102 103 5026
9174 2 2 1 1 521 3953 4984
9175 2 2 1 1 2804 2060 4696
9176 2 2 1 1 4356 3488 5030
9177 2 2 1 1 4141 2800 4776
9178 2 2 1 1 3283 4339 5045
9179 2 2 1 1 4107 3687 4766
9180 2 2 1 1 3785 1593 4774
9181 2 2 1 1 150 151 5017
9182 2 2 1 1 3632 800 5213
9183 2 2 1 1 4324 2891 4988
9184 2 2 1 1 2563 1770 4986
9185 2 2 1 1 673 1004 4992
9186 2 2 1 1 4182 678 4992
9187 2 2 1 1 3897 2652 5007
9188 2 2 1 1 396 13 5008
9189 2 2 1 1 2568 4201 4687
9190 2 2 1 1 4867 3635 4871
9191 2 2 1 1 1663 771 5011
9192 2 2 1 1 4485 2951 5155
9193 2 2 1 1 4594 3052 4839
9194 2 2 1 1 778 785 5011
9195 2 2 1 1 4799 2741 4815
9196 2 2 1 1 4678 4387 4681
9197 2 2 1 1 1312 1506 4990
9198 2 2 1 1 2711 3354 4713
9199 2 2 1 1 4825 3547 4829
9200 2 2 1 1 4388 2664 4694
9201 2 2 1 1 2357 1982 4963
9202 2 2 1 1 1913 3771 4977
9203 2 2 1 1 366 12 5014
9204 2 2 1 1 2902 2929 5173
9205 2 2 1 1 2882 4724 4757
9206 2 2 1 1 1979 3662 4963
9207 2 2 1 1 2984 4610 4612
9208 2 2 1 1 2120 349 4930
9209 2 2 1 1 350 2136 4930
9210 2 2 1 1 2137 359 4931
9211 2 2 1 1 360 2119 4931
9212 2 2 1 1 4246 3123 4983
9213 2 2 1 1 4696 2060 4700
9214 2 2 1 1 1790 2077 5023
9215 2 2 1 1 4412 719 5014
9216 2 2 1 1 355 356 4703
9217 2 2 1 1 1954 2992 5019
9218 2 2 1 1 1545 1544 4699
9219 2 2 1 1 3621 1679 4954
9220 2 2 1 1 3729 3730 5002
9221 2 2 1 1 3581 3583 5150
9222 2 2 1 1 3066 4573 5143
9223 2 2 1 1 353 354 4704
9224 2 2 1 1 1007 4356 5030
9225 2 2 1 1 4008 1043 5025
9226 2 2 1 1 3342 1962 4820
9227 2 2 1 1 2094 2140 4945
9228 2 2 1 1 3017 4573 5038
9229 2 2 1 1 3500 4596 4612
9230 2 2 1 1 4162 2408 5078
9231 2 2 1 1 2671 3749 4702
9232 2 2 1 1 1956 2882 4757
9233 2 2 1 1 3308 2745 4729
9234 2 2 1 1 2746 3304 4727
9235 2 2 1 1 2747 3306 4728
9236 2 2 1 1 2749 3292 4730
9237 2 2 1 1 896 1672 5033
9238 2 2 1 1 3509 3508 4748
9239 2 2 1 1 1999 2573 4701
9240 2 2 1 1 45 565 5084
9241 2 2 1 1 3019 3020 5179
9242 2 2 1 1 324 1 5049
9243 2 2 1 1 1 61 5049
9244 2 2 1 1 3368 4594 4839
9245 2 2 1 1 4214 45 5084
9246 2 2 1 1 684 4637 4832
9247 2 2 1 1 612 49 5010
9248 2 2 1 1 50 3649 5079
9249 2 2 1 1 34 3601 5075
9250 2 2 1 1 3204 2158 5103
9251 2 2 1 1 30 3602 5074
9252 2 2 1 1 48 3646 5073
9253 2 2 1 1 3201 2156 5102
9254 2 2 1 1 2157 3198 5101
9255 2 2 1 1 184 713 5156
9256 2 2 1 1 1723 1617 5021
9257 2 2 1 1 3071 2944 4999
9258 2 2 1 1 2155 3195 5100
9259 2 2 1 1 151 152 5151
9260 2 2 1 1 3798 1071 5121
9261 2 2 1 1 4 259 5051
9262 2 2 1 1 258 4 5051
9263 2 2 1 1 3888 3960 5047
9264 2 2 1 1 3764 16 5070
9265 2 2 1 1 7 3941 5078
9266 2 2 1 1 611 715 5037
9267 2 2 1 1 2912 1592 5068
9268 2 2 1 1 25 445 5054
9269 2 2 1 1 29 469 5053
9270 2 2 1 1 2609 1587 5055
9271 2 2 1 1 2883 43 5056
9272 2 2 1 1 2742 29 5053
9273 2 2 1 1 1059 42 5055
9274 2 2 1 1 42 3838 5055
9275 2 2 1 1 2743 28 5057
9276 2 2 1 1 2799 25 5054
9277 2 2 1 1 43 975 5056
9278 2 2 1 1 3876 37 5058
9279 2 2 1 1 37 517 5058
9280 2 2 1 1 1186 4001 5056
9281 2 2 1 1 28 971 5057
9282 2 2 1 1 893 44 5059
9283 2 2 1 1 44 3839 5059
9284 2 2 1 1 3830 24 5060
9285 2 2 1 1 1184 3854 5057
9286 2 2 1 1 24 3840 5060
9287 2 2 1 1 1055 33 5061
9288 2 2 1 1 2905 2820 5060
9289 2 2 1 1 33 3837 5061
9290 2 2 1 1 2744 17 5064
9291 2 2 1 1 636 53 5062
9292 2 2 1 1 1147 59 5063
9293 2 2 1 1 53 3978 5062
9294 2 2 1 1 2681 3996 5061
9295 2 2 1 1 17 1357 5064
9296 2 2 1 1 59 3930 5063
9297 2 2 1 1 35 3785 5066
9298 2 2 1 1 27 457 5065
9299 2 2 1 1 378 14 5069
9300 2 2 1 1 2800 27 5065
9301 2 2 1 1 2916 1295 5063
9302 2 2 1 1 1068 48 5073
9303 2 2 1 1 1619 30 5074
9304 2 2 1 1 1142 34 5075
9305 2 2 1 1 504 35 5066
9306 2 2 1 1 1126 1129 5113
9307 2 2 1 1 687 7 5078
9308 2 2 1 1 36 511 5067
9309 2 2 1 1 2750 36 5067
9310 2 2 1 1 26 3945 5068
9311 2 2 1 1 1140 26 5068
9312 2 2 1 1 16 391 5070
9313 2 2 1 1 1807 3557 4828
9314 2 2 1 1 3303 4704 4921
9315 2 2 1 1 594 50 5079
9316 2 2 1 1 534 40 5071
9317 2 2 1 1 3835 2621 5088
9318 2 2 1 1 2275 2885 5088
9319 2 2 1 1 2299 3408 5091
9320 2 2 1 1 2851 2214 5091
9321 2 2 1 1 1083 18 5072
9322 2 2 1 1 1117 1119 4707
9323 2 2 1 1 878 54 5076
9324 2 2 1 1 8 343 5077
9325 2 2 1 1 1113 978 4706
9326 2 2 1 1 1593 3685 5168
9327 2 2 1 1 2654 1594 5072
9328 2 2 1 1 2842 56 5083
9329 2 2 1 1 3339 2695 4718
9330 2 2 1 1 2610 1631 5110
9331 2 2 1 1 2565 4375 4914
9332 2 2 1 1 18 4105 5072
9333 2 2 1 1 2131 1293 5143
9334 2 2 1 1 40 2752 5071
9335 2 2 1 1 905 32 5110
9336 2 2 1 1 4209 610 5037
9337 2 2 1 1 4228 2034 5046
9338 2 2 1 1 1145 41 5109
9339 2 2 1 1 14 4272 5069
9340 2 2 1 1 3675 3674 4881
9341 2 2 1 1 54 4124 5076
9342 2 2 1 1 2615 1615 5076
9343 2 2 1 1 56 631 5083
9344 2 2 1 1 4150 8 5077
9345 2 2 1 1 2717 2285 5157
9346 2 2 1 1 132 133 4816
9347 2 2 1 1 15 385 5081
9348 2 2 1 1 2719 4714 5161
9349 2 2 1 1 3634 4676 4807
9350 2 2 1 1 3492 2372 4929
9351 2 2 1 1 3771 3811 5121
9352 2 2 1 1 2003 2884 5123
9353 2 2 1 1 3789 3131 5125
9354 2 2 1 1 1729 1630 5164
9355 2 2 1 1 3141 2815 5018
9356 2 2 1 1 4291 3013 5034
9357 2 2 1 1 694 4107 5171
9358 2 2 1 1 4134 15 5081
9359 2 2 1 1 714 404 5114
9360 2 2 1 1 3865 4772 5184
9361 2 2 1 1 2636 4652 4663
9362 2 2 1 1 1259 698 5095
9363 2 2 1 1 1247 2847 4712
9364 2 2 1 1 1439 4179 5125
9365 2 2 1 1 3370 3369 4986
9366 2 2 1 1 2553 4286 4709
9367 2 2 1 1 365 719 5124
9368 2 2 1 1 2722 4716 5165
9369 2 2 1 1 4715 2720 5166
9370 2 2 1 1 3530 3531 4821
9371 2 2 1 1 4717 2723 5167
9372 2 2 1 1 641 718 5136
9373 2 2 1 1 6 331 5089
9374 2 2 1 1 4553 2122 4679
9375 2 2 1 1 49 4403 5010
9376 2 2 1 1 63 64 4710
9377 2 2 1 1 4188 1632 5172
9378 2 2 1 1 4339 23 5045
9379 2 2 1 1 3773 2344 5002
9380 2 2 1 1 3069 2864 4966
9381 2 2 1 1 3555 1807 4818
9382 2 2 1 1 2658 2660 5050
9383 2 2 1 1 766 3555 4810
9384 2 2 1 1 4176 4767 4799
9385 2 2 1 1 3528 663 4721
9386 2 2 1 1 3309 4744 5127
9387 2 2 1 1 4629 2654 5003
9388 2 2 1 1 696 4182 5095
9389 2 2 1 1 2841 4382 5038
9390 2 2 1 1 2310 4041 4997
9391 2 2 1 1 831 853 4719
9392 2 2 1 1 2960 6 5089
9393 2 2 1 1 2679 3619 4720
9394 2 2 1 1 4570 2693 5152
9395 2 2 1 1 3545 766 4800
9396 2 2 1 1 2464 3463 5080
9397 2 2 1 1 46 571 5085
9398 2 2 1 1 4407 2019 4705
9399 2 2 1 1 2757 46 5085
9400 2 2 1 1 2853 4382 4960
9401 2 2 1 1 711 4691 4812
9402 2 2 1 1 2217 2693 5212
9403 2 2 1 1 60 655 5094
9404 2 2 1 1 660 57 5096
9405 2 2 1 1 4376 962 5112
9406 2 2 1 1 22 427 5097
9407 2 2 1 1 597 598 4722
9408 2 2 1 1 3290 2748 4733
9409 2 2 1 1 864 132 4816
9410 2 2 1 1 2463 3177 5000
9411 2 2 1 1 3918 1072 5069
9412 2 2 1 1 129 1408 4723
9413 2 2 1 1 3023 2993 4789
9414 2 2 1 1 3 193 5086
9415 2 2 1 1 192 3 5086
9416 2 2 1 1 785 3676 4962
9417 2 2 1 1 191 4659 4811
9418 2 2 1 1 4749 3507 4783
9419 2 2 1 1 2710 3303 4921
9420 2 2 1 1 3140 4579 4705
9421 2 2 1 1 4837 1608 4913
9422 2 2 1 1 3184 1063 4909
9423 2 2 1 1 3707 2696 4741
9424 2 2 1 1 2667 2878 4726
9425 2 2 1 1 327 328 4737
9426 2 2 1 1 411 412 4738
9427 2 2 1 1 627 628 4736
9428 2 2 1 1 525 526 4739
9429 2 2 1 1 603 604 4740
9430 2 2 1 1 4818 1807 4828
9431 2 2 1 1 2162 4340 4711
9432 2 2 1 1 2754 2027 4731
9433 2 2 1 1 4810 3555 4818
9434 2 2 1 1 4800 766 4810
9435 2 2 1 1 169 170 4725
9436 2 2 1 1 4661 797 4864
9437 2 2 1 1 4428 3507 4749
9438 2 2 1 1 1950 2682 4724
9439 2 2 1 1 2991 3620 5122
9440 2 2 1 1 1227 1229 4734
9441 2 2 1 1 4316 2927 5036
9442 2 2 1 1 4044 1701 4735
9443 2 2 1 1 2846 4292 5190
9444 2 2 1 1 3154 2366 5173
9445 2 2 1 1 4008 2893 4916
9446 2 2 1 1 2994 3036 4826
9447 2 2 1 1 2923 22 5097
9448 2 2 1 1 3751 864 4814
9449 2 2 1 1 57 2922 5096
9450 2 2 1 1 405 4453 5114
9451 2 2 1 1 2921 60 5094
9452 2 2 1 1 414 2155 5100
9453 2 2 1 1 2163 413 5100
9454 2 2 1 1 605 606 4743
9455 2 2 1 1 528 2157 5101
9456 2 2 1 1 2165 527 5101
9457 2 2 1 1 2156 625 5102
9458 2 2 1 1 626 2164 5102
9459 2 2 1 1 2158 601 5103
9460 2 2 1 1 602 2166 5103
9461 2 2 1 1 629 630 4744
9462 2 2 1 1 325 326 4745
9463 2 2 1 1 409 410 4746
9464 2 2 1 1 523 524 4747
9465 2 2 1 1 1994 4698 5015
9466 2 2 1 1 1408 3751 4809
9467 2 2 1 1 1456 4141 5179
9468 2 2 1 1 2774 3384 4787
9469 2 2 1 1 4282 1612 5031
9470 2 2 1 1 4711 2721 5214
9471 2 2 1 1 557 3893 4958
9472 2 2 1 1 809 4209 5027
9473 2 2 1 1 3509 4748 4771
9474 2 2 1 1 3011 4118 4944
9475 2 2 1 1 1078 4283 4742
9476 2 2 1 1 4724 2682 4757
9477 2 2 1 1 4637 2958 4832
9478 2 2 1 1 2180 2179 4750
9479 2 2 1 1 4702 1113 4706
9480 2 2 1 1 3152 4723 4806
9481 2 2 1 1 4809 3751 4814
9482 2 2 1 1 3359 3358 4843
9483 2 2 1 1 1743 1924 4922
9484 2 2 1 1 4358 3762 4763
9485 2 2 1 1 1399 3545 4773
9486 2 2 1 1 3534 1806 4781
9487 2 2 1 1 2519 3185 4993
9488 2 2 1 1 676 3546 4760
9489 2 2 1 1 4726 2878 5189
9490 2 2 1 1 2731 2470 4755
9491 2 2 1 1 4275 2643 4748
9492 2 2 1 1 1786 4498 5064
9493 2 2 1 1 4755 2470 4758
9494 2 2 1 1 231 232 4752
9495 2 2 1 1 4573 3017 5143
9496 2 2 1 1 4425 2846 5020
9497 2 2 1 1 3593 798 4905
9498 2 2 1 1 2006 4319 4751
9499 2 2 1 1 2470 4071 4758
9500 2 2 1 1 2313 2250 4753
9501 2 2 1 1 3546 1399 4764
9502 2 2 1 1 692 705 4756
9503 2 2 1 1 4806 1408 4809
9504 2 2 1 1 3533 679 4765
9505 2 2 1 1 4766 3687 5146
9506 2 2 1 1 3583 4584 5150
9507 2 2 1 1 1806 3533 4769
9508 2 2 1 1 2796 2281 4761
9509 2 2 1 1 3288 3289 4777
9510 2 2 1 1 2399 4633 5147
9511 2 2 1 1 2564 2005 4754
9512 2 2 1 1 3060 3909 4919
9513 2 2 1 1 1098 3539 4763
9514 2 2 1 1 3031 1629 5059
9515 2 2 1 1 3845 2883 4869
9516 2 2 1 1 3083 1985 4870
9517 2 2 1 1 2680 4760 4764
9518 2 2 1 1 2682 3052 4757
9519 2 2 1 1 3299 3298 4775
9520 2 2 1 1 4759 1507 4767
9521 2 2 1 1 2376 3319 4938
9522 2 2 1 1 4283 1507 4759
9523 2 2 1 1 2884 3836 5029
9524 2 2 1 1 3317 2375 4937
9525 2 2 1 1 4820 1962 4856
9526 2 2 1 1 4742 4283 4759
9527 2 2 1 1 3321 2374 4939
9528 2 2 1 1 4233 815 5149
9529 2 2 1 1 310 311 4762
9530 2 2 1 1 4615 2902 5173
9531 2 2 1 1 4772 3018 5184
9532 2 2 1 1 2255 3759 4766
9533 2 2 1 1 3646 4603 5073
9534 2 2 1 1 3602 4602 5074
9535 2 2 1 1 3601 4601 5075
9536 2 2 1 1 3116 2909 4989
9537 2 2 1 1 2771 2680 4764
9538 2 2 1 1 4765 2969 4769
9539 2 2 1 1 3399 2775 4802
9540 2 2 1 1 3437 2803 4770
9541 2 2 1 1 4760 3546 4764
9542 2 2 1 1 4764 1399 4773
9543 2 2 1 1 2358 3018 4772
9544 2 2 1 1 3127 3126 4803
9545 2 2 1 1 4517 364 5124
9546 2 2 1 1 2969 2967 4769
9547 2 2 1 1 4668 1407 5177
9548 2 2 1 1 2771 4764 4773
9549 2 2 1 1 2776 3400 4794
9550 2 2 1 1 3055 2596 4774
9551 2 2 1 1 2477 3019 4776
9552 2 2 1 1 4562 1415 4779
9553 2 2 1 1 2766 2765 4768
9554 2 2 1 1 873 3512 4782
9555 2 2 1 1 2773 3402 4796
9556 2 2 1 1 4277 2717 4927
9557 2 2 1 1 4637 684 4857
9558 2 2 1 1 1507 4317 4767
9559 2 2 1 1 3533 4765 4769
9560 2 2 1 1 1806 4769 4781
9561 2 2 1 1 3507 2107 4783
9562 2 2 1 1 3020 4627 5179
9563 2 2 1 1 1884 3739 4923
9564 2 2 1 1 4594 3370 4942
9565 2 2 1 1 689 916 4778
9566 2 2 1 1 1801 4219 4780
9567 2 2 1 1 4769 2967 4781
9568 2 2 1 1 2967 2968 4781
9569 2 2 1 1 3336 1323 4979
9570 2 2 1 1 4356 2327 5129
9571 2 2 1 1 3835 2420 5029
9572 2 2 1 1 4748 2643 4771
9573 2 2 1 1 2926 4476 5044
9574 2 2 1 1 2942 4719 4732
9575 2 2 1 1 1401 137 4834
9576 2 2 1 1 2978 4661 4864
9577 2 2 1 1 4720 1078 4742
9578 2 2 1 1 2138 4075 4788
9579 2 2 1 1 2908 3116 4910
9580 2 2 1 1 153 154 4786
9581 2 2 1 1 3189 2498 4957
9582 2 2 1 1 2772 3309 5127
9583 2 2 1 1 3836 3835 5029
9584 2 2 1 1 3366 2999 5082
9585 2 2 1 1 421 422 4790
9586 2 2 1 1 1122 1124 4791
9587 2 2 1 1 2869 2870 4785
9588 2 2 1 1 3099 4513 5113
9589 2 2 1 1 2882 4648 4724
9590 2 2 1 1 3442 754 4813
9591 2 2 1 1 3766 1663 4957
9592 2 2 1 1 2847 3389 4840
9593 2 2 1 1 4549 640 5136
9594 2 2 1 1 3058 2591 4793
9595 2 2 1 1 3701 3072 4792
9596 2 2 1 1 3205 3086 4991
9597 2 2 1 1 2983 2981 4873
9598 2 2 1 1 3698 1064 5062
9599 2 2 1 1 4607 1347 5052
9600 2 2 1 1 4113 1957 4795
9601 2 2 1 1 3410 2983 4873
9602 2 2 1 1 2060 4635 4700
9603 2 2 1 1 4813 754 4827
9604 2 2 1 1 2406 3620 5090
9605 2 2 1 1 4457 2771 4773
9606 2 2 1 1 3579 3578 4801
9607 2 2 1 1 3557 729 4807
9608 2 2 1 1 1063 3831 4909
9609 2 2 1 1 2966 2708 4804
9610 2 2 1 1 2619 3337 4979
9611 2 2 1 1 2975 4800 4810
9612 2 2 1 1 2201 4176 4799
9613 2 2 1 1 4194 3114 4806
9614 2 2 1 1 4588 1034 5155
9615 2 2 1 1 5200 1946 5203
9616 2 2 1 1 1931 5198 5199
9617 2 2 1 1 2201 4799 4815
9618 2 2 1 1 2125 3317 5094
9619 2 2 1 1 1927 5201 5206
9620 2 2 1 1 2010 2568 4798
9621 2 2 1 1 3319 2123 5096
9622 2 2 1 1 190 191 4811
9623 2 2 1 1 2124 3321 5097
9624 2 2 1 1 133 134 4812
9625 2 2 1 1 2784 4326 4805
9626 2 2 1 1 2973 2975 4810
9627 2 2 1 1 5192 1937 5205
9628 2 2 1 1 1935 5193 5204
9629 2 2 1 1 2691 4194 4809
9630 2 2 1 1 4770 2574 4904
9631 2 2 1 1 4633 1808 5145
9632 2 2 1 1 4194 4806 4809
9633 2 2 1 1 5191 1938 5207
9634 2 2 1 1 2693 4850 5152
9635 2 2 1 1 1947 5195 5208
9636 2 2 1 1 4671 2940 4697
9637 2 2 1 1 2691 4809 4814
9638 2 2 1 1 3451 1073 5066
9639 2 2 1 1 2699 3066 4817
9640 2 2 1 1 754 3452 4827
9641 2 2 1 1 2973 4810 4818
9642 2 2 1 1 2680 2201 4815
9643 2 2 1 1 5196 1929 5209
9644 2 2 1 1 839 4517 5117
9645 2 2 1 1 2278 2280 4822
9646 2 2 1 1 4625 2770 4844
9647 2 2 1 1 2971 2973 4818
9648 2 2 1 1 3240 3236 4946
9649 2 2 1 1 3774 1913 4824
9650 2 2 1 1 4780 4219 4846
9651 2 2 1 1 712 3481 4836
9652 2 2 1 1 4528 3116 4989
9653 2 2 1 1 4741 789 4879
9654 2 2 1 1 3833 3834 4831
9655 2 2 1 1 3838 1045 4831
9656 2 2 1 1 3343 2378 5001
9657 2 2 1 1 3075 3005 4823
9658 2 2 1 1 2632 4844 4858
9659 2 2 1 1 712 4836 4842
9660 2 2 1 1 2694 4224 4825
9661 2 2 1 1 2694 4825 4829
9662 2 2 1 1 2972 2971 4828
9663 2 2 1 1 2615 4125 4929
9664 2 2 1 1 1995 4369 4808
9665 2 2 1 1 2958 2701 4830
9666 2 2 1 1 2971 4818 4828
9667 2 2 1 1 138 139 4832
9668 2 2 1 1 3367 3368 4839
9669 2 2 1 1 3340 1263 4966
9670 2 2 1 1 4244 2694 4829
9671 2 2 1 1 2937 2939 4819
9672 2 2 1 1 1797 4282 4821
9673 2 2 1 1 4383 2691 4814
9674 2 2 1 1 4380 1074 5079
9675 2 2 1 1 4676 2972 4807
9676 2 2 1 1 3544 712 4842
9677 2 2 1 1 4513 1127 5113
9678 2 2 1 1 3566 4562 4779
9679 2 2 1 1 1885 4607 5153
9680 2 2 1 1 4540 1582 5142
9681 2 2 1 1 798 3675 4905
9682 2 2 1 1 2975 4457 4800
9683 2 2 1 1 2910 2908 4910
9684 2 2 1 1 4041 2949 4997
9685 2 2 1 1 4773 3545 4800
9686 2 2 1 1 3634 3633 4867
9687 2 2 1 1 2643 4537 4771
9688 2 2 1 1 3177 3179 5000
9689 2 2 1 1 3674 1404 4881
9690 2 2 1 1 4691 2966 4812
9691 2 2 1 1 2946 3380 4999
9692 2 2 1 1 4453 810 5087
9693 2 2 1 1 2703 2705 4835
9694 2 2 1 1 2993 4356 5129
9695 2 2 1 1 3455 664 4852
9696 2 2 1 1 2839 2634 4820
9697 2 2 1 1 2357 3344 5001
9698 2 2 1 1 2787 2639 4837
9699 2 2 1 1 3671 2588 4841
9700 2 2 1 1 3686 3579 4845
9701 2 2 1 1 4531 3025 4784
9702 2 2 1 1 4768 1262 5039
9703 2 2 1 1 4049 855 4843
9704 2 2 1 1 4422 2035 4833
9705 2 2 1 1 2573 4574 5187
9706 2 2 1 1 815 4618 5149
9707 2 2 1 1 4175 2994 5131
9708 2 2 1 1 2382 2383 4838
9709 2 2 1 1 4633 3091 5147
9710 2 2 1 1 4003 3860 4847
9711 2 2 1 1 4219 2894 4846
9712 2 2 1 1 4457 4773 4800
9713 2 2 1 1 4602 2593 5153
9714 2 2 1 1 2324 4175 5131
9715 2 2 1 1 3281 3283 5045
9716 2 2 1 1 2344 2295 4848
9717 2 2 1 1 242 243 4849
9718 2 2 1 1 2941 2907 5187
9719 2 2 1 1 2375 3324 4937
9720 2 2 1 1 2693 2218 4850
9721 2 2 1 1 4608 4000 5104
9722 2 2 1 1 4760 4815 4865
9723 2 2 1 1 3327 2376 4938
9724 2 2 1 1 4900 3632 5213
9725 2 2 1 1 3185 3187 4993
9726 2 2 1 1 2374 3329 4939
9727 2 2 1 1 4529 3741 5118
9728 2 2 1 1 2739 2738 4851
9729 2 2 1 1 3434 4453 5087
9730 2 2 1 1 3247 3081 5012
9731 2 2 1 1 1725 3247 5012
9732 2 2 1 1 4823 151 5151
9733 2 2 1 1 4683 4082 5171
9734 2 2 1 1 3759 4683 5171
9735 2 2 1 1 141 4855 4860
9736 2 2 1 1 3246 2935 4890
9737 2 2 1 1 4517 3001 5117
9738 2 2 1 1 2143 2144 4853
9739 2 2 1 1 200 728 4861
9740 2 2 1 1 141 142 4855
9741 2 2 1 1 2248 2246 4859
9742 2 2 1 1 871 3366 5082
9743 2 2 1 1 140 141 4860
9744 2 2 1 1 2147 2632 4858
9745 2 2 1 1 4668 2970 5148
9746 2 2 1 1 767 4835 5004
9747 2 2 1 1 3045 4668 5177
9748 2 2 1 1 3782 3781 5188
9749 2 2 1 1 2138 4788 4927
9750 2 2 1 1 3380 795 4999
9751 2 2 1 1 4685 3055 5168
9752 2 2 1 1 811 4142 5035
9753 2 2 1 1 2631 2196 4862
9754 2 2 1 1 151 4823 5017
9755 2 2 1 1 2851 3981 5012
9756 2 2 1 1 222 223 4863
9757 2 2 1 1 198 199 4864
9758 2 2 1 1 2689 3521 4877
9759 2 2 1 1 3839 3031 5059
9760 2 2 1 1 2377 2378 5048
9761 2 2 1 1 3882 2049 4866
9762 2 2 1 1 2725 4685 5168
9763 2 2 1 1 4142 2998 5035
9764 2 2 1 1 4684 1775 5163
9765 2 2 1 1 3855 4684 5163
9766 2 2 1 1 728 4854 4861
9767 2 2 1 1 2741 3286 4865
9768 2 2 1 1 2266 3024 4869
9769 2 2 1 1 146 147 4868
9770 2 2 1 1 2839 4820 4856
9771 2 2 1 1 4076 2737 4870
9772 2 2 1 1 3401 1754 4907
9773 2 2 1 1 2850 4318 5169
9774 2 2 1 1 4632 2061 5188
9775 2 2 1 1 4485 2996 5046
9776 2 2 1 1 3022 3077 4898
9777 2 2 1 1 2631 4867 4871
9778 2 2 1 1 2854 2631 4871
9779 2 2 1 1 4125 3492 4929
9780 2 2 1 1 728 4771 4854
9781 2 2 1 1 4699 3128 5157
9782 2 2 1 1 4927 4788 5174
9783 2 2 1 1 3065 2670 4934
9784 2 2 1 1 4630 1801 5178
9785 2 2 1 1 1684 3864 4878
9786 2 2 1 1 3154 3033 5052
9787 2 2 1 1 3477 2960 5089
9788 2 2 1 1 1004 4150 4877
9789 2 2 1 1 3033 4607 5052
9790 2 2 1 1 4274 4245 4872
9791 2 2 1 1 4245 1986 4874
9792 2 2 1 1 4623 2564 5216
9793 2 2 1 1 4046 2744 4880
9794 2 2 1 1 3097 3099 4903
9795 2 2 1 1 4874 1986 4876
9796 2 2 1 1 2194 2357 5001
9797 2 2 1 1 3374 4782 5212
9798 2 2 1 1 2905 4145 4951
9799 2 2 1 1 1986 4260 4876
9800 2 2 1 1 4872 4245 4874
9801 2 2 1 1 2681 4035 4949
9802 2 2 1 1 4719 853 4732
9803 2 2 1 1 2980 4824 4977
9804 2 2 1 1 3844 2885 4995
9805 2 2 1 1 126 2 5132
9806 2 2 1 1 2 127 5132
9807 2 2 1 1 3113 2665 4881
9808 2 2 1 1 3268 1660 4997
9809 2 2 1 1 2916 4378 4972
9810 2 2 1 1 3081 2851 5012
9811 2 2 1 1 5201 2566 5206
9812 2 2 1 1 2616 5200 5203
9813 2 2 1 1 1809 1743 4922
9814 2 2 1 1 3160 3854 4998
9815 2 2 1 1 2605 5192 5205
9816 2 2 1 1 5193 2604 5204
9817 2 2 1 1 1289 1624 4883
9818 2 2 1 1 2996 2853 4960
9819 2 2 1 1 3893 3892 4958
9820 2 2 1 1 2606 5191 5207
9821 2 2 1 1 5195 2618 5208
9822 2 2 1 1 934 935 4884
9823 2 2 1 1 4208 2559 4889
9824 2 2 1 1 5198 2601 5199
9825 2 2 1 1 2569 5196 5209
9826 2 2 1 1 2856 4347 4882
9827 2 2 1 1 805 894 4886
9828 2 2 1 1 3637 710 4890
9829 2 2 1 1 3353 2992 4935
9830 2 2 1 1 4268 2615 4929
9831 2 2 1 1 4723 1408 4806
9832 2 2 1 1 3337 3336 4979
9833 2 2 1 1 3585 4597 5105
9834 2 2 1 1 2985 2986 4887
9835 2 2 1 1 3268 2950 4989
9836 2 2 1 1 4885 2985 4887
9837 2 2 1 1 4887 2986 4888
9838 2 2 1 1 2986 3046 4888
9839 2 2 1 1 4882 4347 4885
9840 2 2 1 1 4299 2574 4879
9841 2 2 1 1 748 4897 4899
9842 2 2 1 1 1347 1275 4891
9843 2 2 1 1 1606 895 4892
9844 2 2 1 1 4906 2846 5190
9845 2 2 1 1 2378 2194 5001
9846 2 2 1 1 4843 3358 5215
9847 2 2 1 1 4347 2985 4885
9848 2 2 1 1 3628 748 4899
9849 2 2 1 1 2767 4540 5042
9850 2 2 1 1 748 3541 4897
9851 2 2 1 1 2498 3766 4957
9852 2 2 1 1 3631 3630 4906
9853 2 2 1 1 4841 2588 4962
9854 2 2 1 1 3857 3858 4894
9855 2 2 1 1 2951 4485 5046
9856 2 2 1 1 297 298 4895
9857 2 2 1 1 1131 1134 4903
9858 2 2 1 1 2223 2225 4901
9859 2 2 1 1 2912 4281 4968
9860 2 2 1 1 1961 4630 5128
9861 2 2 1 1 2632 4625 4844
9862 2 2 1 1 2653 2046 4896
9863 2 2 1 1 4804 864 4816
9864 2 2 1 1 2928 4324 4908
9865 2 2 1 1 338 339 4902
9866 2 2 1 1 2960 3477 5048
9867 2 2 1 1 2801 2284 4900
9868 2 2 1 1 3130 4609 5123
9869 2 2 1 1 4537 2730 4854
9870 2 2 1 1 4893 2653 4896
9871 2 2 1 1 4815 2741 4865
9872 2 2 1 1 3347 3348 4911
9873 2 2 1 1 1939 2903 4904
9874 2 2 1 1 2162 4711 5214
9875 2 2 1 1 2898 4230 4905
9876 2 2 1 1 829 4549 5135
9877 2 2 1 1 4620 1961 5128
9878 2 2 1 1 2132 3776 4910
9879 2 2 1 1 4271 1965 4908
9880 2 2 1 1 3091 4633 5145
9881 2 2 1 1 4683 3386 5140
9882 2 2 1 1 4580 3006 5112
9883 2 2 1 1 4412 3668 4898
9884 2 2 1 1 4076 4870 4970
9885 2 2 1 1 2734 4572 4857
9886 2 2 1 1 1259 3524 5013
9887 2 2 1 1 3352 3353 5149
9888 2 2 1 1 4118 4119 4944
9889 2 2 1 1 2949 3268 4997
9890 2 2 1 1 2885 3869 4995
9891 2 2 1 1 3854 1705 4998
9892 2 2 1 1 4971 4765 4975
9893 2 2 1 1 2099 2101 4912
9894 2 2 1 1 2231 4608 5104
9895 2 2 1 1 3707 4741 4879
9896 2 2 1 1 2911 2957 5216
9897 2 2 1 1 3964 3887 4915
9898 2 2 1 1 4255 1259 5013
9899 2 2 1 1 2893 3206 4916
9900 2 2 1 1 2446 4008 4916
9901 2 2 1 1 3918 2683 4945
9902 2 2 1 1 77 78 4918
9903 2 2 1 1 3572 3425 4922
9904 2 2 1 1 2603 2133 4919
9905 2 2 1 1 3853 2816 4920
9906 2 2 1 1 3128 2138 4927
9907 2 2 1 1 209 210 4924
9908 2 2 1 1 175 176 4925
9909 2 2 1 1 109 110 4926
9910 2 2 1 1 2622 3122 4923
9911 2 2 1 1 392 393 4928
9912 2 2 1 1 844 3477 5089
9913 2 2 1 1 714 3599 5003
9914 2 2 1 1 4760 2680 4815
9915 2 2 1 1 3330 2181 4983
9916 2 2 1 1 4771 4537 4854
9917 2 2 1 1 3520 1804 4932
9918 2 2 1 1 2760 3011 4971
9919 2 2 1 1 4375 2260 4914
9920 2 2 1 1 349 350 4930
9921 2 2 1 1 359 360 4931
9922 2 2 1 1 1808 4707 5145
9923 2 2 1 1 2992 2991 4935
9924 2 2 1 1 3583 3585 5105
9925 2 2 1 1 815 4234 5120
9926 2 2 1 1 2683 2094 4945
9927 2 2 1 1 2712 4268 5042
9928 2 2 1 1 2705 4675 4875
9929 2 2 1 1 1321 1622 4936
9930 2 2 1 1 2846 4906 5020
9931 2 2 1 1 3750 4668 5148
9932 2 2 1 1 3701 1612 4990
9933 2 2 1 1 2229 3065 4921
9934 2 2 1 1 4105 714 5003
9935 2 2 1 1 4471 2884 5029
9936 2 2 1 1 548 549 4940
9937 2 2 1 1 3117 2418 4941
9938 2 2 1 1 2260 2234 4933
9939 2 2 1 1 4843 855 5140
9940 2 2 1 1 4619 3764 5070
9941 2 2 1 1 4049 4843 5215
9942 2 2 1 1 3129 3701 4990
9943 2 2 1 1 4230 2850 5138
9944 2 2 1 1 4501 2787 4913
9945 2 2 1 1 3698 4193 4961
9946 2 2 1 1 4380 2899 4956
9947 2 2 1 1 1659 1956 4942
9948 2 2 1 1 4841 4962 5185
9949 2 2 1 1 2907 4701 5187
9950 2 2 1 1 2889 4692 4893
9951 2 2 1 1 4695 3782 5188
9952 2 2 1 1 512 513 4943
9953 2 2 1 1 4680 2850 5169
9954 2 2 1 1 4597 1875 5105
9955 2 2 1 1 2077 2078 4946
9956 2 2 1 1 3820 3229 4952
9957 2 2 1 1 470 471 4948
9958 2 2 1 1 1967 2681 4949
9959 2 2 1 1 4035 3119 4949
9960 2 2 1 1 518 519 4950
9961 2 2 1 1 4027 2905 4951
9962 2 2 1 1 4145 2539 4951
9963 2 2 1 1 2998 3141 5035
9964 2 2 1 1 3089 3088 4955
9965 2 2 1 1 2202 2969 4953
9966 2 2 1 1 2922 3037 4938
9967 2 2 1 1 2899 3596 4956
9968 2 2 1 1 3038 2923 4939
9969 2 2 1 1 2897 2979 4959
9970 2 2 1 1 4682 2839 4856
9971 2 2 1 1 1182 1096 4947
9972 2 2 1 1 3408 3016 5119
9973 2 2 1 1 4549 3014 5135
9974 2 2 1 1 3008 3007 5093
9975 2 2 1 1 1050 3332 5053
9976 2 2 1 1 3332 2742 5053
9977 2 2 1 1 556 557 4958
9978 2 2 1 1 4200 2788 4954
9979 2 2 1 1 2588 3755 4962
9980 2 2 1 1 3142 3189 4957
9981 2 2 1 1 4193 2919 4961
9982 2 2 1 1 4830 1401 4834
9983 2 2 1 1 1725 1716 5009
9984 2 2 1 1 4780 4846 5133
9985 2 2 1 1 2979 3487 4965
9986 2 2 1 1 4006 2990 4964
9987 2 2 1 1 3802 4589 5109
9988 2 2 1 1 2309 1937 5192
9989 2 2 1 1 1935 2305 5193
9990 2 2 1 1 3554 3330 4983
9991 2 2 1 1 3088 2989 4969
9992 2 2 1 1 2531 2354 4967
9993 2 2 1 1 2304 1938 5191
9994 2 2 1 1 1947 2404 5195
9995 2 2 1 1 3147 4525 5033
9996 2 2 1 1 2913 2912 4968
9997 2 2 1 1 1927 2210 5201
9998 2 2 1 1 4378 2545 4972
9999 2 2 1 1 4281 2533 4968
10000 2 2 1 1 2970 4726 5148
10001 2 2 1 1 2954 4076 4970
10002 2 2 1 1 2395 1946 5200
10003 2 2 1 1 1605 3971 5032
10004 2 2 1 1 1931 2298 5198
10005 2 2 1 1 676 4760 4865
10006 2 2 1 1 1982 1979 4963
10007 2 2 1 1 2378 4686 5048
10008 2 2 1 1 2207 1929 5196
10009 2 2 1 1 840 859 4973
10010 2 2 1 1 2917 2916 4972
10011 2 2 1 1 1091 3485 4974
10012 2 2 1 1 3353 4233 5149
10013 2 2 1 1 4082 4683 5140
10014 2 2 1 1 3140 715 5010
10015 2 2 1 1 4000 2902 5104
10016 2 2 1 1 3620 3621 5090
10017 2 2 1 1 4382 1742 4960
10018 2 2 1 1 4675 2153 4875
10019 2 2 1 1 340 341 4976
10020 2 2 1 1 3477 2377 5048
10021 2 2 1 1 1716 4404 5009
10022 2 2 1 1 718 4110 5016
10023 2 2 1 1 2966 4804 4816
10024 2 2 1 1 4476 2921 4937
10025 2 2 1 1 3437 4770 4904
10026 2 2 1 1 2180 4542 4917
10027 2 2 1 1 1231 1605 4978
10028 2 2 1 1 4155 2871 4996
10029 2 2 1 1 2766 4768 5039
10030 2 2 1 1 2723 4926 5167
10031 2 2 1 1 2720 4925 5166
10032 2 2 1 1 4924 2722 5165
10033 2 2 1 1 3003 2760 4975
10034 2 2 1 1 124 125 4980
10035 2 2 1 1 940 1383 4982
10036 2 2 1 1 2946 4753 5170
10037 2 2 1 1 532 533 4981
10038 2 2 1 1 4918 2719 5161
10039 2 2 1 1 3726 4580 5112
10040 2 2 1 1 4558 2180 4917
10041 2 2 1 1 3020 4200 5111
10042 2 2 1 1 4609 2929 5123
10043 2 2 1 1 520 521 4984
10044 2 2 1 1 2181 4246 4983
10045 2 2 1 1 3049 4699 5157
10046 2 2 1 1 394 395 4987
10047 2 2 1 1 2660 2563 4986
10048 2 2 1 1 3344 3343 5001
10049 2 2 1 1 2385 4120 4985
10050 2 2 1 1 4540 2712 5042
10051 2 2 1 1 1680 1121 4991
10052 2 2 1 1 2891 2896 4988
10053 2 2 1 1 4630 3041 5128
10054 2 2 1 1 1238 4593 5047
10055 2 2 1 1 2516 2519 4993
10056 2 2 1 1 678 673 4992
10057 2 2 1 1 4018 2827 4994
10058 2 2 1 1 1150 3844 4995
10059 2 2 1 1 1660 2310 4997
10060 2 2 1 1 2906 3160 4998
10061 2 2 1 1 1612 1312 4990
10062 2 2 1 1 2460 2463 5000
10063 2 2 1 1 1407 4811 5177
10064 2 2 1 1 1924 4655 5043
10065 2 2 1 1 4054 4620 5128
10066 2 2 1 1 2958 4830 4834
10067 2 2 1 1 3440 3439 5004
10068 2 2 1 1 2907 2937 5141
10069 2 2 1 1 2389 4588 5028
10070 2 2 1 1 2787 4837 4913
10071 2 2 1 1 2944 2946 4999
10072 2 2 1 1 2930 2932 5006
10073 2 2 1 1 4403 3140 5010
10074 2 2 1 1 3393 2608 5005
10075 2 2 1 1 810 4623 5087
10076 2 2 1 1 3537 4487 5016
10077 2 2 1 1 4419 2619 4979
10078 2 2 1 1 2999 3108 5082
10079 2 2 1 1 4778 1089 5158
10080 2 2 1 1 715 612 5010
10081 2 2 1 1 4756 2399 5147
10082 2 2 1 1 2652 3147 5007
10083 2 2 1 1 717 396 5008
10084 2 2 1 1 4487 718 5016
10085 2 2 1 1 3524 2692 5013
10086 2 2 1 1 2969 4765 4971
10087 2 2 1 1 4404 2924 5009
10088 2 2 1 1 3070 3069 5015
10089 2 2 1 1 4616 324 5049
10090 2 2 1 1 771 778 5011
10091 2 2 1 1 3488 2933 5030
10092 2 2 1 1 4584 3583 5105
10093 2 2 1 1 3141 4530 5035
10094 2 2 1 1 2864 4490 4966
10095 2 2 1 1 767 150 5017
10096 2 2 1 1 2981 2911 5160
10097 2 2 1 1 4628 2750 5067
10098 2 2 1 1 4692 2653 4893
10099 2 2 1 1 3981 1725 5012
10100 2 2 1 1 4618 815 5120
10101 2 2 1 1 3402 84 5024
10102 2 2 1 1 259 4632 5051
10103 2 2 1 1 385 4647 5081
10104 2 2 1 1 4634 3876 5058
10105 2 2 1 1 719 366 5014
10106 2 2 1 1 4525 1239 5033
10107 2 2 1 1 3971 4522 5032
10108 2 2 1 1 103 3399 5026
10109 2 2 1 1 2718 4067 5130
10110 2 2 1 1 3014 3266 5135
10111 2 2 1 1 565 4649 5084
10112 2 2 1 1 4862 3634 4867
10113 2 2 1 1 220 221 5022
10114 2 2 1 1 4227 1954 5019
10115 2 2 1 1 4687 839 5117
10116 2 2 1 1 1792 1790 5023
10117 2 2 1 1 4954 2788 5194
10118 2 2 1 1 2341 126 5132
10119 2 2 1 1 2206 1723 5021
10120 2 2 1 1 3040 3039 5178
10121 2 2 1 1 1043 1238 5025
10122 2 2 1 1 4575 3008 5093
10123 2 2 1 1 3002 3411 5027
10124 2 2 1 1 2420 4471 5029
10125 2 2 1 1 2760 4971 4975
10126 2 2 1 1 1775 4847 5163
10127 2 2 1 1 3441 3443 5039
10128 2 2 1 1 4933 2233 5175
10129 2 2 1 1 4522 2953 5032
10130 2 2 1 1 2876 4425 5020
10131 2 2 1 1 4791 1127 5144
10132 2 2 1 1 3120 2976 5040
10133 2 2 1 1 1239 896 5033
10134 2 2 1 1 1598 4599 5040
10135 2 2 1 1 2936 4227 5028
10136 2 2 1 1 1071 47 5181
10137 2 2 1 1 31 1439 5180
10138 2 2 1 1 1985 31 5180
10139 2 2 1 1 47 2332 5181
10140 2 2 1 1 4801 3581 5150
10141 2 2 1 1 3625 3626 5189
10142 2 2 1 1 2815 4440 5018
10143 2 2 1 1 4603 1630 5073
10144 2 2 1 1 4602 2330 5074
10145 2 2 1 1 4601 1628 5075
10146 2 2 1 1 2104 21 5183
10147 2 2 1 1 3419 3363 5041
10148 2 2 1 1 4985 4120 5158
10149 2 2 1 1 4541 3040 5133
10150 2 2 1 1 2950 4528 4989
10151 2 2 1 1 4574 809 5027
10152 2 2 1 1 2914 4618 5120
10153 2 2 1 1 4577 2206 5041
10154 2 2 1 1 21 681 5183
10155 2 2 1 1 610 611 5037
10156 2 2 1 1 2310 2610 5126
10157 2 2 1 1 4154 4155 5176
10158 2 2 1 1 4848 2294 5159
10159 2 2 1 1 4551 1007 5030
10160 2 2 1 1 1968 2841 5038
10161 2 2 1 1 4589 1632 5109
10162 2 2 1 1 3013 3012 5034
10163 2 2 1 1 61 3403 5049
10164 2 2 1 1 4823 3005 5017
10165 2 2 1 1 5090 4954 5194
10166 2 2 1 1 4782 2655 5212
10167 2 2 1 1 2871 4547 4996
10168 2 2 1 1 1390 4839 5162
10169 2 2 1 1 2927 2999 5036
10170 2 2 1 1 3018 4894 5184
10171 2 2 1 1 2034 2951 5046
10172 2 2 1 1 2519 2520 5134
10173 2 2 1 1 2670 10 5210
10174 2 2 1 1 3889 3888 5047
10175 2 2 1 1 193 2340 5086
10176 2 2 1 1 3280 3281 5045
10177 2 2 1 1 2233 5 5202
10178 2 2 1 1 3784 258 5051
10179 2 2 1 1 3433 3434 5087
10180 2 2 1 1 571 1430 5085
10181 2 2 1 1 2962 4134 5081
10182 2 2 1 1 2408 687 5078
10183 2 2 1 1 1357 1786 5064
10184 2 2 1 1 1587 1059 5055
10185 2 2 1 1 469 1050 5053
10186 2 2 1 1 975 1186 5056
10187 2 2 1 1 971 1184 5057
10188 2 2 1 1 445 1049 5054
10189 2 2 1 1 517 1646 5058
10190 2 2 1 1 1629 893 5059
10191 2 2 1 1 2820 3830 5060
10192 2 2 1 1 1064 636 5062
10193 2 2 1 1 3996 1055 5061
10194 2 2 1 1 1295 1147 5063
10195 2 2 1 1 457 1048 5065
10196 2 2 1 1 1073 504 5066
10197 2 2 1 1 511 1434 5067
10198 2 2 1 1 1592 1140 5068
10199 2 2 1 1 1072 378 5069
10200 2 2 1 1 1938 51 5207
10201 2 2 1 1 1937 55 5205
10202 2 2 1 1 39 1935 5204
10203 2 2 1 1 1630 1068 5073
10204 2 2 1 1 2330 1619 5074
10205 2 2 1 1 1628 1142 5075
10206 2 2 1 1 391 661 5070
10207 2 2 1 1 52 1947 5208
10208 2 2 1 1 1594 1083 5072
10209 2 2 1 1 2463 2464 5080
10210 2 2 1 1 2221 38 5197
10211 2 2 1 1 1074 594 5079
10212 2 2 1 1 3052 3051 5162
10213 2 2 1 1 702 534 5071
10214 2 2 1 1 1946 19 5203
10215 2 2 1 1 20 1931 5199
10216 2 2 1 1 343 1595 5077
10217 2 2 1 1 2850 4680 5138
10218 2 2 1 1 1615 878 5076
10219 2 2 1 1 631 1062 5083
10220 2 2 1 1 5 2174 5202
10221 2 2 1 1 51 2158 5207
10222 2 2 1 1 55 2156 5205
10223 2 2 1 1 2157 39 5204
10224 2 2 1 1 3025 2658 5050
10225 2 2 1 1 2175 52 5208
10226 2 2 1 1 2631 4862 4867
10227 2 2 1 1 2726 4824 5139
10228 2 2 1 1 1929 9 5209
10229 2 2 1 1 38 2176 5197
10230 2 2 1 1 19 2173 5203
10231 2 2 1 1 11 1927 5206
10232 2 2 1 1 9 2120 5209
10233 2 2 1 1 2155 20 5199
10234 2 2 1 1 2119 11 5206
10235 2 2 1 1 75 76 5092
10236 2 2 1 1 10 2230 5210
10237 2 2 1 1 4642 3408 5119
10238 2 2 1 1 2621 2275 5088
10239 2 2 1 1 4835 2705 5004
10240 2 2 1 1 2961 4214 5084
10241 2 2 1 1 3652 4627 5111
10242 2 2 1 1 2214 2299 5091
10243 2 2 1 1 71 72 5098
10244 2 2 1 1 313 314 5099
10245 2 2 1 1 3047 4822 5137
10246 2 2 1 1 4615 2231 5104
10247 2 2 1 1 2902 4615 5104
10248 2 2 1 1 4873 2981 5160
10249 2 2 1 1 111 112 5106
10250 2 2 1 1 207 208 5107
10251 2 2 1 1 177 178 5108
10252 2 2 1 1 1875 4584 5105
10253 2 2 1 1 3075 4823 5151
10254 2 2 1 1 2327 3038 5129
10255 2 2 1 1 4762 1386 5182
10256 2 2 1 1 1811 4575 5093
10257 2 2 1 1 4754 2911 5216
10258 2 2 1 1 1632 1145 5109
10259 2 2 1 1 1631 905 5110
10260 2 2 1 1 698 696 5095
10261 2 2 1 1 2894 4912 5211
10262 2 2 1 1 413 414 5100
10263 2 2 1 1 527 528 5101
10264 2 2 1 1 625 626 5102
10265 2 2 1 1 601 602 5103
10266 2 2 1 1 3895 4878 5154
10267 2 2 1 1 315 316 5115
10268 2 2 1 1 69 70 5116
10269 2 2 1 1 331 844 5089
10270 2 2 1 1 3687 4845 5146
10271 2 2 1 1 3001 3000 5117
10272 2 2 1 1 1127 1126 5113
10273 2 2 1 1 4680 3592 5138
10274 2 2 1 1 962 3726 5112
10275 2 2 1 1 4731 3027 5126
10276 2 2 1 1 404 405 5114
10277 2 2 1 1 1437 4642 5119
10278 2 2 1 1 2205 3731 5146
10279 2 2 1 1 4761 3035 5134
10280 2 2 1 1 4593 3889 5047
10281 2 2 1 1 2732 4712 5130
10282 2 2 1 1 3203 3204 5167
10283 2 2 1 1 3200 3201 5166
10284 2 2 1 1 3198 3197 5165
10285 2 2 1 1 3037 2324 5131
10286 2 2 1 1 3195 3194 5161
10287 2 2 1 1 2752 4651 5071
10288 2 2 1 1 4627 3020 5111
10289 2 2 1 1 3730 4583 5002
10290 2 2 1 1 4662 717 5008
10291 2 2 1 1 4623 3433 5087
10292 2 2 1 1 655 2125 5094
10293 2 2 1 1 3811 3798 5121
10294 2 2 1 1 2123 660 5096
10295 2 2 1 1 427 2124 5097
10296 2 2 1 1 4707 3090 5145
10297 2 2 1 1 2929 2003 5123
10298 2 2 1 1 2287 4541 5133
10299 2 2 1 1 3314 3315 5214
10300 2 2 1 1 4318 4751 5169
10301 2 2 1 1 3411 4574 5027
10302 2 2 1 1 364 365 5124
10303 2 2 1 1 4277 4927 5174
10304 2 2 1 1 2956 3568 5211
10305 2 2 1 1 3041 4054 5128
10306 2 2 1 1 4179 3789 5125
10307 2 2 1 1 3362 4911 5217
10308 2 2 1 1 2933 4551 5030
10309 2 2 1 1 3216 2068 5137
10310 2 2 1 1 640 641 5136
10311 2 2 1 1 1582 1548 5142
10312 2 2 1 1 152 1032 5151
10313 2 2 1 1 2980 4089 5139
10314 2 2 1 1 661 4619 5070
10315 2 2 1 1 3017 2131 5143
10316 2 2 1 1 855 4082 5140
10317 2 2 1 1 2405 4701 5141
10318 2 2 1 1 4735 4277 5174
10319 2 2 1 1 4490 2926 5044
10320 2 2 1 1 3358 4803 5215
10321 2 2 1 1 4530 811 5035
10322 2 2 1 1 1034 3519 5155
10323 2 2 1 1 3091 3092 5147
10324 2 2 1 1 863 3750 5148
10325 2 2 1 1 3110 3109 5144
10326 2 2 1 1 3676 4667 5185
10327 2 2 1 1 3090 3091 5145
10328 2 2 1 1 4120 4121 5158
10329 2 2 1 1 183 184 5156
10330 2 2 1 1 2593 1885 5153
10331 2 2 1 1 4054 4188 5172
10332 2 2 1 1 3685 2725 5168
10333 2 2 1 1 800 3631 5213
10334 2 2 1 1 2285 3049 5157
10335 2 2 1 1 3726 3727 5159
10336 2 2 1 1 2311 4798 5176
10337 2 2 1 1 3599 4629 5003
10338 2 2 1 1 3856 3855 5163
10339 2 2 1 1 2231 1729 5164
10340 2 2 1 1 2172 3034 5127
10341 2 2 1 1 3378 3379 5170
10342 2 2 1 1 4082 694 5171
10343 2 2 1 1 4765 679 4975
10344 2 2 1 1 3776 2054 5186
10345 2 2 1 1 1343 3865 5184
10346 2 2 1 1 4588 2936 5028
10347 2 2 1 1 4655 3783 5043
10348 2 2 1 1 4754 2396 5160
10349 2 2 1 1 3530 4821 5031
10350 2 2 1 1 3046 3045 5177
10351 2 2 1 1 3403 4616 5049
10352 2 2 1 1 1837 4049 5215
10353 2 2 1 1 3863 4404 5154
10354 2 2 1 1 2788 2104 5194
10355 2 2 1 1 4917 4111 5118
10356 2 2 1 1 4292 2801 5190
10357 2 2 1 1 4726 863 5148
10358 2 2 1 1 2903 3050 5152
10359 2 2 1 1 2655 2217 5212
10360 2 2 1 1 3363 4577 5041
10361 2 2 1 1 1434 4628 5067
10362 2 2 1 1 4632 3784 5051
10363 2 2 1 1 1646 4634 5058
10364 2 2 1 1 3000 4687 5117
10365 2 2 1 1 4599 3120 5040
10366 2 2 1 1 4701 2907 5141
10367 2 2 1 1 4647 2962 5081
10368 2 2 1 1 2396 4873 5160
10369 2 2 1 1 4667 3064 5185
10370 2 2 1 1 4753 3378 5170
10371 2 2 1 1 4649 2961 5084
10372 2 2 1 1 3108 4708 5082
10373 2 2 1 1 4558 4917 5118
10374 2 2 1 1 4651 702 5071
10375 2 2 1 1 4846 2287 5133
10376 2 2 1 1 3741 4558 5118
10377 2 2 1 1 4698 3070 5015
10378 2 2 1 1 3040 4780 5133
10379 2 2 1 1 4819 2405 5141
10380 2 2 1 1 2937 4819 5141
10381 2 2 1 1 4712 2718 5130
10382 2 2 1 1 4119 4936 4944
10383 2 2 1 1 4824 1913 4977
10384 2 2 1 1 2911 4754 5160
10385 2 2 1 1 4996 2311 5176
10386 2 2 1 1 4686 2960 5048
10387 2 2 1 1 2340 4659 5086
10388 2 2 1 1 3092 4756 5147
10389 2 2 1 1 1430 4665 5085
10390 2 2 1 1 4665 2757 5085
10391 2 2 1 1 4659 192 5086
10392 2 2 1 1 3050 4570 5152
10393 2 2 1 1 4121 4778 5158
10394 2 2 1 1 4906 3630 5020
10395 2 2 1 1 3011 4953 4971
10396 2 2 1 1 2054 4840 5186
10397 2 2 1 1 4792 3530 5031
10398 2 2 1 1 4811 3046 5177
10399 2 2 1 1 4584 1873 5150
10400 2 2 1 1 4751 3514 5169
10401 2 2 1 1 1386 4547 5182
10402 2 2 1 1 4780 3040 5178
10403 2 2 1 1 2610 4731 5126
10404 2 2 1 1 4962 3676 5185
10405 2 2 1 1 4708 871 5082
10406 2 2 1 1 4936 1622 4944
10407 2 2 1 1 2048 4577 5217
10408 2 2 1 1 4797 2341 5132
10409 2 2 1 1 4618 3352 5149
10410 2 2 1 1 3064 4841 5185
10411 2 2 1 1 4784 3625 5189
10412 2 2 1 1 2520 4761 5134
10413 2 2 1 1 2366 4615 5173
10414 2 2 1 1 4798 4154 5176
10415 2 2 1 1 3068 4735 5174
10416 2 2 1 1 4821 4282 5031
10417 2 2 1 1 2878 4784 5189
10418 2 2 1 1 4627 1456 5179
10419 2 2 1 1 4953 2969 4971
10420 2 2 1 1 3038 4789 5129
10421 2 2 1 1 2801 4900 5213
10422 2 2 1 1 3631 4906 5190
10423 2 2 1 1 3109 4791 5144
10424 2 2 1 1 4839 3052 5162
10425 2 2 1 1 4788 3068 5174
10426 2 2 1 1 1873 4801 5150
10427 2 2 1 1 4803 1837 5215
10428 2 2 1 1 4155 4996 5176
10429 2 2 1 1 3514 4680 5169
10430 2 2 1 1 4826 3037 5131
10431 2 2 1 1 4847 3856 5163
10432 2 2 1 1 2061 4695 5188
10433 2 2 1 1 4701 2573 5187
10434 2 2 1 1 4789 2993 5129
10435 2 2 1 1 3727 4848 5159
10436 2 2 1 1 127 4797 5132
10437 2 2 1 1 4824 2980 5139
10438 2 2 1 1 3096 4762 5182
10439 2 2 1 1 4845 2205 5146
10440 2 2 1 1 4822 3216 5137
10441 2 2 1 1 2994 4826 5131
10442 2 2 1 1 5175 2233 5202
10443 2 2 1 1 4926 3203 5167
10444 2 2 1 1 4925 3200 5166
10445 2 2 1 1 3197 4924 5165
10446 2 2 1 1 3194 4918 5161
10447 2 2 1 1 2617 5175 5202
10448 2 2 1 1 2564 4754 5216
10449 2 2 1 1 1801 4780 5178
10450 2 2 1 1 3382 4933 5175
10451 2 2 1 1 2104 5183 5194
10452 2 2 1 1 5183 2406 5194
10453 2 2 1 1 4850 2903 5152
10454 2 2 1 1 4878 3863 5154
10455 2 2 1 1 3621 4954 5090
10456 2 2 1 1 4894 1343 5184
10457 2 2 1 1 4912 2956 5211
10458 2 2 1 1 4935 2991 5122
10459 2 2 1 1 4911 2048 5217
10460 2 2 1 1 2406 5090 5194
$EndElements
$Periodic
2
1 2 4
68
2 1
3 4
127 324
128 323
129 322
130 321
131 320
132 319
133 318
134 317
135 316
136 315
137 314
138 313
139 312
140 311
141 310
142 309
143 308
144 307
145 306
146 305
147 304
148 303
149 302
150 301
151 300
152 299
153 298
154 297
155 296
156 295
157 294
158 293
159 292
160 291
161 290
162 289
163 288
164 287
165 286
166 285
167 284
168 283
169 282
170 281
171 280
172 279
173 278
174 277
175 276
176 275
177 274
178 273
179 272
180 271
181 270
182 269
183 268
184 267
185 266
186 265
187 264
188 263
189 262
190 261
191 260
192 259
1 3 1
68
3 2
4 1
193 126
194 125
195 124
196 123
197 122
198 121
199 120
200 119
201 118
202 117
203 116
204 115
205 114
206 113
207 112
208 111
209 110
210 109
211 108
212 107
213 106
214 105
215 104
216 103
217 102
218 101
219 100
220 99
221 98
222 97
223 96
224 95
225 94
226 93
227 92
228 91
229 90
230 89
231 88
232 87
233 86
234 85
235 84
236 83
237 82
238 81
239 80
240 79
241 78
242 77
243 76
244 75
245 74
246 73
247 72
248 71
249 70
250 69
251 68
252 67
253 66
254 65
255 64
256 63
257 62
258 61
$EndPeriodic
