kappa_target,kappa_optimized,error_optimization,geometry,geometries
10.0,15.633289337158203,0.5633289217948914,,"[0.0, 1.0, 1.0, 1.0, 0.0, 1.0, 1.0, 0.0, 0.0, 1.0, 1.0, 1.0, 1.0, 1.0, 1.0, 1.0, 1.0, 1.0, 1.0, 0.0, 0.0, 0.0, 0.0, 0.0, 1.0]"
