kappa_target,kappa_optimized,error_optimization,geometry,kappa_BTE,error_model,error_total
12.013442,13.636307616049892,0.135087477113185,"[1, 1, 1, 1, 1, 1, 1, 0, 1, 1, 1, 1, 1, 1, 1, 1, 1, 0, 1, 1, 1, 0, 1, 1, 0]",12.930214199964762,0.051780396568207376,0.07631220094663652
15.002009,15.001904429975212,6.996516714154029e-06,"[1, 1, 1, 1, 1, 1, 1, 1, 1, 0, 1, 0, 1, 1, 1, 1, 1, 1, 1, 0, 1, 1, 1, 1, 1]",16.8858094460469,0.1255777241393078,0.12556987841074485
20.000076,19.99899710210907,5.3959385973458337e-05,"[1, 0, 0, 0, 1, 0, 0, 0, 0, 1, 1, 0, 1, 0, 0, 1, 1, 0, 1, 1, 1, 1, 1, 1, 0]",19.963970368412163,0.0017514245098426582,0.0018052747193479262
24.998857,24.99771159066062,4.5838395150966646e-05,"[1, 0, 0, 0, 0, 0, 1, 1, 1, 0, 1, 1, 0, 0, 0, 1, 1, 0, 0, 0, 1, 1, 1, 0, 1]",23.545353996309757,0.058099622002738806,0.05814277843543983
30.000193,30.00158145029101,4.62933053682429e-05,"[1, 0, 1, 1, 1, 0, 0, 0, 0, 0, 1, 0, 0, 0, 0, 0, 0, 0, 1, 0, 0, 1, 0, 0, 0]",29.71041379752753,0.009705076822230518,0.009659244607942027
44.98466,44.98395367871164,1.5725884466934892e-05,"[0, 0, 1, 1, 0, 0, 0, 0, 0, 0, 0, 0, 1, 0, 0, 0, 0, 0, 0, 1, 0, 1, 0, 0, 0]",43.9109529506483,0.0238529662316261,0.023868293088170428
59.99268,60.0038918771332,0.0001868941554444,"[0, 0, 0, 0, 0, 0, 0, 0, 0, 0, 0, 0, 0, 0, 0, 0, 0, 0, 0, 1, 0, 1, 0, 1, 0]",56.402396865542464,0.06002102361902335,0.05984535337407057
90.87158,90.75983772302982,0.0012296947595977,"[0, 0, 1, 0, 0, 0, 0, 0, 0, 0, 0, 0, 0, 1, 0, 0, 0, 0, 0, 0, 0, 0, 0, 0, 0]",73.70421799359052,0.18792034183101594,0.18891893380096922
