kappa_target,kappa_optimized,error_optimization,geometry,var_optimized,geometries
12.013442,12.029433193838454,0.0013311051317468113,,1.896551046293503,"[1, 1, 1, 1, 1, 1, 1, 1, 1, 1, 1, 1, 1, 1, 1, 1, 1, 1, 1, 1, 1, 1, 1, 0, 1]"
15.002009,15.003846882540202,0.0001224829759498961,,1.1563705762115006,"[0, 0, 0, 1, 1, 1, 1, 1, 1, 1, 1, 0, 1, 1, 1, 1, 0, 1, 1, 1, 1, 1, 0, 1, 1]"
20.000076,20.00161454464949,7.691224181204315e-05,,3.2365508956534086,"[0, 0, 1, 1, 1, 1, 0, 0, 0, 1, 0, 1, 0, 1, 1, 1, 1, 1, 0, 0, 1, 0, 1, 1, 1]"
24.998857,25.00090212776078,8.178892143314612e-05,,1.4092296381431595,"[0, 1, 0, 0, 1, 1, 1, 0, 0, 0, 0, 0, 0, 1, 1, 1, 1, 0, 1, 0, 1, 1, 0, 1, 0]"
30.000193,29.99929412232639,2.995047052664538e-05,,1.0784027545137178,"[0, 0, 0, 1, 1, 0, 1, 0, 1, 0, 0, 1, 0, 0, 0, 1, 0, 1, 1, 0, 0, 1, 0, 0, 0]"
44.98466,44.97661744720487,0.00017880884045691568,,3.4359011649825106,"[0, 0, 0, 1, 0, 0, 0, 0, 0, 1, 0, 1, 0, 0, 1, 0, 1, 0, 0, 1, 0, 0, 0, 0, 1]"
59.99268,59.98670606501112,9.957099726796094e-05,,47.036014830383465,"[0, 1, 1, 0, 0, 0, 0, 0, 0, 0, 0, 0, 0, 0, 0, 0, 0, 0, 0, 0, 1, 0, 0, 0, 0]"
90.87158,95.07911976045384,0.046302019125813144,,3292.716916919871,"[0, 0, 0, 0, 0, 0, 0, 0, 0, 0, 0, 0, 0, 0, 0, 0, 0, 0, 0, 0, 0, 0, 0, 0, 0]"
