kappa_target,kappa_optimized,error_optimization,geometry,var_optimized,geometries
12.013442,13.636307616049892,0.13508747711318506,,1.613445584871156,"[1, 1, 1, 1, 1, 1, 1, 0, 1, 1, 1, 1, 1, 1, 1, 1, 1, 0, 1, 1, 1, 0, 1, 1, 0]"
15.002009,15.001904429975212,6.996516714154029e-06,,1.6135252411089698,"[1, 1, 1, 1, 1, 1, 1, 1, 1, 0, 1, 0, 1, 1, 1, 1, 1, 1, 1, 0, 1, 1, 1, 1, 1]"
20.000076,19.99899710210907,5.3959385973458337e-05,,1.3640917024336756,"[1, 0, 0, 0, 1, 0, 0, 0, 0, 1, 1, 0, 1, 0, 0, 1, 1, 0, 1, 1, 1, 1, 1, 1, 0]"
24.998857,24.99771159066062,4.5838395150966646e-05,,1.0380099494938266,"[1, 0, 0, 0, 0, 0, 1, 1, 1, 0, 1, 1, 0, 0, 0, 1, 1, 0, 0, 0, 1, 1, 1, 0, 1]"
30.000193,30.001581450291006,4.62933053682429e-05,,2.48501354635324,"[1, 0, 1, 1, 1, 0, 0, 0, 0, 0, 1, 0, 0, 0, 0, 0, 0, 0, 1, 0, 0, 1, 0, 0, 0]"
44.98466,44.98395367871164,1.5725884466934892e-05,,0.008343740633996954,"[0, 0, 1, 1, 0, 0, 0, 0, 0, 0, 0, 0, 1, 0, 0, 0, 0, 0, 0, 1, 0, 1, 0, 0, 0]"
59.99268,60.0038918771332,0.00018689415544444326,,,"[0, 0, 0, 0, 0, 0, 0, 0, 0, 0, 0, 0, 0, 0, 0, 0, 0, 0, 0, 1, 0, 1, 0, 1, 0]"
90.87158,90.75983772302982,0.0012296947595977113,,59.04104479088631,"[0, 0, 1, 0, 0, 0, 0, 0, 0, 0, 0, 0, 0, 1, 0, 0, 0, 0, 0, 0, 0, 0, 0, 0, 0]"
