kappa_target,kappa_optimized,error_optimization,geometry,var_optimized,geometries
12.013442,14.687851420397116,0.2226180783256155,,0.6136764838656188,"[1, 0, 1, 1, 1, 1, 1, 1, 1, 1, 1, 1, 0, 1, 0, 1, 1, 1, 1, 1, 0, 0, 1, 1, 0]"
15.002009,15.000819426798671,7.932037335269482e-05,,0.1936484528771356,"[1, 1, 0, 1, 1, 1, 1, 1, 1, 1, 0, 1, 1, 1, 1, 1, 0, 0, 1, 1, 1, 0, 1, 1, 1]"
20.000076,20.000797750112973,3.607267077670671e-05,,0.1412285348359032,"[0, 1, 1, 0, 1, 1, 1, 1, 1, 1, 1, 1, 0, 0, 0, 0, 0, 1, 0, 1, 0, 0, 1, 1, 1]"
24.998857,24.99920259307452,1.3804427086373086e-05,,0.010092972560308819,"[1, 0, 0, 1, 0, 1, 1, 0, 0, 1, 1, 0, 0, 1, 0, 0, 0, 0, 0, 1, 1, 1, 0, 1, 0]"
30.000193,29.997002096487346,0.00010635084123021634,,0.20053958727056262,"[0, 1, 1, 0, 0, 0, 0, 1, 1, 0, 0, 0, 0, 0, 1, 1, 0, 0, 0, 1, 0, 0, 1, 1, 0]"
44.98466,44.98490472869494,5.41576604227277e-06,,0.621627351172483,"[1, 0, 0, 0, 0, 0, 1, 0, 0, 1, 0, 1, 1, 0, 0, 0, 0, 0, 0, 0, 0, 0, 0, 0, 0]"
59.99268,59.97897750468157,0.00022839605361814588,,0.32007145438899953,"[0, 0, 1, 1, 0, 0, 0, 0, 1, 0, 0, 0, 0, 0, 0, 0, 0, 1, 0, 0, 0, 0, 0, 0, 0]"
90.87158,90.75983772302982,0.0012296947595977113,,59.04104479088631,"[0, 0, 1, 0, 0, 0, 0, 0, 0, 0, 0, 0, 0, 1, 0, 0, 0, 0, 0, 0, 0, 0, 0, 0, 0]"
