kappa_target,kappa_optimized,error_optimization,geometry,kappa_BTE,error_model,error_total
12.013442,14.687851420397116,0.2226180783256155,"[1, 0, 1, 1, 1, 1, 1, 1, 1, 1, 1, 1, 0, 1, 0, 1, 1, 1, 1, 1, 0, 0, 1, 1, 0]",14.177495942002258,0.034746775671091315,0.18013604610587527
15.002009,15.000819426798673,7.932037335269482e-05,"[1, 1, 0, 1, 1, 1, 1, 1, 1, 1, 0, 1, 1, 1, 1, 1, 0, 0, 1, 1, 1, 0, 1, 1, 1]",14.117284598776585,0.05889910430117368,0.05897372820023065
20.000076,20.000797750112973,3.607267077670671e-05,"[0, 1, 1, 0, 1, 1, 1, 1, 1, 1, 1, 1, 0, 0, 0, 0, 0, 1, 0, 1, 0, 0, 1, 1, 1]",17.797364141839306,0.1101672861154361,0.11013517439437198
24.998857,24.99920259307452,1.3804427086373086e-05,"[1, 0, 0, 1, 0, 1, 1, 0, 0, 1, 1, 0, 0, 1, 0, 0, 0, 0, 0, 1, 1, 1, 0, 1, 0]",27.344563223159128,0.09381741762972619,0.09383253895004585
30.000193,29.997002096487343,0.0001063508412302,"[0, 1, 1, 0, 0, 0, 0, 1, 1, 0, 0, 0, 0, 0, 1, 1, 0, 0, 0, 1, 0, 0, 1, 1, 0]",29.68006984284326,0.010565464262883654,0.010670703257033705
44.98466,44.98490472869494,5.41576604227277e-06,"[1, 0, 0, 0, 0, 0, 1, 0, 0, 1, 0, 1, 1, 0, 0, 0, 0, 0, 0, 0, 0, 0, 0, 0, 0]",45.758185999919576,0.017189794574164623,0.01719532836125865
59.99268,59.97897750468157,0.0002283960536181,"[0, 0, 1, 1, 0, 0, 0, 0, 1, 0, 0, 0, 0, 0, 0, 0, 0, 1, 0, 0, 0, 0, 0, 0, 0]",58.4335168415693,0.02576670572604617,0.025989223325757402
90.87158,90.75983772302982,0.0012296947595977,"[0, 0, 1, 0, 0, 0, 0, 0, 0, 0, 0, 0, 0, 1, 0, 0, 0, 0, 0, 0, 0, 0, 0, 0, 0]",73.70421799359052,0.18792034183101594,0.18891893380096922
