kappa_target,kappa_optimized,error_optimization,geometry,geometries
12.013442,12.09371280670166,0.006681745871901512,,"[1, 1, 1, 1, 0, 1, 1, 1, 0, 1, 1, 0, 1, 0, 1, 0, 0, 0, 0, 1, 0, 0, 1, 0, 1]"
15.002009,15.00159740447998,2.746214158833027e-05,,"[1, 1, 1, 1, 1, 1, 1, 1, 0, 1, 1, 1, 1, 1, 1, 0, 1, 0, 1, 0, 1, 1, 1, 0, 1]"
20.000076,19.999950408935547,6.294226295722183e-06,,"[0, 1, 1, 0, 1, 1, 0, 1, 0, 1, 1, 0, 0, 1, 0, 1, 1, 1, 0, 0, 1, 1, 0, 1, 1]"
24.998857,24.999202728271484,1.3809834854328074e-05,,"[0, 1, 1, 1, 0, 0, 1, 1, 1, 0, 0, 1, 0, 0, 0, 1, 0, 0, 1, 0, 1, 0, 0, 0, 1]"
30.000193,29.997291564941406,9.670195140643045e-05,,"[0, 0, 0, 0, 1, 0, 0, 1, 1, 1, 0, 0, 1, 0, 0, 1, 1, 0, 0, 0, 0, 1, 1, 0, 1]"
44.98466,44.982093811035156,5.7070370530709624e-05,,"[0, 0, 0, 0, 0, 0, 1, 0, 1, 0, 0, 1, 0, 0, 1, 0, 0, 1, 0, 0, 0, 1, 0, 0, 0]"
59.99268,59.90010070800781,0.0015431697247549891,,"[0, 0, 0, 0, 0, 0, 1, 1, 0, 0, 0, 1, 0, 0, 0, 0, 0, 0, 0, 0, 0, 1, 0, 0, 0]"
90.87158,61.155487060546875,0.32701197266578674,,"[0, 0, 0, 0, 0, 0, 1, 0, 0, 0, 0, 1, 0, 0, 0, 0, 0, 0, 0, 0, 0, 1, 0, 0, 0]"
