kappa_target,kappa_optimized,error_optimization,geometry,geometries
12.0,12.004042625427246,0.0003368854522705078,,"[0, 1, 1, 1, 0, 1, 1, 1, 0, 1, 1, 1, 0, 0, 0, 1, 1, 1, 0, 1, 0, 0, 1, 1, 1]"
15.0,14.99974250793457,1.71661376953125e-05,,"[1, 1, 0, 1, 1, 1, 1, 1, 0, 1, 1, 1, 0, 1, 1, 1, 1, 1, 1, 0, 0, 1, 0, 1, 0]"
20.0,19.99904441833496,4.77790817967616e-05,,"[0, 1, 1, 0, 1, 1, 0, 1, 0, 1, 1, 0, 1, 1, 1, 1, 1, 1, 0, 1, 1, 0, 0, 1, 1]"
30.0,29.994956970214844,0.00016810098895803094,,"[1, 0, 0, 0, 0, 0, 0, 1, 0, 1, 1, 0, 0, 1, 1, 1, 0, 0, 0, 1, 0, 0, 1, 0, 0]"
45.0,44.998207092285156,3.984239447163418e-05,,"[1, 0, 1, 0, 0, 0, 0, 1, 0, 0, 0, 0, 0, 1, 0, 1, 0, 0, 0, 0, 0, 0, 0, 0, 1]"
60.0,60.00057601928711,9.600321391189937e-06,,"[0, 0, 0, 1, 0, 0, 0, 1, 1, 0, 0, 0, 0, 1, 0, 0, 0, 0, 0, 0, 0, 0, 0, 0, 0]"
