kappa_target,kappa_optimized,error_optimization,geometry,kappa_BTE,error_model,error_total
12.0,12.507275581359863,0.0422729663550853,"[1, 0, 0, 1, 0, 0, 1, 1, 1, 1, 1, 0, 0, 1, 1, 1, 1, 1, 1, 0, 1, 1, 0, 1, 0]",17.083874081456983,0.36591490051740955,0.4236561734547486
15.0,14.999442100524902,3.719329833984375e-05,"[1, 1, 1, 1, 1, 0, 0, 1, 1, 1, 1, 1, 1, 1, 1, 1, 1, 1, 1, 1, 1, 0, 0, 0, 0]",13.254718073515713,0.11631926143093903,0.11635212843228579
20.0,20.00078582763672,3.929138256353326e-05,"[1, 0, 1, 0, 0, 1, 1, 1, 1, 0, 1, 0, 0, 1, 1, 0, 0, 1, 1, 1, 0, 1, 0, 0, 1]",19.065889315132022,0.046742989028604756,0.04670553424339889
30.0,29.9996395111084,1.201629675051663e-05,"[0, 1, 0, 0, 0, 0, 0, 1, 1, 1, 0, 1, 0, 0, 0, 1, 0, 1, 0, 0, 0, 1, 0, 0, 1]",27.677313494230734,0.07741179743235724,0.07742288352564218
45.0,44.99890899658203,2.4244520318461585e-05,"[0, 0, 0, 0, 0, 0, 0, 0, 0, 0, 0, 1, 0, 0, 0, 1, 0, 1, 0, 0, 0, 1, 1, 0, 0]",50.38710900499076,0.11974068102002208,0.11971353344423916
60.0,56.947731018066406,0.0508711487054824,"[0, 0, 0, 0, 0, 1, 0, 0, 0, 0, 1, 0, 0, 0, 0, 0, 0, 0, 0, 0, 0, 0, 0, 0, 0]",83.30321149734058,0.46280123910315274,0.3883868582890097
90.0,56.947731018066406,0.3672474324703216,"[0, 0, 0, 0, 0, 1, 0, 0, 0, 0, 1, 0, 0, 0, 0, 0, 0, 0, 0, 0, 0, 0, 0, 0, 0]",83.30321149734058,0.46280123910315274,0.07440876114066018
