kappa_target,kappa_optimized,error_optimization,geometry,kappa_BTE,error_model,error_total
12.0,11.967835426330566,0.0026803810615092,"[0, 1, 1, 0, 1, 1, 1, 1, 1, 1, 1, 0, 0, 1, 1, 0, 1, 1, 1, 0, 1, 1, 1, 0, 1]",14.95627310532079,0.2497057799119905,0.24635609211006582
15.0,14.99956512451172,2.899169885495212e-05,"[0, 1, 1, 1, 1, 0, 1, 1, 1, 1, 1, 1, 1, 1, 1, 1, 0, 1, 1, 0, 1, 1, 1, 0, 0]",14.997214846277188,0.00015668975833782136,0.00018567691485410858
20.0,20.00177574157715,8.878707740223035e-05,"[0, 0, 1, 1, 0, 0, 1, 1, 1, 0, 0, 1, 1, 1, 1, 1, 0, 0, 0, 1, 1, 1, 1, 1, 0]",18.56390013791229,0.07188739751121116,0.07180499310438541
30.0,29.99776268005371,7.45773286325857e-05,"[0, 0, 0, 0, 1, 0, 1, 0, 0, 1, 1, 0, 1, 1, 0, 0, 0, 0, 1, 0, 1, 0, 1, 1, 0]",27.625399771814003,0.07908466153101323,0.07915334093953325
45.0,45.00041198730469,9.15527380129788e-06,"[0, 0, 0, 0, 0, 0, 0, 0, 0, 1, 0, 0, 0, 0, 0, 1, 0, 0, 0, 0, 0, 1, 0, 1, 0]",50.45221011029355,0.12114996023873956,0.12116022467318999
60.0,55.29704284667969,0.0783826187252998,"[0, 0, 0, 0, 0, 0, 0, 0, 0, 0, 0, 0, 1, 0, 0, 0, 0, 0, 0, 0, 0, 0, 0, 0, 0]",94.07365519565255,0.7012420620120232,0.5678942532608758
90.0,55.29704284667969,0.3855884075164795,"[0, 0, 0, 0, 0, 0, 0, 0, 0, 0, 0, 0, 1, 0, 0, 0, 0, 0, 0, 0, 0, 0, 0, 0, 0]",94.07365519565255,0.7012420620120232,0.04526283550725054
