kappa_target,kappa_optimized,error_optimization,geometry,kappa_BTE,error_model,error_total
12.0,12.513626098632812,0.0428021736443042,"[0, 1, 1, 0, 1, 0, 0, 0, 1, 1, 1, 0, 0, 1, 1, 1, 1, 1, 1, 0, 1, 1, 0, 1, 1]",17.30779070163755,0.3831155386310071,0.4423158918031292
15.0,14.99984359741211,1.0426839253341312e-05,"[1, 1, 1, 1, 1, 1, 1, 1, 1, 1, 1, 1, 0, 1, 0, 1, 0, 1, 1, 1, 1, 1, 1, 1, 0]",13.082932107035626,0.1277954318608498,0.12780452619762492
20.0,20.00063133239746,3.156661841785535e-05,"[1, 1, 0, 1, 1, 0, 0, 0, 0, 1, 1, 1, 1, 0, 1, 0, 1, 0, 0, 1, 1, 0, 1, 0, 0]",21.001392620027843,0.05003648489882054,0.05006963100139217
30.0,29.99883270263672,3.890991138177924e-05,"[0, 0, 1, 1, 0, 1, 0, 0, 1, 0, 1, 0, 0, 1, 0, 1, 0, 0, 0, 0, 1, 1, 1, 0, 0]",30.70338103971588,0.02348585840199157,0.023446034657195962
45.0,44.99797439575195,4.501342846197076e-05,"[1, 0, 0, 1, 0, 0, 0, 0, 0, 1, 1, 0, 0, 0, 1, 0, 0, 0, 0, 1, 0, 0, 0, 0, 1]",44.0525643834612,0.021010057118926718,0.021054124811973274
60.0,56.46767425537109,0.0588720962405204,"[0, 0, 0, 0, 0, 1, 0, 0, 0, 0, 0, 0, 0, 0, 0, 1, 0, 0, 0, 0, 0, 0, 0, 0, 0]",82.75033561175667,0.46544614601132844,0.37917226019594447
90.0,56.46767425537109,0.3725813925266266,"[0, 0, 0, 0, 0, 1, 0, 0, 0, 0, 0, 0, 0, 0, 0, 1, 0, 0, 0, 0, 0, 0, 0, 0, 0]",82.75033561175667,0.46544614601132844,0.08055182653603701
