kappa_target,kappa_optimized,error_optimization,geometry,geometries
12.0,12.001253128051758,0.00010442733764648438,,"[1, 0, 0, 0, 0, 0, 0, 1, 1, 1, 1, 1, 1, 1, 1, 0, 1, 0, 1, 1, 1, 1, 1, 0, 1]"
15.0,14.999618530273438,2.5431314497836865e-05,,"[1, 1, 0, 0, 1, 0, 0, 1, 0, 1, 1, 0, 1, 1, 1, 1, 1, 1, 0, 0, 1, 1, 1, 1, 1]"
20.0,19.999988555908203,5.722046125811175e-07,,"[0, 0, 0, 1, 1, 1, 1, 1, 1, 1, 0, 0, 1, 1, 0, 0, 1, 0, 0, 1, 0, 0, 0, 1, 1]"
30.0,29.999187469482422,2.708435022213962e-05,,"[1, 1, 1, 0, 1, 0, 1, 0, 0, 0, 1, 0, 0, 0, 0, 0, 0, 0, 0, 1, 0, 0, 1, 0, 1]"
45.0,44.99945831298828,1.2037488886562642e-05,,"[0, 0, 1, 0, 0, 0, 0, 0, 1, 0, 0, 1, 0, 1, 0, 1, 0, 0, 0, 0, 0, 0, 1, 0, 0]"
60.0,59.9964599609375,5.900064934394322e-05,,"[0, 1, 1, 0, 1, 1, 0, 1, 0, 0, 0, 0, 0, 0, 1, 0, 0, 0, 0, 0, 0, 0, 0, 0, 0]"
