kappa_target,kappa_optimized,error_optimization,geometry,kappa_BTE,error_model,error_total
12.013442,13.313644781145989,0.1082289936041899,"[1, 1, 0, 0, 0, 1, 1, 1, 1, 1, 0, 1, 0, 1, 1, 1, 1, 1, 1, 1, 1, 0, 1, 0, 1]",14.574216504781097,0.09468269165632663,0.21315910167802843
15.002009,15.001774310339226,1.5669997218579917e-05,"[1, 1, 1, 0, 1, 1, 1, 1, 1, 1, 1, 1, 1, 1, 1, 0, 1, 1, 1, 1, 0, 1, 1, 1, 0]",13.245817978544332,0.11704990992863343,0.11706372269578474
20.000076,20.000120102909754,2.19043986622972e-06,"[1, 1, 1, 0, 1, 1, 0, 1, 0, 0, 1, 0, 1, 0, 1, 1, 1, 0, 0, 0, 0, 1, 1, 1, 0]",20.351307665937604,0.017559272705405225,0.01756151656311726
24.998857,24.99806642074565,3.1644543089696286e-05,"[0, 1, 0, 1, 1, 0, 0, 0, 0, 1, 1, 0, 0, 1, 1, 0, 0, 0, 1, 0, 0, 1, 1, 0, 1]",25.383740756851466,0.015428166707555736,0.015396054181655799
30.000193,30.000712003358306,1.7311927046123278e-05,"[0, 1, 0, 0, 0, 0, 0, 1, 0, 0, 1, 1, 0, 0, 1, 1, 1, 0, 0, 0, 0, 1, 0, 1, 1]",26.883646451277748,0.10389971917105269,0.10388421663561469
44.98466,44.98017553849611,9.97131842031468e-05,"[1, 0, 0, 0, 0, 1, 0, 0, 0, 0, 0, 1, 0, 0, 1, 1, 0, 0, 0, 0, 0, 0, 0, 0, 0]",50.86420331576195,0.13081380200995466,0.1307010726714829
59.99268,59.98183204554321,0.0001808145673291,"[0, 0, 1, 1, 0, 0, 0, 1, 1, 0, 0, 0, 0, 0, 0, 0, 0, 0, 0, 0, 0, 0, 0, 0, 0]",64.48116720008177,0.07501163270775546,0.07481724770558293
90.87158,83.01173954275811,0.0864939545763488,"[0, 0, 0, 0, 0, 0, 0, 0, 0, 0, 0, 0, 0, 0, 0, 0, 0, 0, 0, 0, 0, 0, 0, 0, 0]",157.07577051605483,0.892211527926691,0.7285467086195139
