kappa_target,kappa_optimized,error_optimization,geometry,kappa_BTE,error_model,error_total
12.013442,12.01522617212298,0.0001485113614706,"[1, 1, 1, 1, 1, 1, 1, 1, 1, 1, 1, 0, 0, 1, 1, 1, 1, 1, 0, 1, 1, 1, 1, 1, 1]",16.473614616070716,0.37106154974359346,0.37126517246853286
15.002009,15.001331241206826,4.520398302201699e-05,"[1, 1, 1, 0, 1, 1, 0, 1, 1, 0, 1, 1, 1, 1, 1, 1, 1, 0, 1, 0, 1, 1, 1, 0, 0]",15.645764576139246,0.04295840979514145,0.042911291157020845
20.000076,19.99964458017564,2.158560614120791e-05,"[1, 0, 1, 1, 0, 1, 1, 1, 1, 0, 1, 0, 0, 1, 1, 1, 0, 1, 0, 0, 1, 1, 0, 0, 0]",19.468599444440727,0.02655272865505343,0.026573726797801813
24.998857,24.999152749090385,1.1810576601798152e-05,"[1, 1, 0, 1, 1, 0, 0, 0, 1, 1, 1, 1, 0, 1, 0, 1, 1, 0, 0, 0, 0, 0, 0, 1, 0]",33.154083037716276,0.3262082667550649,0.3262239564679407
30.000193,30.00138227318578,3.965411116031926e-05,"[1, 0, 1, 0, 0, 1, 1, 1, 0, 0, 1, 0, 1, 0, 1, 0, 1, 0, 0, 1, 0, 1, 0, 0, 0]",28.648810789002294,0.045083638875945,0.045045783905380395
44.98466,44.9819701977817,5.981826798925398e-05,"[0, 0, 0, 1, 0, 1, 0, 0, 1, 0, 0, 0, 0, 1, 0, 0, 0, 1, 0, 0, 0, 0, 1, 0, 0]",48.59205824504201,0.08025633451329672,0.08019174191917897
59.99268,59.99117778797858,2.50331870288433e-05,"[0, 0, 0, 0, 0, 0, 0, 0, 0, 0, 1, 1, 0, 0, 0, 0, 0, 0, 0, 0, 0, 1, 0, 0, 0]",66.3419965140448,0.1058625444646435,0.10583485375290443
90.87158,82.6132999054846,0.0908785996806509,"[0, 0, 0, 0, 0, 0, 0, 0, 0, 0, 0, 0, 0, 0, 0, 0, 0, 0, 0, 0, 0, 0, 0, 0, 0]",157.07577051605483,0.9013375654496373,0.7285467086195139
