kappa_target,kappa_optimized,error_optimization,geometry,geometries
12.0,11.999995231628418,3.97364289028701e-07,,"[0, 1, 1, 1, 1, 1, 1, 1, 1, 1, 1, 0, 1, 1, 1, 1, 1, 0, 0, 1, 1, 1, 1, 1, 1]"
15.0,14.999285697937012,4.7620138502679765e-05,,"[0, 1, 0, 1, 1, 1, 1, 1, 1, 0, 1, 1, 1, 1, 1, 1, 0, 0, 0, 0, 1, 1, 1, 0, 1]"
20.0,19.99951934814453,2.403259350103326e-05,,"[1, 1, 0, 0, 1, 1, 1, 1, 1, 1, 1, 1, 0, 1, 1, 1, 1, 0, 0, 0, 1, 0, 0, 0, 0]"
30.0,29.999927520751953,2.4159749045793433e-06,,"[0, 1, 0, 1, 0, 0, 0, 0, 0, 1, 1, 0, 0, 0, 1, 0, 0, 1, 0, 0, 1, 1, 0, 0, 1]"
45.0,44.990989685058594,0.00020022921671625227,,"[1, 1, 0, 0, 0, 0, 0, 0, 0, 0, 1, 1, 1, 0, 0, 0, 0, 0, 1, 0, 1, 0, 0, 0, 0]"
60.0,59.985591888427734,0.0002401351957814768,,"[1, 1, 0, 0, 0, 0, 0, 1, 0, 0, 1, 0, 0, 0, 0, 0, 0, 1, 0, 0, 0, 0, 0, 0, 0]"
