kappa_target,kappa_optimized,error_optimization,geometry,kappa_BTE,error_model,error_total
12.013442,12.12929709665685,0.0096437854185564,"[0, 1, 1, 1, 0, 1, 1, 1, 1, 1, 1, 1, 1, 1, 1, 1, 1, 1, 1, 1, 1, 1, 0, 0, 0]",13.189333236969325,0.08739468840322563,0.09788129305234304
15.002009,15.002670567084712,4.407244941507014e-05,"[0, 1, 1, 1, 0, 0, 1, 1, 1, 1, 1, 0, 1, 1, 1, 0, 1, 1, 1, 0, 1, 1, 1, 1, 1]",15.21488179809484,0.014144897074239013,0.014189619409963081
20.000076,20.000991184832323,4.574436984958964e-05,"[1, 1, 1, 1, 0, 1, 1, 0, 0, 1, 0, 1, 1, 1, 0, 0, 0, 0, 1, 0, 0, 0, 1, 0, 1]",19.721979532531638,0.013949891269002338,0.013904770535290083
24.998857,24.998132225792062,2.901222093579609e-05,"[0, 1, 0, 1, 0, 0, 0, 0, 0, 0, 0, 0, 1, 1, 1, 1, 0, 0, 0, 0, 0, 1, 1, 1, 1]",24.00317641973406,0.03980120582894776,0.039829044194538185
30.000193,30.00107405790497,2.938033443873879e-05,"[0, 1, 0, 0, 0, 0, 1, 1, 1, 0, 1, 0, 0, 0, 0, 1, 0, 1, 0, 0, 1, 0, 1, 1, 0]",30.056920584667623,0.001861484247359431,0.0018909073240836543
44.98466,44.9800249832864,0.0001030599963392,"[0, 0, 0, 0, 0, 1, 0, 0, 1, 0, 0, 0, 0, 0, 0, 0, 0, 1, 0, 1, 0, 1, 0, 0, 0]",42.26402386393623,0.06038238352156039,0.06047919748784958
59.99268,59.98197083915544,0.0001785010581949,"[0, 0, 0, 0, 1, 0, 0, 1, 0, 0, 0, 0, 0, 0, 0, 0, 0, 0, 0, 0, 1, 0, 0, 0, 0]",59.75925773131587,0.003713000835480768,0.003890845827926508
90.87158,83.59602730137338,0.0800641363036313,"[0, 0, 0, 0, 0, 0, 0, 0, 0, 0, 0, 0, 0, 0, 0, 0, 0, 0, 0, 0, 0, 0, 0, 0, 0]",157.07577051605483,0.8789860665241715,0.7285467086195139
