kappa_target,kappa_optimized,error_optimization,geometry,geometries
12.0,12.015413284301758,0.001284440397284925,,"[1, 1, 0, 1, 1, 0, 0, 1, 1, 0, 1, 1, 1, 1, 0, 1, 1, 1, 1, 1, 0, 1, 0, 1, 1]"
15.0,15.000171661376953,1.1444091796875e-05,,"[1, 0, 0, 1, 0, 1, 1, 1, 1, 0, 0, 1, 1, 1, 0, 1, 1, 0, 1, 1, 1, 1, 1, 0, 1]"
20.0,19.999963760375977,1.8119811784345075e-06,,"[1, 1, 1, 0, 1, 1, 1, 1, 0, 1, 0, 1, 1, 0, 1, 0, 1, 1, 1, 0, 1, 1, 0, 0, 1]"
30.0,30.00006866455078,2.28881845032447e-06,,"[0, 0, 1, 0, 1, 0, 0, 0, 0, 0, 0, 0, 1, 0, 0, 1, 0, 0, 1, 1, 1, 0, 1, 1, 0]"
45.0,44.99302673339844,0.00015496148262172937,,"[0, 0, 0, 1, 0, 0, 1, 0, 1, 0, 0, 0, 1, 0, 0, 0, 0, 0, 1, 0, 0, 1, 0, 0, 1]"
60.0,59.986244201660156,0.0002292632998432964,,"[0, 0, 0, 0, 0, 0, 0, 1, 0, 1, 0, 0, 0, 0, 1, 0, 0, 0, 0, 0, 0, 0, 1, 0, 0]"
