kappa_target,kappa_optimized,error_optimization,geometry,kappa_BTE,error_model,error_total
12.013442,13.061051613058812,0.0872031154872547,"[1, 1, 1, 1, 1, 1, 1, 1, 1, 1, 1, 1, 1, 1, 1, 1, 1, 1, 1, 1, 0, 0, 1, 0, 0]",12.36402074395484,0.05336713227647454,0.029182206394706974
15.002009,15.0016142260081,2.6340856497864665e-05,"[1, 1, 1, 1, 0, 0, 1, 1, 1, 1, 1, 1, 1, 1, 1, 1, 1, 1, 1, 0, 0, 0, 1, 0, 1]",14.160855796813234,0.056044530710385405,0.05606937065474134
20.000076,20.00018855419403,5.612991023961839e-06,"[0, 1, 1, 1, 0, 1, 0, 1, 1, 0, 0, 1, 1, 0, 0, 1, 0, 1, 1, 1, 0, 0, 1, 0, 1]",19.895169189646474,0.005250918723240372,0.005245320585458087
24.998857,24.99846569511798,1.5672838288523448e-05,"[0, 1, 1, 1, 0, 1, 0, 0, 1, 0, 1, 1, 0, 1, 0, 0, 1, 0, 0, 1, 0, 1, 1, 0, 0]",25.386772834553582,0.015533238886394428,0.015517342835057672
30.000193,30.000875427058126,2.2759348726701128e-05,"[0, 1, 0, 1, 0, 1, 0, 0, 1, 0, 0, 0, 0, 0, 1, 1, 0, 1, 0, 0, 0, 1, 0, 1, 0]",30.49916750424324,0.01660925123323893,0.016632376473152678
44.98466,44.9938813977056,0.0002049653189497,"[0, 0, 0, 0, 0, 0, 0, 0, 0, 0, 1, 0, 0, 1, 0, 0, 0, 1, 0, 0, 0, 0, 0, 1, 1]",44.153626220752734,0.018674876468775005,0.018473714800717928
59.99268,59.99145949513256,2.0337494889765485e-05,"[0, 0, 0, 0, 0, 0, 0, 1, 1, 0, 0, 0, 0, 0, 0, 0, 0, 0, 0, 0, 0, 0, 1, 0, 0]",63.1466638184337,0.052594225075606654,0.05257281085681956
90.87158,83.04366713186604,0.0861426061306162,"[0, 0, 0, 0, 0, 0, 0, 0, 0, 0, 0, 0, 0, 0, 0, 0, 0, 0, 0, 0, 0, 0, 0, 0, 0]",157.07577051605483,0.8914840341363094,0.7285467086195139
