kappa_target,kappa_optimized,error_optimization,geometry,geometries
12.0,12.000126838684082,1.056989003700437e-05,,"[1, 1, 1, 1, 1, 1, 1, 0, 1, 0, 1, 1, 1, 1, 1, 1, 0, 1, 1, 1, 1, 0, 1, 0, 1]"
15.0,14.999195098876953,5.3660074627259746e-05,,"[0, 1, 1, 1, 1, 1, 1, 0, 1, 1, 0, 1, 1, 1, 1, 0, 0, 0, 0, 1, 1, 1, 1, 0, 1]"
20.0,19.999181747436523,4.091262962901965e-05,,"[1, 1, 0, 0, 1, 1, 1, 0, 1, 0, 0, 1, 0, 0, 0, 1, 1, 1, 0, 0, 1, 1, 0, 1, 0]"
30.0,29.999528884887695,1.5703837561886758e-05,,"[1, 0, 1, 1, 1, 1, 0, 0, 0, 0, 1, 0, 1, 1, 0, 0, 1, 0, 0, 0, 0, 0, 0, 0, 0]"
45.0,45.006568908691406,0.00014597574772778898,,"[0, 0, 0, 0, 0, 0, 0, 0, 0, 1, 0, 0, 0, 0, 0, 1, 0, 0, 1, 1, 0, 0, 1, 0, 0]"
60.0,59.98589324951172,0.0002351125149289146,,"[0, 0, 0, 1, 0, 0, 0, 0, 1, 1, 0, 0, 0, 1, 0, 0, 0, 1, 0, 0, 0, 0, 0, 0, 0]"
