kappa_target,kappa_optimized,error_optimization,geometry,geometries
12.0,11.997718811035156,0.00019009907555300742,,"[1, 0, 1, 0, 0, 1, 1, 1, 0, 0, 1, 0, 0, 1, 0, 1, 1, 1, 1, 1, 1, 1, 0, 0, 1]"
15.0,15.000020980834961,1.3987223610456567e-06,,"[1, 0, 0, 0, 1, 0, 1, 1, 1, 0, 1, 1, 0, 1, 0, 1, 1, 1, 0, 1, 1, 1, 1, 1, 1]"
20.0,19.9987850189209,6.0749054682673886e-05,,"[1, 1, 0, 0, 1, 0, 1, 0, 0, 1, 1, 1, 1, 1, 0, 1, 0, 1, 1, 1, 0, 1, 1, 0, 0]"
30.0,29.999801635742188,6.6121419877163135e-06,,"[0, 1, 0, 1, 0, 1, 0, 1, 0, 1, 0, 0, 1, 0, 0, 0, 1, 0, 0, 0, 1, 1, 0, 1, 0]"
45.0,45.001670837402344,3.7129721022211015e-05,,"[1, 0, 0, 0, 0, 1, 0, 1, 0, 0, 0, 0, 1, 0, 0, 0, 1, 1, 1, 0, 0, 0, 0, 0, 0]"
60.0,59.98937225341797,0.00017712911358103156,,"[0, 0, 0, 1, 1, 0, 0, 0, 0, 1, 0, 0, 0, 0, 1, 0, 0, 0, 1, 0, 0, 0, 0, 1, 0]"
