kappa_target,kappa_optimized,error_optimization,geometry,kappa_BTE,error_model,error_total
12.013442,13.051458292559609,0.0864045666227687,"[1, 1, 1, 1, 1, 1, 1, 1, 0, 1, 1, 1, 0, 1, 1, 0, 0, 1, 1, 1, 1, 1, 1, 1, 0]",18.712840535276825,0.4337739213360291,0.5576585407643226
15.002009,15.00165741364694,2.3462066216290985e-05,"[1, 1, 1, 1, 1, 1, 1, 1, 1, 1, 0, 1, 1, 0, 0, 1, 1, 1, 0, 0, 1, 1, 1, 1, 1]",13.476169812941816,0.10168793744865788,0.1017089902464519
20.000076,19.999066460994225,5.049145494475863e-05,"[1, 0, 1, 0, 1, 1, 0, 1, 0, 0, 1, 1, 1, 1, 0, 1, 0, 1, 0, 0, 1, 1, 1, 1, 1]",17.233834626633513,0.13826804564872888,0.13831154308446064
24.998857,24.99820919489455,2.5933316130278592e-05,"[1, 0, 0, 1, 0, 1, 0, 0, 0, 0, 1, 0, 1, 0, 0, 0, 1, 1, 0, 1, 1, 1, 0, 1, 0]",26.378763615603482,0.05522613279798006,0.0551987883127409
30.000193,30.001341010901783,3.827871052588832e-05,"[1, 0, 1, 1, 0, 0, 1, 0, 0, 0, 1, 0, 0, 0, 0, 1, 1, 0, 0, 1, 0, 1, 0, 0, 0]",29.729506380299703,0.00906074933461477,0.009022829276474853
44.98466,44.98520598717226,1.2112681611548425e-05,"[0, 1, 1, 0, 0, 0, 0, 1, 0, 0, 1, 1, 1, 0, 0, 0, 0, 0, 0, 0, 0, 1, 0, 0, 0]",43.097807020305325,0.04195599254130643,0.04194436458327513
59.99268,59.95364638550009,0.0006506328890468,"[0, 0, 0, 0, 1, 0, 0, 0, 0, 0, 1, 0, 0, 0, 0, 0, 0, 0, 0, 1, 0, 0, 0, 0, 0]",64.51086615823625,0.07601238702702716,0.07531229073674078
90.87158,83.88931783663173,0.0768366087454835,"[0, 0, 0, 0, 0, 0, 0, 0, 0, 0, 0, 0, 0, 0, 0, 0, 0, 0, 0, 0, 0, 0, 0, 0, 0]",157.07577051605483,0.872416829302967,0.7285467086195139
