kappa_target,kappa_optimized,error_optimization,geometry,geometries
12.0,12.00246810913086,0.00020567576575558633,,"[1, 1, 0, 1, 1, 0, 1, 1, 1, 0, 1, 0, 1, 1, 1, 1, 1, 1, 1, 0, 0, 1, 1, 1, 1]"
15.0,14.999656677246094,2.288818359375e-05,,"[1, 1, 1, 0, 1, 1, 1, 1, 1, 0, 0, 0, 1, 1, 1, 1, 1, 0, 1, 0, 1, 1, 1, 1, 1]"
20.0,19.999309539794922,3.452301098150201e-05,,"[1, 1, 0, 0, 0, 0, 0, 1, 1, 1, 1, 1, 0, 1, 1, 0, 0, 0, 1, 0, 1, 0, 1, 1, 1]"
30.0,29.998577117919922,4.7429402911802754e-05,,"[0, 0, 0, 0, 1, 0, 1, 1, 1, 0, 0, 1, 0, 1, 0, 1, 0, 1, 0, 0, 0, 0, 1, 1, 0]"
45.0,45.002201080322266,4.8912894271779805e-05,,"[0, 0, 0, 0, 0, 0, 0, 0, 1, 1, 1, 0, 0, 0, 0, 0, 0, 0, 0, 1, 0, 1, 0, 0, 0]"
60.0,60.01144790649414,0.00019079844059888273,,"[0, 0, 0, 1, 0, 0, 0, 0, 0, 0, 0, 0, 0, 0, 1, 0, 0, 0, 0, 0, 0, 0, 0, 1, 0]"
