kappa_target,kappa_optimized,error_optimization,geometry,var_optimized,geometries
45.0,45.12366600036758,0.002748133341501734,,0.7954494392324675,"[[1.0, 1.0, 1.0, 1.0, 0.0, 1.0, 1.0, 1.0, 1.0, 1.0, 1.0, 0.0, 1.0, 1.0, 1.0, 1.0, 0.0, 1.0, 0.0, 0.0, 0.0, 1.0, 1.0, 1.0, 1.0]]"
